phase,iteration,churned,generation,input_target,input_validation,output_target,output_validation,visited_chunks,elapsed_us,candidate_bytes,deep_arrival,reached_end,valid
mutation,0,1,200009,115204096,0,115204096,56184944,195087,10000.770,0,0,0,1
mutation,1,1,200011,115204096,0,115204096,60059696,208541,10000.730,0,0,0,1
mutation,2,1,200013,115204096,0,115204096,60301616,209381,10000.708,0,0,0,1
mutation,3,1,200015,115204096,0,115204096,60419072,209788,10000.691,0,0,0,1
mutation,4,1,200017,115204096,0,115204096,60328064,209472,10000.698,0,0,0,1
mutation,5,1,200019,115204096,0,115204096,60346544,209537,10000.658,0,0,0,1
mutation,6,1,200021,115204096,0,115204096,60418544,209787,10001.252,0,0,0,1
mutation,7,1,200023,115204096,0,115204096,60378224,209647,10000.715,0,0,0,1
mutation,8,1,200025,115204096,0,115204096,60454256,209911,10000.678,0,0,0,1
mutation,9,1,200027,115204096,0,115204096,60434048,209840,10000.678,0,0,0,1
mutation,10,1,200029,115204096,0,115204096,60417344,209782,10000.684,0,0,0,1
mutation,11,1,200031,115204096,0,115204096,60443312,209873,10000.707,0,0,0,1
mutation,12,1,200033,115204096,0,115204096,60438128,209855,10000.687,0,0,0,1
mutation,13,1,200035,115204096,0,115204096,60455360,209914,10000.678,0,0,0,1
mutation,14,1,200037,115204096,0,115204096,60385088,209670,10000.655,0,0,0,1
mutation,15,1,200039,115204096,0,115204096,60477872,209993,10000.720,0,0,0,1
mutation,16,1,200041,115204096,0,115204096,60578096,210341,10000.639,0,0,0,1
mutation,17,1,200043,115204096,0,115204096,60442688,209870,10000.675,0,0,0,1
mutation,18,1,200045,115204096,0,115204096,60554432,210258,10000.662,0,0,0,1
mutation,19,1,200047,115204096,0,115204096,60431744,209832,10000.653,0,0,0,1
mutation,20,1,200049,115204096,0,115204096,60450800,209899,10000.670,0,0,0,1
mutation,21,1,200051,115204096,0,115204096,60526832,210163,10000.711,0,0,0,1
mutation,22,1,200053,115204096,0,115204096,60452480,209904,10000.661,0,0,0,1
mutation,23,1,200055,115204096,0,115204096,60433520,209839,10000.664,0,0,0,1
mutation,24,1,200057,115204096,0,115204096,60392624,209697,10000.649,0,0,0,1
mutation,25,1,200059,115204096,0,115204096,60439280,209859,10000.644,0,0,0,1
mutation,26,1,200061,115204096,0,115204096,60529136,210171,10000.685,0,0,0,1
mutation,27,1,200063,115204096,0,115204096,60481904,210007,10000.670,0,0,0,1
mutation,28,1,200065,115204096,0,115204096,60375872,209638,10000.649,0,0,0,1
mutation,29,1,200067,115204096,0,115204096,60333872,209493,10000.644,0,0,0,1
mutation,30,1,200069,115204096,0,115204096,60477872,209993,10000.696,0,0,0,1
mutation,31,1,200071,115204096,0,115204096,60522800,210149,10000.693,0,0,0,1
mutation,32,1,200073,115204096,0,115204096,60405872,209743,10000.679,0,0,0,1
mutation,33,1,200075,115204096,0,115204096,60498608,210065,10000.680,0,0,0,1
mutation,34,1,200077,115204096,0,115204096,60416816,209781,10000.690,0,0,0,1
mutation,35,1,200079,115204096,0,115204096,60472688,209975,10000.694,0,0,0,1
mutation,36,1,200081,115204096,0,115204096,60527936,210166,10000.653,0,0,0,1
mutation,37,1,200083,115204096,0,115204096,60379376,209651,10000.679,0,0,0,1
mutation,38,1,200085,115204096,0,115204096,60387440,209679,10000.722,0,0,0,1
mutation,39,1,200087,115204096,0,115204096,60423152,209803,10000.666,0,0,0,1
mutation,40,1,200089,115204096,0,115204096,60450224,209897,10000.650,0,0,0,1
mutation,41,1,200091,115204096,0,115204096,60508976,210101,10000.660,0,0,0,1
mutation,42,1,200093,115204096,0,115204096,60436976,209851,10000.644,0,0,0,1
mutation,43,1,200095,115204096,0,115204096,60426032,209813,10000.668,0,0,0,1
mutation,44,1,200097,115204096,0,115204096,60528560,210169,10000.658,0,0,0,1
mutation,45,1,200099,115204096,0,115204096,60513536,210116,10000.661,0,0,0,1
mutation,46,1,200101,115204096,0,115204096,60495728,210055,10000.653,0,0,0,1
mutation,47,1,200103,115204096,0,115204096,60513008,210115,10000.665,0,0,0,1
mutation,48,1,200105,115204096,0,115204096,60322304,209452,10000.661,0,0,0,1
mutation,49,1,200107,115204096,0,115204096,60195056,209011,10000.688,0,0,0,1
mutation,50,1,200109,115204096,0,115204096,60431216,209831,10000.655,0,0,0,1
mutation,51,1,200111,115204096,0,115204096,60442112,209868,10000.655,0,0,0,1
mutation,52,1,200113,115204096,0,115204096,60499184,210067,10000.878,0,0,0,1
mutation,53,1,200115,115204096,0,115204096,60362624,209592,10000.874,0,0,0,1
mutation,54,1,200117,115204096,0,115204096,60492272,210043,10000.941,0,0,0,1
mutation,55,1,200119,115204096,0,115204096,60432944,209837,10000.930,0,0,0,1
mutation,56,1,200121,115204096,0,115204096,60469808,209965,10000.962,0,0,0,1
mutation,57,1,200123,115204096,0,115204096,60453680,209909,10000.894,0,0,0,1
mutation,58,1,200125,115204096,0,115204096,60178352,208953,10000.880,0,0,0,1
mutation,59,1,200127,115204096,0,115204096,59752112,207473,10000.911,0,0,0,1
mutation,60,1,200129,115204096,0,115204096,60427184,209817,10000.934,0,0,0,1
mutation,61,1,200131,115204096,0,115204096,60033200,208449,10000.935,0,0,0,1
mutation,62,1,200133,115204096,0,115204096,59776880,207559,10000.900,0,0,0,1
mutation,63,1,200135,115204096,0,115204096,60266480,209259,10000.853,0,0,0,1
mutation,64,1,200137,115204096,0,115204096,60101168,208685,10000.915,0,0,0,1
mutation,65,1,200139,115204096,0,115204096,60411632,209763,10000.944,0,0,0,1
mutation,66,1,200141,115204096,0,115204096,59284976,205851,10000.955,0,0,0,1
mutation,67,1,200143,115204096,0,115204096,59590832,206913,10000.723,0,0,0,1
mutation,68,1,200145,115204096,0,115204096,60204800,209044,10000.631,0,0,0,1
mutation,69,1,200147,115204096,0,115204096,59869616,207881,10000.695,0,0,0,1
mutation,70,1,200149,115204096,0,115204096,60290096,209341,10000.656,0,0,0,1
mutation,71,1,200151,115204096,0,115204096,60447344,209887,10000.681,0,0,0,1
mutation,72,1,200153,115204096,0,115204096,60544640,210224,10000.665,0,0,0,1
mutation,73,1,200155,115204096,0,115204096,60449648,209895,10000.663,0,0,0,1
mutation,74,1,200157,115204096,0,115204096,60503168,210080,10000.658,0,0,0,1
mutation,75,1,200159,115204096,0,115204096,60521024,210142,10000.659,0,0,0,1
mutation,76,1,200161,115204096,0,115204096,60441008,209865,10000.691,0,0,0,1
mutation,77,1,200163,115204096,0,115204096,60507200,210094,10000.643,0,0,0,1
mutation,78,1,200165,115204096,0,115204096,60386240,209674,10000.662,0,0,0,1
mutation,79,1,200167,115204096,0,115204096,60470960,209969,10000.665,0,0,0,1
mutation,80,1,200169,115204096,0,115204096,60477872,209993,10000.722,0,0,0,1
mutation,81,1,200171,115204096,0,115204096,60504368,210085,10000.694,0,0,0,1
mutation,82,1,200173,115204096,0,115204096,60543536,210221,10000.800,0,0,0,1
mutation,83,1,200175,115204096,0,115204096,60410480,209759,10000.657,0,0,0,1
mutation,84,1,200177,115204096,0,115204096,60348272,209543,10000.667,0,0,0,1
mutation,85,1,200179,115204096,0,115204096,60426608,209815,10000.673,0,0,0,1
mutation,86,1,200181,115204096,0,115204096,60510080,210104,10000.681,0,0,0,1
mutation,87,1,200183,115204096,0,115204096,60455984,209917,10000.647,0,0,0,1
mutation,88,1,200185,115204096,0,115204096,60476096,209986,10000.643,0,0,0,1
mutation,89,1,200187,115204096,0,115204096,60517616,210131,10000.676,0,0,0,1
mutation,90,1,200189,115204096,0,115204096,60438080,209854,10000.656,0,0,0,1
mutation,91,1,200191,115204096,0,115204096,60566000,210299,10000.741,0,0,0,1
mutation,92,1,200193,115204096,0,115204096,60420272,209793,10000.662,0,0,0,1
mutation,93,1,200195,115204096,0,115204096,60438656,209856,10000.658,0,0,0,1
mutation,94,1,200197,115204096,0,115204096,60507824,210097,10000.711,0,0,0,1
mutation,95,1,200199,115204096,0,115204096,60429440,209824,10000.655,0,0,0,1
mutation,96,1,200201,115204096,0,115204096,60513008,210115,10000.649,0,0,0,1
mutation,97,1,200203,115204096,0,115204096,60437504,209852,10000.644,0,0,0,1
mutation,98,1,200205,115204096,0,115204096,60442160,209869,10000.685,0,0,0,1
mutation,99,1,200207,115204096,0,115204096,60396080,209709,10000.648,0,0,0,1
mutation,100,1,200209,115204096,0,115204096,60552128,210250,10000.647,0,0,0,1
mutation,101,1,200211,115204096,0,115204096,60483584,210012,10000.667,0,0,0,1
mutation,102,1,200213,115204096,0,115204096,60485936,210021,10000.695,0,0,0,1
mutation,103,1,200215,115204096,0,115204096,60557312,210268,10000.669,0,0,0,1
mutation,104,1,200217,115204096,0,115204096,60474368,209980,10000.643,0,0,0,1
mutation,105,1,200219,115204096,0,115204096,60477296,209991,10000.931,0,0,0,1
mutation,106,1,200221,115204096,0,115204096,60362048,209590,10001.415,0,0,0,1
mutation,107,1,200223,115204096,0,115204096,60551600,210249,10000.930,0,0,0,1
mutation,108,1,200225,115204096,0,115204096,60499712,210068,10000.898,0,0,0,1
mutation,109,1,200227,115204096,0,115204096,60305072,209393,10000.652,0,0,0,1
mutation,110,1,200229,115204096,0,115204096,60457712,209923,10000.651,0,0,0,1
mutation,111,1,200231,115204096,0,115204096,60453632,209908,10000.653,0,0,0,1
mutation,112,1,200233,115204096,0,115204096,60473840,209979,10000.758,0,0,0,1
mutation,113,1,200235,115204096,0,115204096,60417392,209783,10000.654,0,0,0,1
mutation,114,1,200237,115204096,0,115204096,60419696,209791,10000.647,0,0,0,1
mutation,115,1,200239,115204096,0,115204096,60480176,210001,10000.698,0,0,0,1
mutation,116,1,200241,115204096,0,115204096,60460016,209931,10000.658,0,0,0,1
mutation,117,1,200243,115204096,0,115204096,60459440,209929,10000.674,0,0,0,1
mutation,118,1,200245,115204096,0,115204096,60392048,209695,10000.666,0,0,0,1
mutation,119,1,200247,115204096,0,115204096,60571184,210317,10000.752,0,0,0,1
mutation,120,1,200249,115204096,0,115204096,60518192,210133,10000.653,0,0,0,1
mutation,121,1,200251,115204096,0,115204096,60475568,209985,10000.688,0,0,0,1
mutation,122,1,200253,115204096,0,115204096,60452528,209905,10000.689,0,0,0,1
mutation,123,1,200255,115204096,0,115204096,60419120,209789,10000.688,0,0,0,1
mutation,124,1,200257,115204096,0,115204096,60541760,210214,10000.640,0,0,0,1
mutation,125,1,200259,115204096,0,115204096,60409856,209756,10000.666,0,0,0,1
mutation,126,1,200261,115204096,0,115204096,60440432,209863,10000.668,0,0,0,1
mutation,127,1,200263,115204096,0,115204096,60470336,209966,10000.654,0,0,0,1
mutation,128,1,200265,115204096,0,115204096,60353984,209562,10000.640,0,0,0,1
mutation,129,1,200267,115204096,0,115204096,60531968,210180,10000.671,0,0,0,1
mutation,130,1,200269,115204096,0,115204096,60487088,210025,10000.658,0,0,0,1
mutation,131,1,200271,115204096,0,115204096,60262400,209244,10000.672,0,0,0,1
mutation,132,1,200273,115204096,0,115204096,60401840,209729,10000.685,0,0,0,1
mutation,133,1,200275,115204096,0,115204096,60543536,210221,10000.707,0,0,0,1
mutation,134,1,200277,115204096,0,115204096,60422000,209799,10000.658,0,0,0,1
mutation,135,1,200279,115204096,0,115204096,60396656,209711,10000.628,0,0,0,1
mutation,136,1,200281,115204096,0,115204096,60506672,210093,10000.692,0,0,0,1
mutation,137,1,200283,115204096,0,115204096,60430592,209828,10000.642,0,0,0,1
mutation,138,1,200285,115204096,0,115204096,60343088,209525,10000.666,0,0,0,1
mutation,139,1,200287,115204096,0,115204096,60264176,209251,10000.644,0,0,0,1
mutation,140,1,200289,115204096,0,115204096,60384512,209668,10000.639,0,0,0,1
mutation,141,1,200291,115204096,0,115204096,60438656,209856,10000.665,0,0,0,1
mutation,142,1,200293,115204096,0,115204096,60447344,209887,10000.643,0,0,0,1
mutation,143,1,200295,115204096,0,115204096,60440960,209864,10000.667,0,0,0,1
mutation,144,1,200297,115204096,0,115204096,60432368,209835,10000.680,0,0,0,1
mutation,145,1,200299,115204096,0,115204096,60434672,209843,10000.656,0,0,0,1
mutation,146,1,200301,115204096,0,115204096,60289520,209339,10000.712,0,0,0,1
mutation,147,1,200303,115204096,0,115204096,59837360,207769,10000.640,0,0,0,1
mutation,148,1,200305,115204096,0,115204096,60168512,208918,10000.657,0,0,0,1
mutation,149,1,200307,115204096,0,115204096,59943920,208139,10000.694,0,0,0,1
mutation,150,1,200309,115204096,0,115204096,60234752,209148,10000.651,0,0,0,1
mutation,151,1,200311,115204096,0,115204096,60330416,209481,10000.712,0,0,0,1
mutation,152,1,200313,115204096,0,115204096,60409328,209755,10000.668,0,0,0,1
mutation,153,1,200315,115204096,0,115204096,60358064,209577,10000.653,0,0,0,1
mutation,154,1,200317,115204096,0,115204096,60397808,209715,10000.645,0,0,0,1
mutation,155,1,200319,115204096,0,115204096,60418544,209787,10000.650,0,0,0,1
mutation,156,1,200321,115204096,0,115204096,60434672,209843,10000.691,0,0,0,1
mutation,157,1,200323,115204096,0,115204096,60470384,209967,10000.911,0,0,0,1
mutation,158,1,200325,115204096,0,115204096,60427760,209819,10000.924,0,0,0,1
mutation,159,1,200327,115204096,0,115204096,60449648,209895,10000.925,0,0,0,1
mutation,160,1,200329,115204096,0,115204096,60389744,209687,10000.917,0,0,0,1
mutation,161,1,200331,115204096,0,115204096,60348848,209545,10000.899,0,0,0,1
mutation,162,1,200333,115204096,0,115204096,60450224,209897,10000.879,0,0,0,1
mutation,163,1,200335,115204096,0,115204096,60386240,209674,10000.893,0,0,0,1
mutation,164,1,200337,115204096,0,115204096,60444992,209878,10000.896,0,0,0,1
mutation,165,1,200339,115204096,0,115204096,60431792,209833,10000.916,0,0,0,1
mutation,166,1,200341,115204096,0,115204096,60371312,209623,10000.918,0,0,0,1
mutation,167,1,200343,115204096,0,115204096,60503216,210081,10000.882,0,0,0,1
mutation,168,1,200345,115204096,0,115204096,60385136,209671,10000.899,0,0,0,1
mutation,169,1,200347,115204096,0,115204096,60326960,209469,10000.884,0,0,0,1
mutation,170,1,200349,115204096,0,115204096,60377648,209645,10000.907,0,0,0,1
mutation,171,1,200351,115204096,0,115204096,60447344,209887,10000.936,0,0,0,1
mutation,172,1,200353,115204096,0,115204096,60316544,209432,10000.885,0,0,0,1
mutation,173,1,200355,115204096,0,115204096,60313712,209423,10000.943,0,0,0,1
mutation,174,1,200357,115204096,0,115204096,60438128,209855,10000.932,0,0,0,1
mutation,175,1,200359,115204096,0,115204096,60519920,210139,10000.897,0,0,0,1
mutation,176,1,200361,115204096,0,115204096,60476144,209987,10000.889,0,0,0,1
mutation,177,1,200363,115204096,0,115204096,60387440,209679,10000.933,0,0,0,1
mutation,178,1,200365,115204096,0,115204096,60309632,209408,10000.879,0,0,0,1
mutation,179,1,200367,115204096,0,115204096,60474944,209982,10000.887,0,0,0,1
mutation,180,1,200369,115204096,0,115204096,60427712,209818,10000.891,0,0,0,1
mutation,181,1,200371,115204096,0,115204096,60370688,209620,10000.904,0,0,0,1
mutation,182,1,200373,115204096,0,115204096,60426032,209813,10000.931,0,0,0,1
mutation,183,1,200375,115204096,0,115204096,60505472,210088,10000.879,0,0,0,1
mutation,184,1,200377,115204096,0,115204096,60408176,209751,10000.923,0,0,0,1
mutation,185,1,200379,115204096,0,115204096,60420272,209793,10000.893,0,0,0,1
mutation,186,1,200381,115204096,0,115204096,60500288,210070,10000.919,0,0,0,1
mutation,187,1,200383,115204096,0,115204096,60507824,210097,10000.931,0,0,0,1
mutation,188,1,200385,115204096,0,115204096,60482480,210009,10000.881,0,0,0,1
mutation,189,1,200387,115204096,0,115204096,60441584,209867,10000.893,0,0,0,1
mutation,190,1,200389,115204096,0,115204096,60543488,210220,10000.883,0,0,0,1
mutation,191,1,200391,115204096,0,115204096,60503216,210081,10000.898,0,0,0,1
mutation,192,1,200393,115204096,0,115204096,60511280,210109,10000.939,0,0,0,1
mutation,193,1,200395,115204096,0,115204096,60444416,209876,10000.904,0,0,0,1
mutation,194,1,200397,115204096,0,115204096,60486464,210022,10000.895,0,0,0,1
mutation,195,1,200399,115204096,0,115204096,60374144,209632,10000.881,0,0,0,1
mutation,196,1,200401,115204096,0,115204096,60488192,210028,10000.886,0,0,0,1
mutation,197,1,200403,115204096,0,115204096,60391472,209693,10000.923,0,0,0,1
mutation,198,1,200405,115204096,0,115204096,60459440,209929,10000.871,0,0,0,1
mutation,199,1,200407,115204096,0,115204096,60493376,210046,10000.880,0,0,0,1
mutation,200,1,200409,115204096,0,115204096,60450752,209898,10000.914,0,0,0,1
mutation,201,1,200411,115204096,0,115204096,60403568,209735,10000.929,0,0,0,1
mutation,202,1,200413,115204096,0,115204096,60349952,209548,10000.896,0,0,0,1
mutation,203,1,200415,115204096,0,115204096,60497456,210061,10000.877,0,0,0,1
mutation,204,1,200417,115204096,0,115204096,60398960,209719,10000.881,0,0,0,1
mutation,205,1,200419,115204096,0,115204096,60561344,210282,10000.913,0,0,0,1
mutation,206,1,200421,115204096,0,115204096,60372992,209628,10001.369,0,0,0,1
mutation,207,1,200423,115204096,0,115204096,60395504,209707,10000.900,0,0,0,1
mutation,208,1,200425,115204096,0,115204096,60459968,209930,10000.878,0,0,0,1
mutation,209,1,200427,115204096,0,115204096,60527984,210167,10000.940,0,0,0,1
mutation,210,1,200429,115204096,0,115204096,60460592,209933,10000.931,0,0,0,1
mutation,211,1,200431,115204096,0,115204096,60459392,209928,10000.885,0,0,0,1
mutation,212,1,200433,115204096,0,115204096,60463472,209943,10000.930,0,0,0,1
mutation,213,1,200435,115204096,0,115204096,60433520,209839,10000.883,0,0,0,1
mutation,214,1,200437,115204096,0,115204096,60438080,209854,10000.903,0,0,0,1
mutation,215,1,200439,115204096,0,115204096,60443840,209874,10000.893,0,0,0,1
mutation,216,1,200441,115204096,0,115204096,60500912,210073,10000.914,0,0,0,1
mutation,217,1,200443,115204096,0,115204096,60409904,209757,10000.918,0,0,0,1
mutation,218,1,200445,115204096,0,115204096,60571184,210317,10000.939,0,0,0,1
mutation,219,1,200447,115204096,0,115204096,60415664,209777,10000.884,0,0,0,1
mutation,220,1,200449,115204096,0,115204096,60473840,209979,10000.879,0,0,0,1
mutation,221,1,200451,115204096,0,115204096,60370736,209621,10000.933,0,0,0,1
mutation,222,1,200453,115204096,0,115204096,60434672,209843,10000.926,0,0,0,1
mutation,223,1,200455,115204096,0,115204096,60430016,209826,10000.912,0,0,0,1
mutation,224,1,200457,115204096,0,115204096,60498608,210065,10000.889,0,0,0,1
mutation,225,1,200459,115204096,0,115204096,60409328,209755,10000.870,0,0,0,1
mutation,226,1,200461,115204096,0,115204096,60456512,209918,10000.883,0,0,0,1
mutation,227,1,200463,115204096,0,115204096,60588464,210377,10000.993,0,0,0,1
mutation,228,1,200465,115204096,0,115204096,60466352,209953,10000.916,0,0,0,1
mutation,229,1,200467,115204096,0,115204096,60423104,209802,10000.881,0,0,0,1
mutation,230,1,200469,115204096,0,115204096,60447296,209886,10000.879,0,0,0,1
mutation,231,1,200471,115204096,0,115204096,60492800,210044,10000.896,0,0,0,1
mutation,232,1,200473,115204096,0,115204096,60394352,209703,10000.929,0,0,0,1
mutation,233,1,200475,115204096,0,115204096,60476096,209986,10000.910,0,0,0,1
mutation,234,1,200477,115204096,0,115204096,60385712,209673,10000.882,0,0,0,1
mutation,235,1,200479,115204096,0,115204096,60423152,209803,10000.887,0,0,0,1
mutation,236,1,200481,115204096,0,115204096,61232960,212614,10000.895,0,0,0,1
mutation,237,1,200483,115204096,0,115204096,60321728,209450,10000.901,0,0,0,1
mutation,238,1,200485,115204096,0,115204096,60402992,209733,10000.902,0,0,0,1
mutation,239,1,200487,115204096,0,115204096,60386288,209675,10000.928,0,0,0,1
mutation,240,1,200489,115204096,0,115204096,60430016,209826,10000.895,0,0,0,1
mutation,241,1,200491,115204096,0,115204096,60469808,209965,10000.971,0,0,0,1
mutation,242,1,200493,115204096,0,115204096,60408176,209751,10000.903,0,0,0,1
mutation,243,1,200495,115204096,0,115204096,61281392,212783,10000.959,0,0,0,1
mutation,244,1,200497,115204096,0,115204096,60337904,209507,10000.879,0,0,0,1
mutation,245,1,200499,115204096,0,115204096,60347648,209540,10000.891,0,0,0,1
mutation,246,1,200501,115204096,0,115204096,60485360,210019,10000.938,0,0,0,1
mutation,247,1,200503,115204096,0,115204096,60360944,209587,10000.939,0,0,0,1
mutation,248,1,200505,115204096,0,115204096,60327536,209471,10000.904,0,0,0,1
mutation,249,1,200507,115204096,0,115204096,60453680,209909,10000.901,0,0,0,1
mutation,250,1,200509,115204096,0,115204096,60460016,209931,10000.889,0,0,0,1
mutation,251,1,200511,115204096,0,115204096,60395504,209707,10000.900,0,0,0,1
mutation,252,1,200513,115204096,0,115204096,60397760,209714,10000.900,0,0,0,1
mutation,253,1,200515,115204096,0,115204096,60404144,209737,10000.910,0,0,0,1
mutation,254,1,200517,115204096,0,115204096,60424880,209809,10000.890,0,0,0,1
mutation,255,1,200519,115204096,0,115204096,60343088,209525,10000.888,0,0,0,1
mutation,256,1,200521,115204096,0,115204096,60459392,209928,10000.911,0,0,0,1
mutation,257,1,200523,115204096,0,115204096,60444992,209878,10000.889,0,0,0,1
mutation,258,1,200525,115204096,0,115204096,60474992,209983,10000.909,0,0,0,1
mutation,259,1,200527,115204096,0,115204096,60432368,209835,10000.881,0,0,0,1
mutation,260,1,200529,115204096,0,115204096,60458864,209927,10000.909,0,0,0,1
mutation,261,1,200531,115204096,0,115204096,60448448,209890,10000.893,0,0,0,1
mutation,262,1,200533,115204096,0,115204096,60514736,210121,10000.952,0,0,0,1
mutation,263,1,200535,115204096,0,115204096,60455360,209914,10000.883,0,0,0,1
mutation,264,1,200537,115204096,0,115204096,60402416,209731,10000.896,0,0,0,1
mutation,265,1,200539,115204096,0,115204096,60538352,210203,10000.934,0,0,0,1
mutation,266,1,200541,115204096,0,115204096,60421424,209797,10000.936,0,0,0,1
mutation,267,1,200543,115204096,0,115204096,60400688,209725,10000.894,0,0,0,1
mutation,268,1,200545,115204096,0,115204096,60484784,210017,10000.915,0,0,0,1
mutation,269,1,200547,115204096,0,115204096,60317696,209436,10000.870,0,0,0,1
mutation,270,1,200549,115204096,0,115204096,60481904,210007,10000.918,0,0,0,1
mutation,271,1,200551,115204096,0,115204096,60442688,209870,10000.903,0,0,0,1
mutation,272,1,200553,115204096,0,115204096,60420272,209793,10000.933,0,0,0,1
mutation,273,1,200555,115204096,0,115204096,60518192,210133,10000.929,0,0,0,1
mutation,274,1,200557,115204096,0,115204096,60414512,209773,10000.910,0,0,0,1
mutation,275,1,200559,115204096,0,115204096,60483056,210011,10000.888,0,0,0,1
mutation,276,1,200561,115204096,0,115204096,60521600,210144,10000.889,0,0,0,1
mutation,277,1,200563,115204096,0,115204096,60432944,209837,10000.958,0,0,0,1
mutation,278,1,200565,115204096,0,115204096,60356912,209573,10000.912,0,0,0,1
mutation,279,1,200567,115204096,0,115204096,60490544,210037,10000.893,0,0,0,1
mutation,280,1,200569,115204096,0,115204096,60467504,209957,10000.909,0,0,0,1
mutation,281,1,200571,115204096,0,115204096,60500288,210070,10005.679,0,0,0,1
mutation,282,1,200573,115204096,0,115204096,60511808,210110,10000.670,0,0,0,1
mutation,283,1,200575,115204096,0,115204096,60434048,209840,10000.649,0,0,0,1
mutation,284,1,200577,115204096,0,115204096,60529712,210173,10000.650,0,0,0,1
mutation,285,1,200579,115204096,0,115204096,60527408,210165,10000.658,0,0,0,1
mutation,286,1,200581,115204096,0,115204096,60374192,209633,10000.677,0,0,0,1
mutation,287,1,200583,115204096,0,115204096,60455984,209917,10000.686,0,0,0,1
mutation,288,1,200585,115204096,0,115204096,60508352,210098,10000.635,0,0,0,1
mutation,289,1,200587,115204096,0,115204096,60415664,209777,10000.687,0,0,0,1
mutation,290,1,200589,115204096,0,115204096,60481328,210005,10000.671,0,0,0,1
mutation,291,1,200591,115204096,0,115204096,60522800,210149,10000.670,0,0,0,1
mutation,292,1,200593,115204096,0,115204096,60434096,209841,10000.655,0,0,0,1
mutation,293,1,200595,115204096,0,115204096,60524528,210155,10000.660,0,0,0,1
mutation,294,1,200597,115204096,0,115204096,60476720,209989,10000.690,0,0,0,1
mutation,295,1,200599,115204096,0,115204096,60515312,210123,10000.649,0,0,0,1
mutation,296,1,200601,115204096,0,115204096,60487664,210027,10000.674,0,0,0,1
mutation,297,1,200603,115204096,0,115204096,60419648,209790,10000.680,0,0,0,1
mutation,298,1,200605,115204096,0,115204096,60527936,210166,10000.666,0,0,0,1
mutation,299,1,200607,115204096,0,115204096,60504368,210085,10000.685,0,0,0,1
mutation,300,1,200609,115204096,0,115204096,60579248,210345,10000.693,0,0,0,1
mutation,301,1,200611,115204096,0,115204096,60480176,210001,10000.650,0,0,0,1
mutation,302,1,200613,115204096,0,115204096,60486464,210022,10000.652,0,0,0,1
mutation,303,1,200615,115204096,0,115204096,60430016,209826,10000.896,0,0,0,1
mutation,304,1,200617,115204096,0,115204096,60454784,209912,10000.893,0,0,0,1
mutation,305,1,200619,115204096,0,115204096,60550976,210246,10000.910,0,0,0,1
mutation,306,1,200621,115204096,0,115204096,60388544,209682,10001.300,0,0,0,1
mutation,307,1,200623,115204096,0,115204096,60411584,209762,10000.914,0,0,0,1
mutation,308,1,200625,115204096,0,115204096,60207152,209053,10000.921,0,0,0,1
mutation,309,1,200627,115204096,0,115204096,60503792,210083,10000.908,0,0,0,1
mutation,310,1,200629,115204096,0,115204096,60363824,209597,10000.908,0,0,0,1
mutation,311,1,200631,115204096,0,115204096,60426608,209815,10000.934,0,0,0,1
mutation,312,1,200633,115204096,0,115204096,60458288,209925,10000.922,0,0,0,1
mutation,313,1,200635,115204096,0,115204096,60406976,209746,10000.888,0,0,0,1
mutation,314,1,200637,115204096,0,115204096,60502064,210077,10000.914,0,0,0,1
mutation,315,1,200639,115204096,0,115204096,60546992,210233,10000.901,0,0,0,1
mutation,316,1,200641,115204096,0,115204096,60420272,209793,10000.955,0,0,0,1
mutation,317,1,200643,115204096,0,115204096,60380480,209654,10000.897,0,0,0,1
mutation,318,1,200645,115204096,0,115204096,60406400,209744,10000.879,0,0,0,1
mutation,319,1,200647,115204096,0,115204096,60450752,209898,10000.921,0,0,0,1
mutation,320,1,200649,115204096,0,115204096,60417344,209782,10000.913,0,0,0,1
mutation,321,1,200651,115204096,0,115204096,60435248,209845,10000.906,0,0,0,1
mutation,322,1,200653,115204096,0,115204096,60461168,209935,10000.964,0,0,0,1
mutation,323,1,200655,115204096,0,115204096,60394928,209705,10000.923,0,0,0,1
mutation,324,1,200657,115204096,0,115204096,60580928,210350,10000.915,0,0,0,1
mutation,325,1,200659,115204096,0,115204096,60427760,209819,10000.895,0,0,0,1
mutation,326,1,200661,115204096,0,115204096,60532016,210181,10000.926,0,0,0,1
mutation,327,1,200663,115204096,0,115204096,60434096,209841,10000.924,0,0,0,1
mutation,328,1,200665,115204096,0,115204096,60486512,210023,10000.927,0,0,0,1
mutation,329,1,200667,115204096,0,115204096,60268736,209266,10000.896,0,0,0,1
mutation,330,1,200669,115204096,0,115204096,60440384,209862,10000.882,0,0,0,1
mutation,331,1,200671,115204096,0,115204096,60248576,209196,10000.889,0,0,0,1
mutation,332,1,200673,115204096,0,115204096,59969840,208229,10000.881,0,0,0,1
mutation,333,1,200675,115204096,0,115204096,60457664,209922,10000.908,0,0,0,1
mutation,334,1,200677,115204096,0,115204096,60463472,209943,10000.883,0,0,0,1
mutation,335,1,200679,115204096,0,115204096,60492848,210045,10000.913,0,0,0,1
mutation,336,1,200681,115204096,0,115204096,60423680,209804,10000.899,0,0,0,1
mutation,337,1,200683,115204096,0,115204096,60429488,209825,10000.902,0,0,0,1
mutation,338,1,200685,115204096,0,115204096,60451904,209902,10000.903,0,0,0,1
mutation,339,1,200687,115204096,0,115204096,60399536,209721,10000.922,0,0,0,1
mutation,340,1,200689,115204096,0,115204096,60509552,210103,10000.892,0,0,0,1
mutation,341,1,200691,115204096,0,115204096,60479552,209998,10000.890,0,0,0,1
mutation,342,1,200693,115204096,0,115204096,60458288,209925,10000.891,0,0,0,1
mutation,343,1,200695,115204096,0,115204096,60502016,210076,10000.664,0,0,0,1
mutation,344,1,200697,115204096,0,115204096,60524480,210154,10000.642,0,0,0,1
mutation,345,1,200699,115204096,0,115204096,60538928,210205,10000.703,0,0,0,1
mutation,346,1,200701,115204096,0,115204096,60470384,209967,10000.670,0,0,0,1
mutation,347,1,200703,115204096,0,115204096,60417920,209784,10000.667,0,0,0,1
mutation,348,1,200705,115204096,0,115204096,60504320,210084,10000.647,0,0,0,1
mutation,349,1,200707,115204096,0,115204096,60400688,209725,10000.648,0,0,0,1
mutation,350,1,200709,115204096,0,115204096,60525680,210159,10000.641,0,0,0,1
mutation,351,1,200711,115204096,0,115204096,60423680,209804,10000.658,0,0,0,1
mutation,352,1,200713,115204096,0,115204096,60481328,210005,10000.685,0,0,0,1
mutation,353,1,200715,115204096,0,115204096,60470384,209967,10000.650,0,0,0,1
mutation,354,1,200717,115204096,0,115204096,60443888,209875,10000.661,0,0,0,1
mutation,355,1,200719,115204096,0,115204096,60468032,209958,10000.652,0,0,0,1
mutation,356,1,200721,115204096,0,115204096,60273344,209282,10000.648,0,0,0,1
mutation,357,1,200723,115204096,0,115204096,60478976,209996,10000.651,0,0,0,1
mutation,358,1,200725,115204096,0,115204096,60258416,209231,10000.647,0,0,0,1
mutation,359,1,200727,115204096,0,115204096,60442688,209870,10000.664,0,0,0,1
mutation,360,1,200729,115204096,0,115204096,60406448,209745,10000.675,0,0,0,1
mutation,361,1,200731,115204096,0,115204096,60412784,209767,10000.673,0,0,0,1
mutation,362,1,200733,115204096,0,115204096,60427712,209818,10000.659,0,0,0,1
mutation,363,1,200735,115204096,0,115204096,60428336,209821,10000.665,0,0,0,1
mutation,364,1,200737,115204096,0,115204096,60478448,209995,10000.639,0,0,0,1
mutation,365,1,200739,115204096,0,115204096,60512432,210113,10000.678,0,0,0,1
mutation,366,1,200741,115204096,0,115204096,60472688,209975,10000.652,0,0,0,1
mutation,367,1,200743,115204096,0,115204096,60334448,209495,10000.952,0,0,0,1
mutation,368,1,200745,115204096,0,115204096,60372992,209628,10000.905,0,0,0,1
mutation,369,1,200747,115204096,0,115204096,60447344,209887,10000.887,0,0,0,1
mutation,370,1,200749,115204096,0,115204096,60487664,210027,10000.911,0,0,0,1
mutation,371,1,200751,115204096,0,115204096,60348272,209543,10000.872,0,0,0,1
mutation,372,1,200753,115204096,0,115204096,60436400,209849,10000.927,0,0,0,1
mutation,373,1,200755,115204096,0,115204096,60424880,209809,10000.898,0,0,0,1
mutation,374,1,200757,115204096,0,115204096,60446768,209885,10000.921,0,0,0,1
mutation,375,1,200759,115204096,0,115204096,60449072,209893,10000.919,0,0,0,1
mutation,376,1,200761,115204096,0,115204096,60330992,209483,10000.933,0,0,0,1
mutation,377,1,200763,115204096,0,115204096,60497408,210060,10000.888,0,0,0,1
mutation,378,1,200765,115204096,0,115204096,60321152,209448,10000.915,0,0,0,1
mutation,379,1,200767,115204096,0,115204096,60421424,209797,10000.910,0,0,0,1
mutation,380,1,200769,115204096,0,115204096,60465728,209950,10000.908,0,0,0,1
mutation,381,1,200771,115204096,0,115204096,60448448,209890,10000.900,0,0,0,1
mutation,382,1,200773,115204096,0,115204096,60564848,210295,10000.877,0,0,0,1
mutation,383,1,200775,115204096,0,115204096,60400640,209724,10000.901,0,0,0,1
mutation,384,1,200777,115204096,0,115204096,60330416,209481,10000.911,0,0,0,1
mutation,385,1,200779,115204096,0,115204096,60353456,209561,10000.926,0,0,0,1
mutation,386,1,200781,115204096,0,115204096,60256688,209225,10000.877,0,0,0,1
mutation,387,1,200783,115204096,0,115204096,60458240,209924,10000.882,0,0,0,1
mutation,388,1,200785,115204096,0,115204096,60402944,209732,10000.925,0,0,0,1
mutation,389,1,200787,115204096,0,115204096,60328112,209473,10001.406,0,0,0,1
mutation,390,1,200789,115204096,0,115204096,60256064,209222,10000.881,0,0,0,1
mutation,391,1,200791,115204096,0,115204096,60552128,210250,10000.894,0,0,0,1
mutation,392,1,200793,115204096,0,115204096,60461696,209936,10000.900,0,0,0,1
mutation,393,1,200795,115204096,0,115204096,60545264,210227,10000.935,0,0,0,1
mutation,394,1,200797,115204096,0,115204096,60456560,209919,10000.892,0,0,0,1
mutation,395,1,200799,115204096,0,115204096,60442160,209869,10000.900,0,0,0,1
mutation,396,1,200801,115204096,0,115204096,60484208,210015,10000.891,0,0,0,1
mutation,397,1,200803,115204096,0,115204096,60500288,210070,10000.891,0,0,0,1
mutation,398,1,200805,115204096,0,115204096,60457664,209922,10000.892,0,0,0,1
mutation,399,1,200807,115204096,0,115204096,60436400,209849,10000.923,0,0,0,1
mutation,400,1,200809,115204096,0,115204096,60409904,209757,10000.927,0,0,0,1
mutation,401,1,200811,115204096,0,115204096,60564848,210295,10000.879,0,0,0,1
mutation,402,1,200813,115204096,0,115204096,60374768,209635,10000.701,0,0,0,1
mutation,403,1,200815,115204096,0,115204096,60479552,209998,10000.638,0,0,0,1
mutation,404,1,200817,115204096,0,115204096,60515264,210122,10000.642,0,0,0,1
mutation,405,1,200819,115204096,0,115204096,60482432,210008,10000.661,0,0,0,1
mutation,406,1,200821,115204096,0,115204096,60436976,209851,10001.330,0,0,0,1
mutation,407,1,200823,115204096,0,115204096,60491072,210038,10000.667,0,0,0,1
mutation,408,1,200825,115204096,0,115204096,60542384,210217,10000.668,0,0,0,1
mutation,409,1,200827,115204096,0,115204096,60445616,209881,10000.665,0,0,0,1
mutation,410,1,200829,115204096,0,115204096,60408176,209751,10000.661,0,0,0,1
mutation,411,1,200831,115204096,0,115204096,60382256,209661,10000.666,0,0,0,1
mutation,412,1,200833,115204096,0,115204096,60434624,209842,10000.656,0,0,0,1
mutation,413,1,200835,115204096,0,115204096,60569408,210310,10000.651,0,0,0,1
mutation,414,1,200837,115204096,0,115204096,60410480,209759,10000.650,0,0,0,1
mutation,415,1,200839,115204096,0,115204096,60463424,209942,10000.668,0,0,0,1
mutation,416,1,200841,115204096,0,115204096,60450800,209899,10000.669,0,0,0,1
mutation,417,1,200843,115204096,0,115204096,60491696,210041,10000.693,0,0,0,1
mutation,418,1,200845,115204096,0,115204096,60473840,209979,10000.708,0,0,0,1
mutation,419,1,200847,115204096,0,115204096,60432896,209836,10000.669,0,0,0,1
mutation,420,1,200849,115204096,0,115204096,60140912,208823,10000.888,0,0,0,1
mutation,421,1,200851,115204096,0,115204096,59745152,207448,10000.910,0,0,0,1
mutation,422,1,200853,115204096,0,115204096,59812016,207681,10000.931,0,0,0,1
mutation,423,1,200855,115204096,0,115204096,59446832,206413,10000.948,0,0,0,1
mutation,424,1,200857,115204096,0,115204096,60416768,209780,10000.884,0,0,0,1
mutation,425,1,200859,115204096,0,115204096,59688176,207251,10000.958,0,0,0,1
mutation,426,1,200861,115204096,0,115204096,60345968,209535,10000.907,0,0,0,1
mutation,427,1,200863,115204096,0,115204096,60332720,209489,10000.932,0,0,0,1
mutation,428,1,200865,115204096,0,115204096,60531968,210180,10000.894,0,0,0,1
mutation,429,1,200867,115204096,0,115204096,60439280,209859,10000.902,0,0,0,1
mutation,430,1,200869,115204096,0,115204096,60451328,209900,10000.883,0,0,0,1
mutation,431,1,200871,115204096,0,115204096,60397232,209713,10000.875,0,0,0,1
mutation,432,1,200873,115204096,0,115204096,60356864,209572,10000.902,0,0,0,1
mutation,433,1,200875,115204096,0,115204096,60418544,209787,10000.881,0,0,0,1
mutation,434,1,200877,115204096,0,115204096,60541232,210213,10000.912,0,0,0,1
mutation,435,1,200879,115204096,0,115204096,60391472,209693,10000.914,0,0,0,1
mutation,436,1,200881,115204096,0,115204096,60398912,209718,10000.902,0,0,0,1
mutation,437,1,200883,115204096,0,115204096,60434624,209842,10000.878,0,0,0,1
mutation,438,1,200885,115204096,0,115204096,60542960,210219,10000.913,0,0,0,1
mutation,439,1,200887,115204096,0,115204096,60496832,210058,10000.905,0,0,0,1
mutation,440,1,200889,115204096,0,115204096,60468080,209959,10000.940,0,0,0,1
mutation,441,1,200891,115204096,0,115204096,60257216,209226,10000.899,0,0,0,1
mutation,442,1,200893,115204096,0,115204096,60526832,210163,10000.970,0,0,0,1
mutation,443,1,200895,115204096,0,115204096,60450800,209899,10000.885,0,0,0,1
mutation,444,1,200897,115204096,0,115204096,60515888,210125,10000.888,0,0,0,1
mutation,445,1,200899,115204096,0,115204096,60272816,209281,10000.872,0,0,0,1
mutation,446,1,200901,115204096,0,115204096,60389744,209687,10000.908,0,0,0,1
mutation,447,1,200903,115204096,0,115204096,60497984,210062,10000.899,0,0,0,1
mutation,448,1,200905,115204096,0,115204096,60536048,210195,10000.901,0,0,0,1
mutation,449,1,200907,115204096,0,115204096,60447920,209889,10000.895,0,0,0,1
mutation,450,1,200909,115204096,0,115204096,60503216,210081,10000.915,0,0,0,1
mutation,451,1,200911,115204096,0,115204096,60455360,209914,10000.898,0,0,0,1
mutation,452,1,200913,115204096,0,115204096,60339584,209512,10000.905,0,0,0,1
mutation,453,1,200915,115204096,0,115204096,60264176,209251,10000.901,0,0,0,1
mutation,454,1,200917,115204096,0,115204096,60375872,209638,10000.896,0,0,0,1
mutation,455,1,200919,115204096,0,115204096,60420848,209795,10000.904,0,0,0,1
mutation,456,1,200921,115204096,0,115204096,60492272,210043,10000.936,0,0,0,1
mutation,457,1,200923,115204096,0,115204096,60508400,210099,10000.925,0,0,0,1
mutation,458,1,200925,115204096,0,115204096,60405824,209742,10000.884,0,0,0,1
mutation,459,1,200927,115204096,0,115204096,60473840,209979,10000.903,0,0,0,1
mutation,460,1,200929,115204096,0,115204096,60383936,209666,10000.887,0,0,0,1
mutation,461,1,200931,115204096,0,115204096,60425984,209812,10000.911,0,0,0,1
mutation,462,1,200933,115204096,0,115204096,60385136,209671,10000.934,0,0,0,1
mutation,463,1,200935,115204096,0,115204096,60553328,210255,10000.875,0,0,0,1
mutation,464,1,200937,115204096,0,115204096,60428336,209821,10000.925,0,0,0,1
mutation,465,1,200939,115204096,0,115204096,60465728,209950,10000.924,0,0,0,1
mutation,466,1,200941,115204096,0,115204096,60531392,210178,10000.886,0,0,0,1
mutation,467,1,200943,115204096,0,115204096,60520448,210140,10000.919,0,0,0,1
mutation,468,1,200945,115204096,0,115204096,60492848,210045,10000.905,0,0,0,1
mutation,469,1,200947,115204096,0,115204096,60496880,210059,10000.886,0,0,0,1
mutation,470,1,200949,115204096,0,115204096,60465200,209949,10000.915,0,0,0,1
mutation,471,1,200951,115204096,0,115204096,60245744,209187,10000.895,0,0,0,1
mutation,472,1,200953,115204096,0,115204096,60526256,210161,10000.886,0,0,0,1
mutation,473,1,200955,115204096,0,115204096,60386240,209674,10000.900,0,0,0,1
mutation,474,1,200957,115204096,0,115204096,60485936,210021,10000.906,0,0,0,1
mutation,475,1,200959,115204096,0,115204096,60344240,209529,10000.945,0,0,0,1
mutation,476,1,200961,115204096,0,115204096,60487616,210026,10000.912,0,0,0,1
mutation,477,1,200963,115204096,0,115204096,60429440,209824,10000.886,0,0,0,1
mutation,478,1,200965,115204096,0,115204096,60354608,209565,10000.916,0,0,0,1
mutation,479,1,200967,115204096,0,115204096,60529712,210173,10000.929,0,0,0,1
mutation,480,1,200969,115204096,0,115204096,60469232,209963,10000.897,0,0,0,1
mutation,481,1,200971,115204096,0,115204096,60404096,209736,10000.901,0,0,0,1
mutation,482,1,200973,115204096,0,115204096,60447344,209887,10000.898,0,0,0,1
mutation,483,1,200975,115204096,0,115204096,60475568,209985,10000.934,0,0,0,1
mutation,484,1,200977,115204096,0,115204096,60284288,209320,10000.906,0,0,0,1
mutation,485,1,200979,115204096,0,115204096,60437504,209852,10000.881,0,0,0,1
mutation,486,1,200981,115204096,0,115204096,60418544,209787,10000.912,0,0,0,1
mutation,487,1,200983,115204096,0,115204096,60443264,209872,10000.885,0,0,0,1
mutation,488,1,200985,115204096,0,115204096,60513584,210117,10000.934,0,0,0,1
mutation,489,1,200987,115204096,0,115204096,60432944,209837,10000.877,0,0,0,1
mutation,490,1,200989,115204096,0,115204096,60430016,209826,10000.871,0,0,0,1
mutation,491,1,200991,115204096,0,115204096,60407552,209748,10000.906,0,0,0,1
mutation,492,1,200993,115204096,0,115204096,60454832,209913,10000.869,0,0,0,1
mutation,493,1,200995,115204096,0,115204096,60429440,209824,10000.898,0,0,0,1
mutation,494,1,200997,115204096,0,115204096,60487664,210027,10000.895,0,0,0,1
mutation,495,1,200999,115204096,0,115204096,60582704,210357,10000.910,0,0,0,1
mutation,496,1,201001,115204096,0,115204096,60412784,209767,10000.885,0,0,0,1
mutation,497,1,201003,115204096,0,115204096,60523376,210151,10000.888,0,0,0,1
mutation,498,1,201005,115204096,0,115204096,60514736,210121,10000.874,0,0,0,1
mutation,499,1,201007,115204096,0,115204096,60450800,209899,10000.925,0,0,0,1
mutation,500,1,201009,115204096,0,115204096,60499712,210068,10000.887,0,0,0,1
mutation,501,1,201011,115204096,0,115204096,60461168,209935,10000.931,0,0,0,1
mutation,502,1,201013,115204096,0,115204096,60519920,210139,10000.934,0,0,0,1
mutation,503,1,201015,115204096,0,115204096,60435248,209845,10000.900,0,0,0,1
mutation,504,1,201017,115204096,0,115204096,60484736,210016,10000.905,0,0,0,1
mutation,505,1,201019,115204096,0,115204096,60546992,210233,10000.907,0,0,0,1
mutation,506,1,201021,115204096,0,115204096,60444464,209877,10001.358,0,0,0,1
mutation,507,1,201023,115204096,0,115204096,60417344,209782,10000.874,0,0,0,1
mutation,508,1,201025,115204096,0,115204096,60449024,209892,10000.909,0,0,0,1
mutation,509,1,201027,115204096,0,115204096,60223280,209109,10000.934,0,0,0,1
mutation,510,1,201029,115204096,0,115204096,60494528,210050,10000.903,0,0,0,1
mutation,511,1,201031,115204096,0,115204096,60435248,209845,10000.896,0,0,0,1
mutation,512,1,201033,115204096,0,115204096,60407024,209747,10000.886,0,0,0,1
mutation,513,1,201035,115204096,0,115204096,60450752,209898,10000.896,0,0,0,1
mutation,514,1,201037,115204096,0,115204096,60332144,209487,10000.905,0,0,0,1
mutation,515,1,201039,115204096,0,115204096,60423728,209805,10000.920,0,0,0,1
mutation,516,1,201041,115204096,0,115204096,60440432,209863,10000.927,0,0,0,1
mutation,517,1,201043,115204096,0,115204096,60371312,209623,10000.950,0,0,0,1
mutation,518,1,201045,115204096,0,115204096,60454832,209913,10000.922,0,0,0,1
mutation,519,1,201047,115204096,0,115204096,60392000,209694,10000.912,0,0,0,1
mutation,520,1,201049,115204096,0,115204096,60419120,209789,10000.910,0,0,0,1
mutation,521,1,201051,115204096,0,115204096,60400112,209723,10000.985,0,0,0,1
mutation,522,1,201053,115204096,0,115204096,60517040,210129,10000.895,0,0,0,1
mutation,523,1,201055,115204096,0,115204096,60461168,209935,10000.971,0,0,0,1
mutation,524,1,201057,115204096,0,115204096,60368432,209613,10000.899,0,0,0,1
mutation,525,1,201059,115204096,0,115204096,60485936,210021,10000.921,0,0,0,1
mutation,526,1,201061,115204096,0,115204096,60506672,210093,10000.900,0,0,0,1
mutation,527,1,201063,115204096,0,115204096,60406976,209746,10000.895,0,0,0,1
mutation,528,1,201065,115204096,0,115204096,60428336,209821,10000.922,0,0,0,1
mutation,529,1,201067,115204096,0,115204096,60422576,209801,10000.898,0,0,0,1
mutation,530,1,201069,115204096,0,115204096,60401264,209727,10000.901,0,0,0,1
mutation,531,1,201071,115204096,0,115204096,60387968,209680,10000.892,0,0,0,1
mutation,532,1,201073,115204096,0,115204096,60444416,209876,10000.885,0,0,0,1
mutation,533,1,201075,115204096,0,115204096,60497456,210061,10000.906,0,0,0,1
mutation,534,1,201077,115204096,0,115204096,60416816,209781,10000.928,0,0,0,1
mutation,535,1,201079,115204096,0,115204096,60458864,209927,10000.904,0,0,0,1
mutation,536,1,201081,115204096,0,115204096,60497456,210061,10000.900,0,0,0,1
mutation,537,1,201083,115204096,0,115204096,60356336,209571,10000.914,0,0,0,1
mutation,538,1,201085,115204096,0,115204096,60438704,209857,10000.880,0,0,0,1
mutation,539,1,201087,115204096,0,115204096,60379952,209653,10000.924,0,0,0,1
mutation,540,1,201089,115204096,0,115204096,60462320,209939,10000.911,0,0,0,1
mutation,541,1,201091,115204096,0,115204096,60388544,209682,10000.916,0,0,0,1
mutation,542,1,201093,115204096,0,115204096,60290048,209340,10000.905,0,0,0,1
mutation,543,1,201095,115204096,0,115204096,60446720,209884,10000.896,0,0,0,1
mutation,544,1,201097,115204096,0,115204096,60498560,210064,10000.907,0,0,0,1
mutation,545,1,201099,115204096,0,115204096,60425984,209812,10000.879,0,0,0,1
mutation,546,1,201101,115204096,0,115204096,60541232,210213,10000.900,0,0,0,1
mutation,547,1,201103,115204096,0,115204096,60422576,209801,10000.880,0,0,0,1
mutation,548,1,201105,115204096,0,115204096,60488240,210029,10000.915,0,0,0,1
mutation,549,1,201107,115204096,0,115204096,60410480,209759,10000.876,0,0,0,1
mutation,550,1,201109,115204096,0,115204096,60528560,210169,10000.924,0,0,0,1
mutation,551,1,201111,115204096,0,115204096,60515888,210125,10000.916,0,0,0,1
mutation,552,1,201113,115204096,0,115204096,60483584,210012,10000.905,0,0,0,1
mutation,553,1,201115,115204096,0,115204096,60459968,209930,10000.901,0,0,0,1
mutation,554,1,201117,115204096,0,115204096,60484784,210017,10000.918,0,0,0,1
mutation,555,1,201119,115204096,0,115204096,60454784,209912,10000.880,0,0,0,1
mutation,556,1,201121,115204096,0,115204096,60459440,209929,10000.884,0,0,0,1
mutation,557,1,201123,115204096,0,115204096,60385712,209673,10000.901,0,0,0,1
mutation,558,1,201125,115204096,0,115204096,60511232,210108,10000.883,0,0,0,1
mutation,559,1,201127,115204096,0,115204096,60469808,209965,10000.907,0,0,0,1
mutation,560,1,201129,115204096,0,115204096,60477824,209992,10000.899,0,0,0,1
mutation,561,1,201131,115204096,0,115204096,60404096,209736,10000.905,0,0,0,1
mutation,562,1,201133,115204096,0,115204096,60526832,210163,10000.943,0,0,0,1
mutation,563,1,201135,115204096,0,115204096,60473216,209976,10000.879,0,0,0,1
mutation,564,1,201137,115204096,0,115204096,60371264,209622,10000.887,0,0,0,1
mutation,565,1,201139,115204096,0,115204096,60344240,209529,10000.890,0,0,0,1
mutation,566,1,201141,115204096,0,115204096,60495680,210054,10000.906,0,0,0,1
mutation,567,1,201143,115204096,0,115204096,60491648,210040,10000.876,0,0,0,1
mutation,568,1,201145,115204096,0,115204096,60470384,209967,10000.887,0,0,0,1
mutation,569,1,201147,115204096,0,115204096,60434096,209841,10000.921,0,0,0,1
mutation,570,1,201149,115204096,0,115204096,60295280,209359,10000.911,0,0,0,1
mutation,571,1,201151,115204096,0,115204096,60497408,210060,10000.879,0,0,0,1
mutation,572,1,201153,115204096,0,115204096,60510704,210107,10000.968,0,0,0,1
mutation,573,1,201155,115204096,0,115204096,60226688,209120,10000.897,0,0,0,1
mutation,574,1,201157,115204096,0,115204096,60444464,209877,10000.930,0,0,0,1
mutation,575,1,201159,115204096,0,115204096,60396080,209709,10000.895,0,0,0,1
mutation,576,1,201161,115204096,0,115204096,60489920,210034,10000.889,0,0,0,1
mutation,577,1,201163,115204096,0,115204096,60496880,210059,10000.931,0,0,0,1
mutation,578,1,201165,115204096,0,115204096,60494000,210049,10000.657,0,0,0,1
mutation,579,1,201167,115204096,0,115204096,60348800,209544,10000.672,0,0,0,1
mutation,580,1,201169,115204096,0,115204096,60389168,209685,10000.639,0,0,0,1
mutation,581,1,201171,115204096,0,115204096,60420272,209793,10000.670,0,0,0,1
mutation,582,1,201173,115204096,0,115204096,60387440,209679,10000.641,0,0,0,1
mutation,583,1,201175,115204096,0,115204096,60427760,209819,10000.652,0,0,0,1
mutation,584,1,201177,115204096,0,115204096,60473216,209976,10000.671,0,0,0,1
mutation,585,1,201179,115204096,0,115204096,60322352,209453,10000.666,0,0,0,1
mutation,586,1,201181,115204096,0,115204096,60480704,210002,10000.641,0,0,0,1
mutation,587,1,201183,115204096,0,115204096,60401840,209729,10000.658,0,0,0,1
mutation,588,1,201185,115204096,0,115204096,60279728,209305,10000.696,0,0,0,1
mutation,589,1,201187,115204096,0,115204096,60305072,209393,10000.699,0,0,0,1
mutation,590,1,201189,115204096,0,115204096,60534320,210189,10000.691,0,0,0,1
mutation,591,1,201191,115204096,0,115204096,60421424,209797,10000.646,0,0,0,1
mutation,592,1,201193,115204096,0,115204096,60436400,209849,10000.660,0,0,0,1
mutation,593,1,201195,115204096,0,115204096,60449024,209892,10000.658,0,0,0,1
mutation,594,1,201197,115204096,0,115204096,60420272,209793,10000.761,0,0,0,1
mutation,595,1,201199,115204096,0,115204096,60428288,209820,10000.660,0,0,0,1
mutation,596,1,201201,115204096,0,115204096,60422000,209799,10000.671,0,0,0,1
mutation,597,1,201203,115204096,0,115204096,60379952,209653,10000.642,0,0,0,1
mutation,598,1,201205,115204096,0,115204096,60287216,209331,10000.687,0,0,0,1
mutation,599,1,201207,115204096,0,115204096,60444992,209878,10000.649,0,0,0,1
mutation,600,1,201209,115204096,0,115204096,60452480,209904,10000.660,0,0,0,1
mutation,601,1,201211,115204096,0,115204096,60461120,209934,10000.650,0,0,0,1
mutation,602,1,201213,115204096,0,115204096,60510704,210107,10000.649,0,0,0,1
mutation,603,1,201215,115204096,0,115204096,60431168,209830,10000.642,0,0,0,1
mutation,604,1,201217,115204096,0,115204096,60411632,209763,10000.675,0,0,0,1
mutation,605,1,201219,115204096,0,115204096,60438080,209854,10000.642,0,0,0,1
mutation,606,1,201221,115204096,0,115204096,60390320,209689,10001.197,0,0,0,1
mutation,607,1,201223,115204096,0,115204096,60447872,209888,10000.683,0,0,0,1
mutation,608,1,201225,115204096,0,115204096,59616176,207001,10000.698,0,0,0,1
mutation,609,1,201227,115204096,0,115204096,59843648,207790,10000.652,0,0,0,1
mutation,610,1,201229,115204096,0,115204096,60007856,208361,10000.650,0,0,0,1
mutation,611,1,201231,115204096,0,115204096,60422528,209800,10000.655,0,0,0,1
mutation,612,1,201233,115204096,0,115204096,59999216,208331,10000.655,0,0,0,1
mutation,613,1,201235,115204096,0,115204096,60302768,209385,10001.403,0,0,0,1
mutation,614,1,201237,115204096,0,115204096,60409328,209755,10000.649,0,0,0,1
mutation,615,1,201239,115204096,0,115204096,60528512,210168,10000.666,0,0,0,1
mutation,616,1,201241,115204096,0,115204096,60457712,209923,10000.684,0,0,0,1
mutation,617,1,201243,115204096,0,115204096,60467456,209956,10000.650,0,0,0,1
mutation,618,1,201245,115204096,0,115204096,60445040,209879,10000.687,0,0,0,1
mutation,619,1,201247,115204096,0,115204096,60392048,209695,10000.706,0,0,0,1
mutation,620,1,201249,115204096,0,115204096,60411056,209761,10000.672,0,0,0,1
mutation,621,1,201251,115204096,0,115204096,60453680,209909,10000.662,0,0,0,1
mutation,622,1,201253,115204096,0,115204096,60444464,209877,10000.640,0,0,0,1
mutation,623,1,201255,115204096,0,115204096,60389168,209685,10000.643,0,0,0,1
mutation,624,1,201257,115204096,0,115204096,60420272,209793,10000.737,0,0,0,1
mutation,625,1,201259,115204096,0,115204096,60472688,209975,10000.681,0,0,0,1
mutation,626,1,201261,115204096,0,115204096,60504368,210085,10000.672,0,0,0,1
mutation,627,1,201263,115204096,0,115204096,60494000,210049,10000.692,0,0,0,1
mutation,628,1,201265,115204096,0,115204096,60466928,209955,10000.683,0,0,0,1
mutation,629,1,201267,115204096,0,115204096,60405872,209743,10000.667,0,0,0,1
mutation,630,1,201269,115204096,0,115204096,60391472,209693,10000.964,0,0,0,1
mutation,631,1,201271,115204096,0,115204096,60293504,209352,10000.899,0,0,0,1
mutation,632,1,201273,115204096,0,115204096,60362624,209592,10000.898,0,0,0,1
mutation,633,1,201275,115204096,0,115204096,60363200,209594,10000.892,0,0,0,1
mutation,634,1,201277,115204096,0,115204096,60474416,209981,10000.947,0,0,0,1
mutation,635,1,201279,115204096,0,115204096,60383408,209665,10000.871,0,0,0,1
mutation,636,1,201281,115204096,0,115204096,60338480,209509,10000.893,0,0,0,1
mutation,637,1,201283,115204096,0,115204096,60415664,209777,10000.895,0,0,0,1
mutation,638,1,201285,115204096,0,115204096,60415664,209777,10000.937,0,0,0,1
mutation,639,1,201287,115204096,0,115204096,60461696,209936,10000.882,0,0,0,1
mutation,640,1,201289,115204096,0,115204096,60488240,210029,10000.913,0,0,0,1
mutation,641,1,201291,115204096,0,115204096,60378224,209647,10000.906,0,0,0,1
mutation,642,1,201293,115204096,0,115204096,60423680,209804,10000.887,0,0,0,1
mutation,643,1,201295,115204096,0,115204096,60500864,210072,10000.892,0,0,0,1
mutation,644,1,201297,115204096,0,115204096,60428336,209821,10000.887,0,0,0,1
mutation,645,1,201299,115204096,0,115204096,60455408,209915,10000.912,0,0,0,1
mutation,646,1,201301,115204096,0,115204096,60428912,209823,10000.889,0,0,0,1
mutation,647,1,201303,115204096,0,115204096,60437504,209852,10000.887,0,0,0,1
mutation,648,1,201305,115204096,0,115204096,60334448,209495,10000.952,0,0,0,1
mutation,649,1,201307,115204096,0,115204096,60382832,209663,10000.900,0,0,0,1
mutation,650,1,201309,115204096,0,115204096,60333824,209492,10000.895,0,0,0,1
mutation,651,1,201311,115204096,0,115204096,60400112,209723,10000.957,0,0,0,1
mutation,652,1,201313,115204096,0,115204096,60402992,209733,10000.881,0,0,0,1
mutation,653,1,201315,115204096,0,115204096,60564272,210293,10000.996,0,0,0,1
mutation,654,1,201317,115204096,0,115204096,60444464,209877,10000.898,0,0,0,1
mutation,655,1,201319,115204096,0,115204096,60481280,210004,10000.904,0,0,0,1
mutation,656,1,201321,115204096,0,115204096,60381104,209657,10000.903,0,0,0,1
mutation,657,1,201323,115204096,0,115204096,60533120,210184,10000.888,0,0,0,1
mutation,658,1,201325,115204096,0,115204096,60468608,209960,10000.906,0,0,0,1
mutation,659,1,201327,115204096,0,115204096,60239936,209166,10000.863,0,0,0,1
mutation,660,1,201329,115204096,0,115204096,60498608,210065,10000.900,0,0,0,1
mutation,661,1,201331,115204096,0,115204096,60400688,209725,10000.870,0,0,0,1
mutation,662,1,201333,115204096,0,115204096,60526832,210163,10000.925,0,0,0,1
mutation,663,1,201335,115204096,0,115204096,60428336,209821,10000.904,0,0,0,1
mutation,664,1,201337,115204096,0,115204096,60486464,210022,10000.906,0,0,0,1
mutation,665,1,201339,115204096,0,115204096,60523952,210153,10000.900,0,0,0,1
mutation,666,1,201341,115204096,0,115204096,60431744,209832,10000.886,0,0,0,1
mutation,667,1,201343,115204096,0,115204096,60396080,209709,10000.909,0,0,0,1
mutation,668,1,201345,115204096,0,115204096,60393728,209700,10000.903,0,0,0,1
mutation,669,1,201347,115204096,0,115204096,60405824,209742,10000.894,0,0,0,1
mutation,670,1,201349,115204096,0,115204096,60216368,209085,10000.921,0,0,0,1
mutation,671,1,201351,115204096,0,115204096,60435824,209847,10000.934,0,0,0,1
mutation,672,1,201353,115204096,0,115204096,60468080,209959,10000.887,0,0,0,1
mutation,673,1,201355,115204096,0,115204096,60548720,210239,10000.907,0,0,0,1
mutation,674,1,201357,115204096,0,115204096,60492272,210043,10000.928,0,0,0,1
mutation,675,1,201359,115204096,0,115204096,60391472,209693,10000.964,0,0,0,1
mutation,676,1,201361,115204096,0,115204096,60426560,209814,10000.888,0,0,0,1
mutation,677,1,201363,115204096,0,115204096,60442160,209869,10000.894,0,0,0,1
mutation,678,1,201365,115204096,0,115204096,60322304,209452,10000.646,0,0,0,1
mutation,679,1,201367,115204096,0,115204096,60581552,210353,10000.688,0,0,0,1
mutation,680,1,201369,115204096,0,115204096,60386288,209675,10000.694,0,0,0,1
mutation,681,1,201371,115204096,0,115204096,60548144,210237,10000.649,0,0,0,1
mutation,682,1,201373,115204096,0,115204096,60381104,209657,10000.900,0,0,0,1
mutation,683,1,201375,115204096,0,115204096,60449648,209895,10000.908,0,0,0,1
mutation,684,1,201377,115204096,0,115204096,60359216,209581,10000.934,0,0,0,1
mutation,685,1,201379,115204096,0,115204096,60472064,209972,10000.914,0,0,0,1
mutation,686,1,201381,115204096,0,115204096,60416240,209779,10000.928,0,0,0,1
mutation,687,1,201383,115204096,0,115204096,60321200,209449,10000.933,0,0,0,1
mutation,688,1,201385,115204096,0,115204096,60421424,209797,10000.921,0,0,0,1
mutation,689,1,201387,115204096,0,115204096,60419648,209790,10000.929,0,0,0,1
mutation,690,1,201389,115204096,0,115204096,60480752,210003,10000.943,0,0,0,1
mutation,691,1,201391,115204096,0,115204096,60480176,210001,10000.906,0,0,0,1
mutation,692,1,201393,115204096,0,115204096,60431216,209831,10000.914,0,0,0,1
mutation,693,1,201395,115204096,0,115204096,60435824,209847,10000.892,0,0,0,1
mutation,694,1,201397,115204096,0,115204096,60238256,209161,10000.907,0,0,0,1
mutation,695,1,201399,115204096,0,115204096,60186992,208983,10000.896,0,0,0,1
mutation,696,1,201401,115204096,0,115204096,60524480,210154,10000.902,0,0,0,1
mutation,697,1,201403,115204096,0,115204096,60079232,208608,10000.882,0,0,0,1
mutation,698,1,201405,115204096,0,115204096,60409904,209757,10000.894,0,0,0,1
mutation,699,1,201407,115204096,0,115204096,60208832,209058,10000.883,0,0,0,1
mutation,700,1,201409,115204096,0,115204096,60456512,209918,10000.898,0,0,0,1
mutation,701,1,201411,115204096,0,115204096,60447872,209888,10000.896,0,0,0,1
mutation,702,1,201413,115204096,0,115204096,60477248,209990,10000.905,0,0,0,1
mutation,703,1,201415,115204096,0,115204096,60420224,209792,10000.896,0,0,0,1
mutation,704,1,201417,115204096,0,115204096,60484784,210017,10000.937,0,0,0,1
mutation,705,1,201419,115204096,0,115204096,60374144,209632,10000.895,0,0,0,1
mutation,706,1,201421,115204096,0,115204096,60312560,209419,10001.091,0,0,0,1
mutation,707,1,201423,115204096,0,115204096,60461744,209937,10000.937,0,0,0,1
mutation,708,1,201425,115204096,0,115204096,60178928,208955,10000.903,0,0,0,1
mutation,709,1,201427,115204096,0,115204096,60410432,209758,10000.872,0,0,0,1
mutation,710,1,201429,115204096,0,115204096,60420272,209793,10000.945,0,0,0,1
mutation,711,1,201431,115204096,0,115204096,60457136,209921,10000.933,0,0,0,1
mutation,712,1,201433,115204096,0,115204096,60499760,210069,10000.917,0,0,0,1
mutation,713,1,201435,115204096,0,115204096,60408752,209753,10000.927,0,0,0,1
mutation,714,1,201437,115204096,0,115204096,60500336,210071,10000.895,0,0,0,1
mutation,715,1,201439,115204096,0,115204096,60362624,209592,10000.906,0,0,0,1
mutation,716,1,201441,115204096,0,115204096,60549824,210242,10000.894,0,0,0,1
mutation,717,1,201443,115204096,0,115204096,60534320,210189,10000.902,0,0,0,1
mutation,718,1,201445,115204096,0,115204096,60386816,209676,10000.887,0,0,0,1
mutation,719,1,201447,115204096,0,115204096,60521072,210143,10000.888,0,0,0,1
mutation,720,1,201449,115204096,0,115204096,60438704,209857,10000.865,0,0,0,1
mutation,721,1,201451,115204096,0,115204096,60540080,210209,10000.894,0,0,0,1
mutation,722,1,201453,115204096,0,115204096,60438128,209855,10000.936,0,0,0,1
mutation,723,1,201455,115204096,0,115204096,60454208,209910,10000.905,0,0,0,1
mutation,724,1,201457,115204096,0,115204096,60423680,209804,10000.885,0,0,0,1
mutation,725,1,201459,115204096,0,115204096,60420272,209793,10000.888,0,0,0,1
mutation,726,1,201461,115204096,0,115204096,60488240,210029,10000.904,0,0,0,1
mutation,727,1,201463,115204096,0,115204096,60519296,210136,10000.899,0,0,0,1
mutation,728,1,201465,115204096,0,115204096,60267584,209262,10000.883,0,0,0,1
mutation,729,1,201467,115204096,0,115204096,60421952,209798,10000.867,0,0,0,1
mutation,730,1,201469,115204096,0,115204096,60480752,210003,10000.941,0,0,0,1
mutation,731,1,201471,115204096,0,115204096,60221504,209102,10000.913,0,0,0,1
mutation,732,1,201473,115204096,0,115204096,60433520,209839,10000.879,0,0,0,1
mutation,733,1,201475,115204096,0,115204096,60571184,210317,10000.903,0,0,0,1
mutation,734,1,201477,115204096,0,115204096,60445040,209879,10000.939,0,0,0,1
mutation,735,1,201479,115204096,0,115204096,60420272,209793,10000.904,0,0,0,1
mutation,736,1,201481,115204096,0,115204096,60487664,210027,10000.946,0,0,0,1
mutation,737,1,201483,115204096,0,115204096,60460592,209933,10000.892,0,0,0,1
mutation,738,1,201485,115204096,0,115204096,60292976,209351,10000.925,0,0,0,1
mutation,739,1,201487,115204096,0,115204096,60458288,209925,10000.945,0,0,0,1
mutation,740,1,201489,115204096,0,115204096,60554480,210259,10000.884,0,0,0,1
mutation,741,1,201491,115204096,0,115204096,60424880,209809,10000.900,0,0,0,1
mutation,742,1,201493,115204096,0,115204096,60485936,210021,10000.944,0,0,0,1
mutation,743,1,201495,115204096,0,115204096,60356336,209571,10000.899,0,0,0,1
mutation,744,1,201497,115204096,0,115204096,60365504,209602,10000.898,0,0,0,1
mutation,745,1,201499,115204096,0,115204096,60459440,209929,10000.904,0,0,0,1
mutation,746,1,201501,115204096,0,115204096,60451952,209903,10000.926,0,0,0,1
mutation,747,1,201503,115204096,0,115204096,60430592,209828,10000.876,0,0,0,1
mutation,748,1,201505,115204096,0,115204096,60428336,209821,10000.936,0,0,0,1
mutation,749,1,201507,115204096,0,115204096,60427184,209817,10000.893,0,0,0,1
mutation,750,1,201509,115204096,0,115204096,60424304,209807,10000.893,0,0,0,1
mutation,751,1,201511,115204096,0,115204096,60487664,210027,10000.927,0,0,0,1
mutation,752,1,201513,115204096,0,115204096,60400640,209724,10000.886,0,0,0,1
mutation,753,1,201515,115204096,0,115204096,60459392,209928,10000.883,0,0,0,1
mutation,754,1,201517,115204096,0,115204096,60461696,209936,10000.902,0,0,0,1
mutation,755,1,201519,115204096,0,115204096,60420272,209793,10000.919,0,0,0,1
mutation,756,1,201521,115204096,0,115204096,60424256,209806,10000.894,0,0,0,1
mutation,757,1,201523,115204096,0,115204096,60472688,209975,10000.927,0,0,0,1
mutation,758,1,201525,115204096,0,115204096,60432944,209837,10000.966,0,0,0,1
mutation,759,1,201527,115204096,0,115204096,60274544,209287,10000.874,0,0,0,1
mutation,760,1,201529,115204096,0,115204096,60381104,209657,10000.951,0,0,0,1
mutation,761,1,201531,115204096,0,115204096,60380480,209654,10000.898,0,0,0,1
mutation,762,1,201533,115204096,0,115204096,60341888,209520,10000.898,0,0,0,1
mutation,763,1,201535,115204096,0,115204096,60473840,209979,10000.931,0,0,0,1
mutation,764,1,201537,115204096,0,115204096,60472064,209972,10000.894,0,0,0,1
mutation,765,1,201539,115204096,0,115204096,60479552,209998,10000.898,0,0,0,1
mutation,766,1,201541,115204096,0,115204096,60500336,210071,10000.935,0,0,0,1
mutation,767,1,201543,115204096,0,115204096,60446144,209882,10000.889,0,0,0,1
mutation,768,1,201545,115204096,0,115204096,60396608,209710,10000.911,0,0,0,1
mutation,769,1,201547,115204096,0,115204096,60256064,209222,10000.914,0,0,0,1
mutation,770,1,201549,115204096,0,115204096,60433520,209839,10000.912,0,0,0,1
mutation,771,1,201551,115204096,0,115204096,60413936,209771,10000.911,0,0,0,1
mutation,772,1,201553,115204096,0,115204096,60504320,210084,10000.881,0,0,0,1
mutation,773,1,201555,115204096,0,115204096,60310832,209413,10000.920,0,0,0,1
mutation,774,1,201557,115204096,0,115204096,60435200,209844,10000.878,0,0,0,1
mutation,775,1,201559,115204096,0,115204096,60461744,209937,10000.920,0,0,0,1
mutation,776,1,201561,115204096,0,115204096,60477872,209993,10000.918,0,0,0,1
mutation,777,1,201563,115204096,0,115204096,60409328,209755,10000.932,0,0,0,1
mutation,778,1,201565,115204096,0,115204096,60484736,210016,10000.886,0,0,0,1
mutation,779,1,201567,115204096,0,115204096,60495728,210055,10000.914,0,0,0,1
mutation,780,1,201569,115204096,0,115204096,60446192,209883,10000.944,0,0,0,1
mutation,781,1,201571,115204096,0,115204096,60494576,210051,10000.885,0,0,0,1
mutation,782,1,201573,115204096,0,115204096,60423104,209802,10000.890,0,0,0,1
mutation,783,1,201575,115204096,0,115204096,60302768,209385,10000.934,0,0,0,1
mutation,784,1,201577,115204096,0,115204096,60536000,210194,10000.899,0,0,0,1
mutation,785,1,201579,115204096,0,115204096,60457712,209923,10000.906,0,0,0,1
mutation,786,1,201581,115204096,0,115204096,60454208,209910,10000.889,0,0,0,1
mutation,787,1,201583,115204096,0,115204096,61186880,212454,10000.855,0,0,0,1
mutation,788,1,201585,115204096,0,115204096,60267632,209263,10001.165,0,0,0,1
mutation,789,1,201587,115204096,0,115204096,61237616,212631,10000.941,0,0,0,1
mutation,790,1,201589,115204096,0,115204096,60379376,209651,10000.948,0,0,0,1
mutation,791,1,201591,115204096,0,115204096,60357488,209575,10000.883,0,0,0,1
mutation,792,1,201593,115204096,0,115204096,60409280,209754,10000.871,0,0,0,1
mutation,793,1,201595,115204096,0,115204096,60406400,209744,10000.914,0,0,0,1
mutation,794,1,201597,115204096,0,115204096,60351152,209553,10000.937,0,0,0,1
mutation,795,1,201599,115204096,0,115204096,60493424,210047,10000.905,0,0,0,1
mutation,796,1,201601,115204096,0,115204096,60460592,209933,10000.897,0,0,0,1
mutation,797,1,201603,115204096,0,115204096,60431168,209830,10000.878,0,0,0,1
mutation,798,1,201605,115204096,0,115204096,60177728,208950,10000.903,0,0,0,1
mutation,799,1,201607,115204096,0,115204096,60531440,210179,10000.931,0,0,0,1
mutation,800,1,201609,115204096,0,115204096,60490496,210036,10000.890,0,0,0,1
mutation,801,1,201611,115204096,0,115204096,60549296,210241,10000.896,0,0,0,1
mutation,802,1,201613,115204096,0,115204096,60408128,209750,10000.888,0,0,0,1
mutation,803,1,201615,115204096,0,115204096,60421952,209798,10000.888,0,0,0,1
mutation,804,1,201617,115204096,0,115204096,60377648,209645,10000.887,0,0,0,1
mutation,805,1,201619,115204096,0,115204096,60499760,210069,10000.923,0,0,0,1
mutation,806,1,201621,115204096,0,115204096,60445616,209881,10001.035,0,0,0,1
mutation,807,1,201623,115204096,0,115204096,60495152,210053,10000.908,0,0,0,1
mutation,808,1,201625,115204096,0,115204096,59750912,207468,10000.904,0,0,0,1
mutation,809,1,201627,115204096,0,115204096,59604656,206961,10000.906,0,0,0,1
mutation,810,1,201629,115204096,0,115204096,59856368,207835,10000.910,0,0,0,1
mutation,811,1,201631,115204096,0,115204096,59434160,206369,10000.928,0,0,0,1
mutation,812,1,201633,115204096,0,115204096,60246272,209188,10000.904,0,0,0,1
mutation,813,1,201635,115204096,0,115204096,60276272,209293,10000.875,0,0,0,1
mutation,814,1,201637,115204096,0,115204096,60403520,209734,10000.897,0,0,0,1
mutation,815,1,201639,115204096,0,115204096,60540656,210211,10000.908,0,0,0,1
mutation,816,1,201641,115204096,0,115204096,60411632,209763,10000.888,0,0,0,1
mutation,817,1,201643,115204096,0,115204096,60372416,209626,10000.891,0,0,0,1
mutation,818,1,201645,115204096,0,115204096,60488240,210029,10000.899,0,0,0,1
mutation,819,1,201647,115204096,0,115204096,60137984,208812,10000.912,0,0,0,1
mutation,820,1,201649,115204096,0,115204096,60499136,210066,10000.898,0,0,0,1
mutation,821,1,201651,115204096,0,115204096,60351152,209553,10000.933,0,0,0,1
mutation,822,1,201653,115204096,0,115204096,60442160,209869,10000.895,0,0,0,1
mutation,823,1,201655,115204096,0,115204096,60417968,209785,10000.957,0,0,0,1
mutation,824,1,201657,115204096,0,115204096,60454832,209913,10000.932,0,0,0,1
mutation,825,1,201659,115204096,0,115204096,60455408,209915,10000.882,0,0,0,1
mutation,826,1,201661,115204096,0,115204096,60500912,210073,10000.898,0,0,0,1
mutation,827,1,201663,115204096,0,115204096,60471536,209971,10000.881,0,0,0,1
mutation,828,1,201665,115204096,0,115204096,60477872,209993,10000.938,0,0,0,1
mutation,829,1,201667,115204096,0,115204096,60163376,208901,10000.879,0,0,0,1
mutation,830,1,201669,115204096,0,115204096,60424832,209808,10000.881,0,0,0,1
mutation,831,1,201671,115204096,0,115204096,60412208,209765,10000.910,0,0,0,1
mutation,832,1,201673,115204096,0,115204096,60175472,208943,10000.920,0,0,0,1
mutation,833,1,201675,115204096,0,115204096,60366128,209605,10000.905,0,0,0,1
mutation,834,1,201677,115204096,0,115204096,60408704,209752,10000.878,0,0,0,1
mutation,835,1,201679,115204096,0,115204096,60362096,209591,10000.889,0,0,0,1
mutation,836,1,201681,115204096,0,115204096,60387392,209678,10000.881,0,0,0,1
mutation,837,1,201683,115204096,0,115204096,60455936,209916,10000.870,0,0,0,1
mutation,838,1,201685,115204096,0,115204096,60353456,209561,10000.951,0,0,0,1
mutation,839,1,201687,115204096,0,115204096,60385712,209673,10000.879,0,0,0,1
mutation,840,1,201689,115204096,0,115204096,60508976,210101,10000.897,0,0,0,1
mutation,841,1,201691,115204096,0,115204096,60425456,209811,10000.919,0,0,0,1
mutation,842,1,201693,115204096,0,115204096,60415616,209776,10000.916,0,0,0,1
mutation,843,1,201695,115204096,0,115204096,60356864,209572,10000.921,0,0,0,1
mutation,844,1,201697,115204096,0,115204096,60447920,209889,10000.889,0,0,0,1
mutation,845,1,201699,115204096,0,115204096,60391424,209692,10000.925,0,0,0,1
mutation,846,1,201701,115204096,0,115204096,60324080,209459,10000.904,0,0,0,1
mutation,847,1,201703,115204096,0,115204096,60070592,208578,10000.895,0,0,0,1
mutation,848,1,201705,115204096,0,115204096,60357440,209574,10000.906,0,0,0,1
mutation,849,1,201707,115204096,0,115204096,60276848,209295,10000.913,0,0,0,1
mutation,850,1,201709,115204096,0,115204096,60511280,210109,10000.910,0,0,0,1
mutation,851,1,201711,115204096,0,115204096,60517616,210131,10000.896,0,0,0,1
mutation,852,1,201713,115204096,0,115204096,60457088,209920,10000.898,0,0,0,1
mutation,853,1,201715,115204096,0,115204096,60345920,209534,10000.879,0,0,0,1
mutation,854,1,201717,115204096,0,115204096,60416240,209779,10000.917,0,0,0,1
mutation,855,1,201719,115204096,0,115204096,60383408,209665,10000.885,0,0,0,1
mutation,856,1,201721,115204096,0,115204096,60385664,209672,10000.891,0,0,0,1
mutation,857,1,201723,115204096,0,115204096,60407024,209747,10000.923,0,0,0,1
mutation,858,1,201725,115204096,0,115204096,60463424,209942,10000.899,0,0,0,1
mutation,859,1,201727,115204096,0,115204096,60441536,209866,10000.887,0,0,0,1
mutation,860,1,201729,115204096,0,115204096,60519920,210139,10000.942,0,0,0,1
mutation,861,1,201731,115204096,0,115204096,60445040,209879,10000.924,0,0,0,1
mutation,862,1,201733,115204096,0,115204096,60382832,209663,10000.907,0,0,0,1
mutation,863,1,201735,115204096,0,115204096,60411056,209761,10000.922,0,0,0,1
mutation,864,1,201737,115204096,0,115204096,60439808,209860,10000.904,0,0,0,1
mutation,865,1,201739,115204096,0,115204096,60451952,209903,10000.930,0,0,0,1
mutation,866,1,201741,115204096,0,115204096,60414464,209772,10000.883,0,0,0,1
mutation,867,1,201743,115204096,0,115204096,60477872,209993,10000.908,0,0,0,1
mutation,868,1,201745,115204096,0,115204096,60415664,209777,10000.891,0,0,0,1
mutation,869,1,201747,115204096,0,115204096,60473792,209978,10000.902,0,0,0,1
mutation,870,1,201749,115204096,0,115204096,60398960,209719,10000.887,0,0,0,1
mutation,871,1,201751,115204096,0,115204096,60389696,209686,10000.907,0,0,0,1
mutation,872,1,201753,115204096,0,115204096,60471536,209971,10000.908,0,0,0,1
mutation,873,1,201755,115204096,0,115204096,60407600,209749,10000.914,0,0,0,1
mutation,874,1,201757,115204096,0,115204096,60395456,209706,10000.886,0,0,0,1
mutation,875,1,201759,115204096,0,115204096,60504368,210085,10000.917,0,0,0,1
mutation,876,1,201761,115204096,0,115204096,60410480,209759,10000.894,0,0,0,1
mutation,877,1,201763,115204096,0,115204096,60434672,209843,10000.942,0,0,0,1
mutation,878,1,201765,115204096,0,115204096,60455408,209915,10000.914,0,0,0,1
mutation,879,1,201767,115204096,0,115204096,60412784,209767,10000.922,0,0,0,1
mutation,880,1,201769,115204096,0,115204096,60401264,209727,10000.901,0,0,0,1
mutation,881,1,201771,115204096,0,115204096,60498032,210063,10000.905,0,0,0,1
mutation,882,1,201773,115204096,0,115204096,60363776,209596,10000.905,0,0,0,1
mutation,883,1,201775,115204096,0,115204096,60531440,210179,10000.916,0,0,0,1
mutation,884,1,201777,115204096,0,115204096,60477824,209992,10000.906,0,0,0,1
mutation,885,1,201779,115204096,0,115204096,60435248,209845,10000.884,0,0,0,1
mutation,886,1,201781,115204096,0,115204096,60499712,210068,10000.874,0,0,0,1
mutation,887,1,201783,115204096,0,115204096,60489344,210032,10000.892,0,0,0,1
mutation,888,1,201785,115204096,0,115204096,60449024,209892,10000.894,0,0,0,1
mutation,889,1,201787,115204096,0,115204096,60511856,210111,10000.917,0,0,0,1
mutation,890,1,201789,115204096,0,115204096,60450800,209899,10000.877,0,0,0,1
mutation,891,1,201791,115204096,0,115204096,60461696,209936,10000.883,0,0,0,1
mutation,892,1,201793,115204096,0,115204096,60541184,210212,10000.910,0,0,0,1
mutation,893,1,201795,115204096,0,115204096,60444464,209877,10000.927,0,0,0,1
mutation,894,1,201797,115204096,0,115204096,60455936,209916,10000.881,0,0,0,1
mutation,895,1,201799,115204096,0,115204096,60510704,210107,10000.927,0,0,0,1
mutation,896,1,201801,115204096,0,115204096,60467456,209956,10000.911,0,0,0,1
mutation,897,1,201803,115204096,0,115204096,60467504,209957,10000.951,0,0,0,1
mutation,898,1,201805,115204096,0,115204096,60412784,209767,10000.904,0,0,0,1
mutation,899,1,201807,115204096,0,115204096,60498608,210065,10000.898,0,0,0,1
mutation,900,1,201809,115204096,0,115204096,60477248,209990,10000.885,0,0,0,1
mutation,901,1,201811,115204096,0,115204096,60469808,209965,10000.936,0,0,0,1
mutation,902,1,201813,115204096,0,115204096,60389168,209685,10000.894,0,0,0,1
mutation,903,1,201815,115204096,0,115204096,60450224,209897,10000.919,0,0,0,1
mutation,904,1,201817,115204096,0,115204096,60499760,210069,10000.910,0,0,0,1
mutation,905,1,201819,115204096,0,115204096,60428336,209821,10000.937,0,0,0,1
mutation,906,1,201821,115204096,0,115204096,60482480,210009,10001.034,0,0,0,1
mutation,907,1,201823,115204096,0,115204096,60518720,210134,10000.899,0,0,0,1
mutation,908,1,201825,115204096,0,115204096,60471536,209971,10000.889,0,0,0,1
mutation,909,1,201827,115204096,0,115204096,60469808,209965,10000.861,0,0,0,1
mutation,910,1,201829,115204096,0,115204096,60477872,209993,10000.901,0,0,0,1
mutation,911,1,201831,115204096,0,115204096,60457088,209920,10000.890,0,0,0,1
mutation,912,1,201833,115204096,0,115204096,60481280,210004,10000.872,0,0,0,1
mutation,913,1,201835,115204096,0,115204096,60413888,209770,10000.867,0,0,0,1
mutation,914,1,201837,115204096,0,115204096,60461744,209937,10000.897,0,0,0,1
mutation,915,1,201839,115204096,0,115204096,60481904,210007,10000.859,0,0,0,1
mutation,916,1,201841,115204096,0,115204096,60545840,210229,10001.022,0,0,0,1
mutation,917,1,201843,115204096,0,115204096,60470384,209967,10000.883,0,0,0,1
mutation,918,1,201845,115204096,0,115204096,60405872,209743,10000.866,0,0,0,1
mutation,919,1,201847,115204096,0,115204096,60413360,209769,10000.896,0,0,0,1
mutation,920,1,201849,115204096,0,115204096,60417920,209784,10000.903,0,0,0,1
mutation,921,1,201851,115204096,0,115204096,60344768,209530,10000.881,0,0,0,1
mutation,922,1,201853,115204096,0,115204096,60393200,209699,10000.932,0,0,0,1
mutation,923,1,201855,115204096,0,115204096,60442736,209871,10000.924,0,0,0,1
mutation,924,1,201857,115204096,0,115204096,60444464,209877,10000.904,0,0,0,1
mutation,925,1,201859,115204096,0,115204096,60491120,210039,10000.933,0,0,0,1
mutation,926,1,201861,115204096,0,115204096,60431168,209830,10000.899,0,0,0,1
mutation,927,1,201863,115204096,0,115204096,60517040,210129,10000.901,0,0,0,1
mutation,928,1,201865,115204096,0,115204096,60557360,210269,10000.980,0,0,0,1
mutation,929,1,201867,115204096,0,115204096,60492272,210043,10000.892,0,0,0,1
mutation,930,1,201869,115204096,0,115204096,60568880,210309,10000.919,0,0,0,1
mutation,931,1,201871,115204096,0,115204096,60540656,210211,10000.896,0,0,0,1
mutation,932,1,201873,115204096,0,115204096,60490544,210037,10000.864,0,0,0,1
mutation,933,1,201875,115204096,0,115204096,60441008,209865,10000.947,0,0,0,1
mutation,934,1,201877,115204096,0,115204096,60446192,209883,10000.919,0,0,0,1
mutation,935,1,201879,115204096,0,115204096,60572336,210321,10000.962,0,0,0,1
mutation,936,1,201881,115204096,0,115204096,60521600,210144,10000.885,0,0,0,1
mutation,937,1,201883,115204096,0,115204096,60468080,209959,10000.925,0,0,0,1
mutation,938,1,201885,115204096,0,115204096,60394352,209703,10000.926,0,0,0,1
mutation,939,1,201887,115204096,0,115204096,60441008,209865,10000.926,0,0,0,1
mutation,940,1,201889,115204096,0,115204096,60325232,209463,10000.936,0,0,0,1
mutation,941,1,201891,115204096,0,115204096,60442160,209869,10000.899,0,0,0,1
mutation,942,1,201893,115204096,0,115204096,60556736,210266,10000.911,0,0,0,1
mutation,943,1,201895,115204096,0,115204096,60371264,209622,10000.877,0,0,0,1
mutation,944,1,201897,115204096,0,115204096,60415664,209777,10000.891,0,0,0,1
mutation,945,1,201899,115204096,0,115204096,60523376,210151,10000.901,0,0,0,1
mutation,946,1,201901,115204096,0,115204096,60466928,209955,10000.886,0,0,0,1
mutation,947,1,201903,115204096,0,115204096,60496880,210059,10000.897,0,0,0,1
mutation,948,1,201905,115204096,0,115204096,60481328,210005,10000.885,0,0,0,1
mutation,949,1,201907,115204096,0,115204096,60505472,210088,10000.885,0,0,0,1
mutation,950,1,201909,115204096,0,115204096,60488768,210030,10000.898,0,0,0,1
mutation,951,1,201911,115204096,0,115204096,60470912,209968,10000.888,0,0,0,1
mutation,952,1,201913,115204096,0,115204096,60489392,210033,10000.931,0,0,0,1
mutation,953,1,201915,115204096,0,115204096,60469232,209963,10000.946,0,0,0,1
mutation,954,1,201917,115204096,0,115204096,60394880,209704,10000.890,0,0,0,1
mutation,955,1,201919,115204096,0,115204096,60522752,210148,10000.910,0,0,0,1
mutation,956,1,201921,115204096,0,115204096,60473840,209979,10000.954,0,0,0,1
mutation,957,1,201923,115204096,0,115204096,60381104,209657,10000.912,0,0,0,1
mutation,958,1,201925,115204096,0,115204096,60503744,210082,10000.903,0,0,0,1
mutation,959,1,201927,115204096,0,115204096,60168512,208918,10000.886,0,0,0,1
mutation,960,1,201929,115204096,0,115204096,60386288,209675,10000.878,0,0,0,1
mutation,961,1,201931,115204096,0,115204096,60531392,210178,10000.910,0,0,0,1
mutation,962,1,201933,115204096,0,115204096,60469808,209965,10000.890,0,0,0,1
mutation,963,1,201935,115204096,0,115204096,60500288,210070,10000.867,0,0,0,1
mutation,964,1,201937,115204096,0,115204096,60537728,210200,10000.905,0,0,0,1
mutation,965,1,201939,115204096,0,115204096,60500912,210073,10000.923,0,0,0,1
mutation,966,1,201941,115204096,0,115204096,60427136,209816,10000.887,0,0,0,1
mutation,967,1,201943,115204096,0,115204096,60477296,209991,10000.907,0,0,0,1
mutation,968,1,201945,115204096,0,115204096,60455408,209915,10000.874,0,0,0,1
mutation,969,1,201947,115204096,0,115204096,60268736,209266,10000.902,0,0,0,1
mutation,970,1,201949,115204096,0,115204096,60014192,208383,10000.903,0,0,0,1
mutation,971,1,201951,115204096,0,115204096,60209456,209061,10000.948,0,0,0,1
mutation,972,1,201953,115204096,0,115204096,60183536,208971,10000.904,0,0,0,1
mutation,973,1,201955,115204096,0,115204096,60430064,209827,10000.879,0,0,0,1
mutation,974,1,201957,115204096,0,115204096,60513584,210117,10000.936,0,0,0,1
mutation,975,1,201959,115204096,0,115204096,60218672,209093,10000.899,0,0,0,1
mutation,976,1,201961,115204096,0,115204096,60414512,209773,10000.908,0,0,0,1
mutation,977,1,201963,115204096,0,115204096,60346544,209537,10000.955,0,0,0,1
mutation,978,1,201965,115204096,0,115204096,60492800,210044,10000.905,0,0,0,1
mutation,979,1,201967,115204096,0,115204096,60324656,209461,10000.914,0,0,0,1
mutation,980,1,201969,115204096,0,115204096,60492800,210044,10000.890,0,0,0,1
mutation,981,1,201971,115204096,0,115204096,60432944,209837,10000.975,0,0,0,1
mutation,982,1,201973,115204096,0,115204096,60475568,209985,10000.905,0,0,0,1
mutation,983,1,201975,115204096,0,115204096,60477296,209991,10000.896,0,0,0,1
mutation,984,1,201977,115204096,0,115204096,60440384,209862,10000.873,0,0,0,1
mutation,985,1,201979,115204096,0,115204096,60368960,209614,10000.892,0,0,0,1
mutation,986,1,201981,115204096,0,115204096,60428864,209822,10000.896,0,0,0,1
mutation,987,1,201983,115204096,0,115204096,60487664,210027,10000.869,0,0,0,1
mutation,988,1,201985,115204096,0,115204096,60428336,209821,10000.927,0,0,0,1
mutation,989,1,201987,115204096,0,115204096,60500912,210073,10000.915,0,0,0,1
mutation,990,1,201989,115204096,0,115204096,60454256,209911,10000.926,0,0,0,1
mutation,991,1,201991,115204096,0,115204096,60535424,210192,10000.901,0,0,0,1
mutation,992,1,201993,115204096,0,115204096,60460016,209931,10000.905,0,0,0,1
mutation,993,1,201995,115204096,0,115204096,60450176,209896,10000.904,0,0,0,1
mutation,994,1,201997,115204096,0,115204096,60502592,210078,10000.928,0,0,0,1
mutation,995,1,201999,115204096,0,115204096,60433472,209838,10000.893,0,0,0,1
mutation,996,1,202001,115204096,0,115204096,60559088,210275,10000.896,0,0,0,1
mutation,997,1,202003,115204096,0,115204096,60401840,209729,10000.892,0,0,0,1
mutation,998,1,202005,115204096,0,115204096,60209456,209061,10000.928,0,0,0,1
mutation,999,1,202007,115204096,0,115204096,60496880,210059,10000.949,0,0,0,1
mutation,1000,1,202009,115204096,0,115204096,60443888,209875,10000.933,0,0,0,1
mutation,1001,1,202011,115204096,0,115204096,60500336,210071,10000.932,0,0,0,1
mutation,1002,1,202013,115204096,0,115204096,60347072,209538,10000.899,0,0,0,1
mutation,1003,1,202015,115204096,0,115204096,60501488,210075,10000.893,0,0,0,1
mutation,1004,1,202017,115204096,0,115204096,60433520,209839,10000.894,0,0,0,1
mutation,1005,1,202019,115204096,0,115204096,60500912,210073,10000.901,0,0,0,1
mutation,1006,1,202021,115204096,0,115204096,60491120,210039,10001.008,0,0,0,1
mutation,1007,1,202023,115204096,0,115204096,60392624,209697,10000.884,0,0,0,1
mutation,1008,1,202025,115204096,0,115204096,60419696,209791,10000.900,0,0,0,1
mutation,1009,1,202027,115204096,0,115204096,60371312,209623,10000.942,0,0,0,1
mutation,1010,1,202029,115204096,0,115204096,60275120,209289,10000.896,0,0,0,1
mutation,1011,1,202031,115204096,0,115204096,60474992,209983,10000.928,0,0,0,1
mutation,1012,1,202033,115204096,0,115204096,60474992,209983,10000.888,0,0,0,1
mutation,1013,1,202035,115204096,0,115204096,60414512,209773,10000.884,0,0,0,1
mutation,1014,1,202037,115204096,0,115204096,60450224,209897,10000.914,0,0,0,1
mutation,1015,1,202039,115204096,0,115204096,60378176,209646,10000.897,0,0,0,1
mutation,1016,1,202041,115204096,0,115204096,60469232,209963,10000.875,0,0,0,1
mutation,1017,1,202043,115204096,0,115204096,60534896,210191,10000.942,0,0,0,1
mutation,1018,1,202045,115204096,0,115204096,60567152,210303,10000.962,0,0,0,1
mutation,1019,1,202047,115204096,0,115204096,60479600,209999,10000.899,0,0,0,1
mutation,1020,1,202049,115204096,0,115204096,60371840,209624,10000.897,0,0,0,1
mutation,1021,1,202051,115204096,0,115204096,60506672,210093,10000.952,0,0,0,1
mutation,1022,1,202053,115204096,0,115204096,60426608,209815,10000.905,0,0,0,1
mutation,1023,1,202055,115204096,0,115204096,60500912,210073,10000.906,0,0,0,1
mutation,1024,1,202057,115204096,0,115204096,60573440,210324,10000.881,0,0,0,1
mutation,1025,1,202059,115204096,0,115204096,60449072,209893,10000.984,0,0,0,1
mutation,1026,1,202061,115204096,0,115204096,60499712,210068,10000.898,0,0,0,1
mutation,1027,1,202063,115204096,0,115204096,60404720,209739,10000.899,0,0,0,1
mutation,1028,1,202065,115204096,0,115204096,60401840,209729,10000.943,0,0,0,1
mutation,1029,1,202067,115204096,0,115204096,60444464,209877,10000.929,0,0,0,1
mutation,1030,1,202069,115204096,0,115204096,60419696,209791,10000.920,0,0,0,1
mutation,1031,1,202071,115204096,0,115204096,60431216,209831,10000.891,0,0,0,1
mutation,1032,1,202073,115204096,0,115204096,60369536,209616,10000.894,0,0,0,1
mutation,1033,1,202075,115204096,0,115204096,60476720,209989,10000.928,0,0,0,1
mutation,1034,1,202077,115204096,0,115204096,60396656,209711,10000.913,0,0,0,1
mutation,1035,1,202079,115204096,0,115204096,60469808,209965,10000.899,0,0,0,1
mutation,1036,1,202081,115204096,0,115204096,60436400,209849,10000.895,0,0,0,1
mutation,1037,1,202083,115204096,0,115204096,60516416,210126,10000.890,0,0,0,1
mutation,1038,1,202085,115204096,0,115204096,60405824,209742,10000.896,0,0,0,1
mutation,1039,1,202087,115204096,0,115204096,60430016,209826,10000.884,0,0,0,1
mutation,1040,1,202089,115204096,0,115204096,60551024,210247,10000.879,0,0,0,1
mutation,1041,1,202091,115204096,0,115204096,60421952,209798,10000.900,0,0,0,1
mutation,1042,1,202093,115204096,0,115204096,60501488,210075,10000.909,0,0,0,1
mutation,1043,1,202095,115204096,0,115204096,60477296,209991,10000.923,0,0,0,1
mutation,1044,1,202097,115204096,0,115204096,60440960,209864,10000.866,0,0,0,1
mutation,1045,1,202099,115204096,0,115204096,60487664,210027,10000.874,0,0,0,1
mutation,1046,1,202101,115204096,0,115204096,60469232,209963,10000.921,0,0,0,1
mutation,1047,1,202103,115204096,0,115204096,60490544,210037,10000.918,0,0,0,1
mutation,1048,1,202105,115204096,0,115204096,60414512,209773,10000.909,0,0,0,1
mutation,1049,1,202107,115204096,0,115204096,60242864,209177,10000.922,0,0,0,1
mutation,1050,1,202109,115204096,0,115204096,60477872,209993,10000.953,0,0,0,1
mutation,1051,1,202111,115204096,0,115204096,60465152,209948,10000.886,0,0,0,1
mutation,1052,1,202113,115204096,0,115204096,60421952,209798,10000.893,0,0,0,1
mutation,1053,1,202115,115204096,0,115204096,60513008,210115,10000.883,0,0,0,1
mutation,1054,1,202117,115204096,0,115204096,60393200,209699,10000.893,0,0,0,1
mutation,1055,1,202119,115204096,0,115204096,60518768,210135,10000.910,0,0,0,1
mutation,1056,1,202121,115204096,0,115204096,60464000,209944,10000.885,0,0,0,1
mutation,1057,1,202123,115204096,0,115204096,60453104,209907,10000.906,0,0,0,1
mutation,1058,1,202125,115204096,0,115204096,60493376,210046,10000.894,0,0,0,1
mutation,1059,1,202127,115204096,0,115204096,60350576,209551,10000.934,0,0,0,1
mutation,1060,1,202129,115204096,0,115204096,60501488,210075,10000.908,0,0,0,1
mutation,1061,1,202131,115204096,0,115204096,60588464,210377,10000.947,0,0,0,1
mutation,1062,1,202133,115204096,0,115204096,60471488,209970,10000.885,0,0,0,1
mutation,1063,1,202135,115204096,0,115204096,60396656,209711,10000.909,0,0,0,1
mutation,1064,1,202137,115204096,0,115204096,60442736,209871,10000.921,0,0,0,1
mutation,1065,1,202139,115204096,0,115204096,60466352,209953,10000.905,0,0,0,1
mutation,1066,1,202141,115204096,0,115204096,60283136,209316,10000.860,0,0,0,1
mutation,1067,1,202143,115204096,0,115204096,60374144,209632,10000.888,0,0,0,1
mutation,1068,1,202145,115204096,0,115204096,60483008,210010,10000.905,0,0,0,1
mutation,1069,1,202147,115204096,0,115204096,60408752,209753,10000.883,0,0,0,1
mutation,1070,1,202149,115204096,0,115204096,60380528,209655,10000.896,0,0,0,1
mutation,1071,1,202151,115204096,0,115204096,60407552,209748,10000.887,0,0,0,1
mutation,1072,1,202153,115204096,0,115204096,60348848,209545,10000.941,0,0,0,1
mutation,1073,1,202155,115204096,0,115204096,60460592,209933,10000.934,0,0,0,1
mutation,1074,1,202157,115204096,0,115204096,60487664,210027,10000.920,0,0,0,1
mutation,1075,1,202159,115204096,0,115204096,60124208,208765,10000.911,0,0,0,1
mutation,1076,1,202161,115204096,0,115204096,60446768,209885,10000.890,0,0,0,1
mutation,1077,1,202163,115204096,0,115204096,60279152,209303,10000.926,0,0,0,1
mutation,1078,1,202165,115204096,0,115204096,60520496,210141,10000.909,0,0,0,1
mutation,1079,1,202167,115204096,0,115204096,60434624,209842,10000.887,0,0,0,1
mutation,1080,1,202169,115204096,0,115204096,60510704,210107,10000.979,0,0,0,1
mutation,1081,1,202171,115204096,0,115204096,60383936,209666,10000.890,0,0,0,1
mutation,1082,1,202173,115204096,0,115204096,60434672,209843,10000.902,0,0,0,1
mutation,1083,1,202175,115204096,0,115204096,60500288,210070,10000.905,0,0,0,1
mutation,1084,1,202177,115204096,0,115204096,60427136,209816,10000.905,0,0,0,1
mutation,1085,1,202179,115204096,0,115204096,60495728,210055,10000.878,0,0,0,1
mutation,1086,1,202181,115204096,0,115204096,60423728,209805,10000.938,0,0,0,1
mutation,1087,1,202183,115204096,0,115204096,60474944,209982,10000.903,0,0,0,1
mutation,1088,1,202185,115204096,0,115204096,60503792,210083,10000.914,0,0,0,1
mutation,1089,1,202187,115204096,0,115204096,60520448,210140,10000.908,0,0,0,1
mutation,1090,1,202189,115204096,0,115204096,60506096,210091,10000.914,0,0,0,1
mutation,1091,1,202191,115204096,0,115204096,60535424,210192,10000.883,0,0,0,1
mutation,1092,1,202193,115204096,0,115204096,60402368,209730,10000.913,0,0,0,1
mutation,1093,1,202195,115204096,0,115204096,60508400,210099,10000.889,0,0,0,1
mutation,1094,1,202197,115204096,0,115204096,60427712,209818,10000.898,0,0,0,1
mutation,1095,1,202199,115204096,0,115204096,60516992,210128,10000.863,0,0,0,1
mutation,1096,1,202201,115204096,0,115204096,60386288,209675,10000.916,0,0,0,1
mutation,1097,1,202203,115204096,0,115204096,60336704,209502,10000.883,0,0,0,1
mutation,1098,1,202205,115204096,0,115204096,60351728,209555,10000.877,0,0,0,1
mutation,1099,1,202207,115204096,0,115204096,60430640,209829,10000.923,0,0,0,1
mutation,1100,1,202209,115204096,0,115204096,60401792,209728,10000.916,0,0,0,1
mutation,1101,1,202211,115204096,0,115204096,60440432,209863,10000.904,0,0,0,1
mutation,1102,1,202213,115204096,0,115204096,60414512,209773,10000.926,0,0,0,1
mutation,1103,1,202215,115204096,0,115204096,60415088,209775,10000.892,0,0,0,1
mutation,1104,1,202217,115204096,0,115204096,60477872,209993,10000.968,0,0,0,1
mutation,1105,1,202219,115204096,0,115204096,60410480,209759,10000.914,0,0,0,1
mutation,1106,1,202221,115204096,0,115204096,60536000,210194,10000.903,0,0,0,1
mutation,1107,1,202223,115204096,0,115204096,60391424,209692,10001.383,0,0,0,1
mutation,1108,1,202225,115204096,0,115204096,60234800,209149,10000.853,0,0,0,1
mutation,1109,1,202227,115204096,0,115204096,60353984,209562,10000.905,0,0,0,1
mutation,1110,1,202229,115204096,0,115204096,60522224,210147,10000.892,0,0,0,1
mutation,1111,1,202231,115204096,0,115204096,60441584,209867,10000.887,0,0,0,1
mutation,1112,1,202233,115204096,0,115204096,60359792,209583,10000.955,0,0,0,1
mutation,1113,1,202235,115204096,0,115204096,60378224,209647,10000.921,0,0,0,1
mutation,1114,1,202237,115204096,0,115204096,60422000,209799,10000.918,0,0,0,1
mutation,1115,1,202239,115204096,0,115204096,60402368,209730,10000.889,0,0,0,1
mutation,1116,1,202241,115204096,0,115204096,60528560,210169,10000.872,0,0,0,1
mutation,1117,1,202243,115204096,0,115204096,60495728,210055,10000.934,0,0,0,1
mutation,1118,1,202245,115204096,0,115204096,60386240,209674,10000.874,0,0,0,1
mutation,1119,1,202247,115204096,0,115204096,60484736,210016,10000.906,0,0,0,1
mutation,1120,1,202249,115204096,0,115204096,60441008,209865,10000.915,0,0,0,1
mutation,1121,1,202251,115204096,0,115204096,60400688,209725,10000.883,0,0,0,1
mutation,1122,1,202253,115204096,0,115204096,60500288,210070,10000.887,0,0,0,1
mutation,1123,1,202255,115204096,0,115204096,60404672,209738,10000.883,0,0,0,1
mutation,1124,1,202257,115204096,0,115204096,60560816,210281,10000.924,0,0,0,1
mutation,1125,1,202259,115204096,0,115204096,60551024,210247,10000.874,0,0,0,1
mutation,1126,1,202261,115204096,0,115204096,60368432,209613,10000.900,0,0,0,1
mutation,1127,1,202263,115204096,0,115204096,60333248,209490,10000.889,0,0,0,1
mutation,1128,1,202265,115204096,0,115204096,60297584,209367,10000.911,0,0,0,1
mutation,1129,1,202267,115204096,0,115204096,60487088,210025,10000.898,0,0,0,1
mutation,1130,1,202269,115204096,0,115204096,59699648,207290,10000.921,0,0,0,1
mutation,1131,1,202271,115204096,0,115204096,60427712,209818,10000.906,0,0,0,1
mutation,1132,1,202273,115204096,0,115204096,60401216,209726,10000.900,0,0,0,1
mutation,1133,1,202275,115204096,0,115204096,60481328,210005,10000.920,0,0,0,1
mutation,1134,1,202277,115204096,0,115204096,60450800,209899,10000.910,0,0,0,1
mutation,1135,1,202279,115204096,0,115204096,60452528,209905,10000.908,0,0,0,1
mutation,1136,1,202281,115204096,0,115204096,60474416,209981,10000.888,0,0,0,1
mutation,1137,1,202283,115204096,0,115204096,60434624,209842,10000.901,0,0,0,1
mutation,1138,1,202285,115204096,0,115204096,60431792,209833,10000.920,0,0,0,1
mutation,1139,1,202287,115204096,0,115204096,60508928,210100,10000.892,0,0,0,1
mutation,1140,1,202289,115204096,0,115204096,60346544,209537,10006.198,0,0,0,1
mutation,1141,1,202291,115204096,0,115204096,60494528,210050,10000.890,0,0,0,1
mutation,1142,1,202293,115204096,0,115204096,60357488,209575,10000.920,0,0,0,1
mutation,1143,1,202295,115204096,0,115204096,60432368,209835,10000.889,0,0,0,1
mutation,1144,1,202297,115204096,0,115204096,60481328,210005,10000.917,0,0,0,1
mutation,1145,1,202299,115204096,0,115204096,60489392,210033,10000.927,0,0,0,1
mutation,1146,1,202301,115204096,0,115204096,60440960,209864,10000.897,0,0,0,1
mutation,1147,1,202303,115204096,0,115204096,60515312,210123,10000.915,0,0,0,1
mutation,1148,1,202305,115204096,0,115204096,60435824,209847,10000.891,0,0,0,1
mutation,1149,1,202307,115204096,0,115204096,60486464,210022,10000.896,0,0,0,1
mutation,1150,1,202309,115204096,0,115204096,60375344,209637,10000.887,0,0,0,1
mutation,1151,1,202311,115204096,0,115204096,60486512,210023,10000.927,0,0,0,1
mutation,1152,1,202313,115204096,0,115204096,60375344,209637,10000.887,0,0,0,1
mutation,1153,1,202315,115204096,0,115204096,60377648,209645,10000.901,0,0,0,1
mutation,1154,1,202317,115204096,0,115204096,60451376,209901,10000.930,0,0,0,1
mutation,1155,1,202319,115204096,0,115204096,60363200,209594,10000.885,0,0,0,1
mutation,1156,1,202321,115204096,0,115204096,60404096,209736,10000.872,0,0,0,1
mutation,1157,1,202323,115204096,0,115204096,60470336,209966,10000.879,0,0,0,1
mutation,1158,1,202325,115204096,0,115204096,60576944,210337,10000.934,0,0,0,1
mutation,1159,1,202327,115204096,0,115204096,60480752,210003,10000.908,0,0,0,1
mutation,1160,1,202329,115204096,0,115204096,60476720,209989,10000.931,0,0,0,1
mutation,1161,1,202331,115204096,0,115204096,60452528,209905,10000.937,0,0,0,1
mutation,1162,1,202333,115204096,0,115204096,60424832,209808,10000.899,0,0,0,1
mutation,1163,1,202335,115204096,0,115204096,60418544,209787,10000.933,0,0,0,1
mutation,1164,1,202337,115204096,0,115204096,60464576,209946,10000.873,0,0,0,1
mutation,1165,1,202339,115204096,0,115204096,60428336,209821,10000.916,0,0,0,1
mutation,1166,1,202341,115204096,0,115204096,60450752,209898,10000.896,0,0,0,1
mutation,1167,1,202343,115204096,0,115204096,60463472,209943,10000.884,0,0,0,1
mutation,1168,1,202345,115204096,0,115204096,60485936,210021,10000.921,0,0,0,1
mutation,1169,1,202347,115204096,0,115204096,60435776,209846,10000.901,0,0,0,1
mutation,1170,1,202349,115204096,0,115204096,60404144,209737,10000.894,0,0,0,1
mutation,1171,1,202351,115204096,0,115204096,60442160,209869,10000.902,0,0,0,1
mutation,1172,1,202353,115204096,0,115204096,60562496,210286,10000.904,0,0,0,1
mutation,1173,1,202355,115204096,0,115204096,60502016,210076,10000.885,0,0,0,1
mutation,1174,1,202357,115204096,0,115204096,60384512,209668,10000.890,0,0,0,1
mutation,1175,1,202359,115204096,0,115204096,60392048,209695,10000.924,0,0,0,1
mutation,1176,1,202361,115204096,0,115204096,60472640,209974,10000.889,0,0,0,1
mutation,1177,1,202363,115204096,0,115204096,60423152,209803,10000.930,0,0,0,1
mutation,1178,1,202365,115204096,0,115204096,60499760,210069,10000.892,0,0,0,1
mutation,1179,1,202367,115204096,0,115204096,60567152,210303,10000.915,0,0,0,1
mutation,1180,1,202369,115204096,0,115204096,60550976,210246,10000.876,0,0,0,1
mutation,1181,1,202371,115204096,0,115204096,60549872,210243,10000.908,0,0,0,1
mutation,1182,1,202373,115204096,0,115204096,61165616,212381,10001.062,0,0,0,1
mutation,1183,1,202375,115204096,0,115204096,60463472,209943,10000.905,0,0,0,1
mutation,1184,1,202377,115204096,0,115204096,60343616,209526,10000.905,0,0,0,1
mutation,1185,1,202379,115204096,0,115204096,60390320,209689,10000.902,0,0,0,1
mutation,1186,1,202381,115204096,0,115204096,60469232,209963,10000.905,0,0,0,1
mutation,1187,1,202383,115204096,0,115204096,60393776,209701,10000.902,0,0,0,1
mutation,1188,1,202385,115204096,0,115204096,60366704,209607,10001.265,0,0,0,1
mutation,1189,1,202387,115204096,0,115204096,60302192,209383,10000.895,0,0,0,1
mutation,1190,1,202389,115204096,0,115204096,60381680,209659,10000.921,0,0,0,1
mutation,1191,1,202391,115204096,0,115204096,60524528,210155,10000.878,0,0,0,1
mutation,1192,1,202393,115204096,0,115204096,60333296,209491,10000.917,0,0,0,1
mutation,1193,1,202395,115204096,0,115204096,60435248,209845,10000.909,0,0,0,1
mutation,1194,1,202397,115204096,0,115204096,60416240,209779,10000.896,0,0,0,1
mutation,1195,1,202399,115204096,0,115204096,60517040,210129,10000.907,0,0,0,1
mutation,1196,1,202401,115204096,0,115204096,60433472,209838,10000.893,0,0,0,1
mutation,1197,1,202403,115204096,0,115204096,60385088,209670,10000.899,0,0,0,1
mutation,1198,1,202405,115204096,0,115204096,60453104,209907,10000.976,0,0,0,1
mutation,1199,1,202407,115204096,0,115204096,60439280,209859,10000.935,0,0,0,1
mutation,1200,1,202409,115204096,0,115204096,60494000,210049,10000.936,0,0,0,1
mutation,1201,1,202411,115204096,0,115204096,60492272,210043,10000.941,0,0,0,1
mutation,1202,1,202413,115204096,0,115204096,60453680,209909,10000.949,0,0,0,1
mutation,1203,1,202415,115204096,0,115204096,60453680,209909,10000.938,0,0,0,1
mutation,1204,1,202417,115204096,0,115204096,60397184,209712,10000.909,0,0,0,1
mutation,1205,1,202419,115204096,0,115204096,60498608,210065,10000.891,0,0,0,1
mutation,1206,1,202421,115204096,0,115204096,60542960,210219,10000.901,0,0,0,1
mutation,1207,1,202423,115204096,0,115204096,60160496,208891,10001.338,0,0,0,1
mutation,1208,1,202425,115204096,0,115204096,60394352,209703,10000.880,0,0,0,1
mutation,1209,1,202427,115204096,0,115204096,60469808,209965,10000.868,0,0,0,1
mutation,1210,1,202429,115204096,0,115204096,60469808,209965,10000.901,0,0,0,1
mutation,1211,1,202431,115204096,0,115204096,60434672,209843,10000.869,0,0,0,1
mutation,1212,1,202433,115204096,0,115204096,60272816,209281,10000.928,0,0,0,1
mutation,1213,1,202435,115204096,0,115204096,60368432,209613,10000.909,0,0,0,1
mutation,1214,1,202437,115204096,0,115204096,60443840,209874,10000.907,0,0,0,1
mutation,1215,1,202439,115204096,0,115204096,60431744,209832,10000.905,0,0,0,1
mutation,1216,1,202441,115204096,0,115204096,60476144,209987,10000.910,0,0,0,1
mutation,1217,1,202443,115204096,0,115204096,60498032,210063,10000.908,0,0,0,1
mutation,1218,1,202445,115204096,0,115204096,60395456,209706,10000.871,0,0,0,1
mutation,1219,1,202447,115204096,0,115204096,60499760,210069,10000.900,0,0,0,1
mutation,1220,1,202449,115204096,0,115204096,60343664,209527,10000.880,0,0,0,1
mutation,1221,1,202451,115204096,0,115204096,60530288,210175,10000.891,0,0,0,1
mutation,1222,1,202453,115204096,0,115204096,60417920,209784,10000.901,0,0,0,1
mutation,1223,1,202455,115204096,0,115204096,60429488,209825,10000.930,0,0,0,1
mutation,1224,1,202457,115204096,0,115204096,60397760,209714,10000.897,0,0,0,1
mutation,1225,1,202459,115204096,0,115204096,60454208,209910,10000.912,0,0,0,1
mutation,1226,1,202461,115204096,0,115204096,60400064,209722,10000.901,0,0,0,1
mutation,1227,1,202463,115204096,0,115204096,60460592,209933,10000.894,0,0,0,1
mutation,1228,1,202465,115204096,0,115204096,60444464,209877,10000.954,0,0,0,1
mutation,1229,1,202467,115204096,0,115204096,60436928,209850,10000.904,0,0,0,1
mutation,1230,1,202469,115204096,0,115204096,60443264,209872,10000.890,0,0,0,1
mutation,1231,1,202471,115204096,0,115204096,60494000,210049,10000.887,0,0,0,1
mutation,1232,1,202473,115204096,0,115204096,60345968,209535,10000.899,0,0,0,1
mutation,1233,1,202475,115204096,0,115204096,60436976,209851,10000.937,0,0,0,1
mutation,1234,1,202477,115204096,0,115204096,60430064,209827,10000.927,0,0,0,1
mutation,1235,1,202479,115204096,0,115204096,60359216,209581,10000.938,0,0,0,1
mutation,1236,1,202481,115204096,0,115204096,60469760,209964,10000.890,0,0,0,1
mutation,1237,1,202483,115204096,0,115204096,60411056,209761,10000.917,0,0,0,1
mutation,1238,1,202485,115204096,0,115204096,60412208,209765,10000.983,0,0,0,1
mutation,1239,1,202487,115204096,0,115204096,60530288,210175,10000.912,0,0,0,1
mutation,1240,1,202489,115204096,0,115204096,60349376,209546,10000.882,0,0,0,1
mutation,1241,1,202491,115204096,0,115204096,60556736,210266,10000.899,0,0,0,1
mutation,1242,1,202493,115204096,0,115204096,60396032,209708,10000.901,0,0,0,1
mutation,1243,1,202495,115204096,0,115204096,60486512,210023,10000.896,0,0,0,1
mutation,1244,1,202497,115204096,0,115204096,60531968,210180,10000.897,0,0,0,1
mutation,1245,1,202499,115204096,0,115204096,60330416,209481,10000.908,0,0,0,1
mutation,1246,1,202501,115204096,0,115204096,60461744,209937,10000.876,0,0,0,1
mutation,1247,1,202503,115204096,0,115204096,60301616,209381,10000.927,0,0,0,1
mutation,1248,1,202505,115204096,0,115204096,60488816,210031,10000.920,0,0,0,1
mutation,1249,1,202507,115204096,0,115204096,60390320,209689,10000.905,0,0,0,1
mutation,1250,1,202509,115204096,0,115204096,60416240,209779,10000.961,0,0,0,1
mutation,1251,1,202511,115204096,0,115204096,60470384,209967,10000.925,0,0,0,1
mutation,1252,1,202513,115204096,0,115204096,60423152,209803,10000.922,0,0,0,1
mutation,1253,1,202515,115204096,0,115204096,60500336,210071,10000.918,0,0,0,1
mutation,1254,1,202517,115204096,0,115204096,60489392,210033,10000.889,0,0,0,1
mutation,1255,1,202519,115204096,0,115204096,60516464,210127,10000.917,0,0,0,1
mutation,1256,1,202521,115204096,0,115204096,60530864,210177,10000.907,0,0,0,1
mutation,1257,1,202523,115204096,0,115204096,60550400,210244,10000.906,0,0,0,1
mutation,1258,1,202525,115204096,0,115204096,60492848,210045,10000.904,0,0,0,1
mutation,1259,1,202527,115204096,0,115204096,60419072,209788,10000.888,0,0,0,1
mutation,1260,1,202529,115204096,0,115204096,60499184,210067,10000.890,0,0,0,1
mutation,1261,1,202531,115204096,0,115204096,60435776,209846,10000.892,0,0,0,1
mutation,1262,1,202533,115204096,0,115204096,60523952,210153,10000.879,0,0,0,1
mutation,1263,1,202535,115204096,0,115204096,60481280,210004,10000.883,0,0,0,1
mutation,1264,1,202537,115204096,0,115204096,60257840,209229,10000.896,0,0,0,1
mutation,1265,1,202539,115204096,0,115204096,60439280,209859,10000.932,0,0,0,1
mutation,1266,1,202541,115204096,0,115204096,60510128,210105,10000.902,0,0,0,1
mutation,1267,1,202543,115204096,0,115204096,60409904,209757,10000.909,0,0,0,1
mutation,1268,1,202545,115204096,0,115204096,60394880,209704,10000.909,0,0,0,1
mutation,1269,1,202547,115204096,0,115204096,60320000,209444,10000.900,0,0,0,1
mutation,1270,1,202549,115204096,0,115204096,60541184,210212,10000.905,0,0,0,1
mutation,1271,1,202551,115204096,0,115204096,60570560,210314,10000.911,0,0,0,1
mutation,1272,1,202553,115204096,0,115204096,60458864,209927,10000.907,0,0,0,1
mutation,1273,1,202555,115204096,0,115204096,60280304,209307,10000.900,0,0,0,1
mutation,1274,1,202557,115204096,0,115204096,60466880,209954,10000.888,0,0,0,1
mutation,1275,1,202559,115204096,0,115204096,60451904,209902,10000.887,0,0,0,1
mutation,1276,1,202561,115204096,0,115204096,60405872,209743,10000.908,0,0,0,1
mutation,1277,1,202563,115204096,0,115204096,60369584,209617,10000.889,0,0,0,1
mutation,1278,1,202565,115204096,0,115204096,60451904,209902,10000.890,0,0,0,1
mutation,1279,1,202567,115204096,0,115204096,60453056,209906,10000.918,0,0,0,1
mutation,1280,1,202569,115204096,0,115204096,60529088,210170,10000.893,0,0,0,1
mutation,1281,1,202571,115204096,0,115204096,60393776,209701,10000.901,0,0,0,1
mutation,1282,1,202573,115204096,0,115204096,60455408,209915,10000.890,0,0,0,1
mutation,1283,1,202575,115204096,0,115204096,60404144,209737,10000.893,0,0,0,1
mutation,1284,1,202577,115204096,0,115204096,60434672,209843,10000.930,0,0,0,1
mutation,1285,1,202579,115204096,0,115204096,60512384,210112,10000.894,0,0,0,1
mutation,1286,1,202581,115204096,0,115204096,60531392,210178,10000.896,0,0,0,1
mutation,1287,1,202583,115204096,0,115204096,60486512,210023,10000.930,0,0,0,1
mutation,1288,1,202585,115204096,0,115204096,60505472,210088,10000.905,0,0,0,1
mutation,1289,1,202587,115204096,0,115204096,60544064,210222,10000.884,0,0,0,1
mutation,1290,1,202589,115204096,0,115204096,60414512,209773,10000.888,0,0,0,1
mutation,1291,1,202591,115204096,0,115204096,60514160,210119,10000.898,0,0,0,1
mutation,1292,1,202593,115204096,0,115204096,60480752,210003,10000.907,0,0,0,1
mutation,1293,1,202595,115204096,0,115204096,60472688,209975,10000.914,0,0,0,1
mutation,1294,1,202597,115204096,0,115204096,60284336,209321,10000.915,0,0,0,1
mutation,1295,1,202599,115204096,0,115204096,60538352,210203,10000.918,0,0,0,1
mutation,1296,1,202601,115204096,0,115204096,60496256,210056,10000.914,0,0,0,1
mutation,1297,1,202603,115204096,0,115204096,60425456,209811,10000.905,0,0,0,1
mutation,1298,1,202605,115204096,0,115204096,60446768,209885,10000.905,0,0,0,1
mutation,1299,1,202607,115204096,0,115204096,60465200,209949,10000.950,0,0,0,1
mutation,1300,1,202609,115204096,0,115204096,60506672,210093,10000.924,0,0,0,1
mutation,1301,1,202611,115204096,0,115204096,60476720,209989,10000.888,0,0,0,1
mutation,1302,1,202613,115204096,0,115204096,60334448,209495,10000.925,0,0,0,1
mutation,1303,1,202615,115204096,0,115204096,60503792,210083,10000.902,0,0,0,1
mutation,1304,1,202617,115204096,0,115204096,60424832,209808,10000.879,0,0,0,1
mutation,1305,1,202619,115204096,0,115204096,60410432,209758,10000.899,0,0,0,1
mutation,1306,1,202621,115204096,0,115204096,60557936,210271,10000.929,0,0,0,1
mutation,1307,1,202623,115204096,0,115204096,60415664,209777,10001.378,0,0,0,1
mutation,1308,1,202625,115204096,0,115204096,60457712,209923,10000.893,0,0,0,1
mutation,1309,1,202627,115204096,0,115204096,60556736,210266,10000.908,0,0,0,1
mutation,1310,1,202629,115204096,0,115204096,60408176,209751,10000.910,0,0,0,1
mutation,1311,1,202631,115204096,0,115204096,60420272,209793,10000.913,0,0,0,1
mutation,1312,1,202633,115204096,0,115204096,60404144,209737,10000.946,0,0,0,1
mutation,1313,1,202635,115204096,0,115204096,60526832,210163,10000.952,0,0,0,1
mutation,1314,1,202637,115204096,0,115204096,60426032,209813,10000.908,0,0,0,1
mutation,1315,1,202639,115204096,0,115204096,60485312,210018,10000.904,0,0,0,1
mutation,1316,1,202641,115204096,0,115204096,60502064,210077,10000.919,0,0,0,1
mutation,1317,1,202643,115204096,0,115204096,60548096,210236,10000.882,0,0,0,1
mutation,1318,1,202645,115204096,0,115204096,60397808,209715,10000.926,0,0,0,1
mutation,1319,1,202647,115204096,0,115204096,60481904,210007,10000.901,0,0,0,1
mutation,1320,1,202649,115204096,0,115204096,60426560,209814,10000.907,0,0,0,1
mutation,1321,1,202651,115204096,0,115204096,60452528,209905,10000.932,0,0,0,1
mutation,1322,1,202653,115204096,0,115204096,60480176,210001,10000.929,0,0,0,1
mutation,1323,1,202655,115204096,0,115204096,60400112,209723,10000.961,0,0,0,1
mutation,1324,1,202657,115204096,0,115204096,60504320,210084,10000.898,0,0,0,1
mutation,1325,1,202659,115204096,0,115204096,60563696,210291,10000.887,0,0,0,1
mutation,1326,1,202661,115204096,0,115204096,60542384,210217,10000.943,0,0,0,1
mutation,1327,1,202663,115204096,0,115204096,60396080,209709,10000.885,0,0,0,1
mutation,1328,1,202665,115204096,0,115204096,60386240,209674,10000.900,0,0,0,1
mutation,1329,1,202667,115204096,0,115204096,60365552,209603,10000.923,0,0,0,1
mutation,1330,1,202669,115204096,0,115204096,60549872,210243,10000.926,0,0,0,1
mutation,1331,1,202671,115204096,0,115204096,60463472,209943,10000.903,0,0,0,1
mutation,1332,1,202673,115204096,0,115204096,60455936,209916,10000.894,0,0,0,1
mutation,1333,1,202675,115204096,0,115204096,60241088,209170,10000.878,0,0,0,1
mutation,1334,1,202677,115204096,0,115204096,60013568,208380,10000.886,0,0,0,1
mutation,1335,1,202679,115204096,0,115204096,60465200,209949,10000.899,0,0,0,1
mutation,1336,1,202681,115204096,0,115204096,60353456,209561,10000.904,0,0,0,1
mutation,1337,1,202683,115204096,0,115204096,60360896,209586,10000.896,0,0,0,1
mutation,1338,1,202685,115204096,0,115204096,60381632,209658,10000.916,0,0,0,1
mutation,1339,1,202687,115204096,0,115204096,60390320,209689,10000.925,0,0,0,1
mutation,1340,1,202689,115204096,0,115204096,60452528,209905,10000.887,0,0,0,1
mutation,1341,1,202691,115204096,0,115204096,60434624,209842,10000.895,0,0,0,1
mutation,1342,1,202693,115204096,0,115204096,60472688,209975,10000.914,0,0,0,1
mutation,1343,1,202695,115204096,0,115204096,60466880,209954,10000.881,0,0,0,1
mutation,1344,1,202697,115204096,0,115204096,60524528,210155,10000.911,0,0,0,1
mutation,1345,1,202699,115204096,0,115204096,60574064,210327,10000.891,0,0,0,1
mutation,1346,1,202701,115204096,0,115204096,60464048,209945,10000.901,0,0,0,1
mutation,1347,1,202703,115204096,0,115204096,60415664,209777,10000.928,0,0,0,1
mutation,1348,1,202705,115204096,0,115204096,60444992,209878,10000.898,0,0,0,1
mutation,1349,1,202707,115204096,0,115204096,60514688,210120,10000.881,0,0,0,1
mutation,1350,1,202709,115204096,0,115204096,60394304,209702,10000.882,0,0,0,1
mutation,1351,1,202711,115204096,0,115204096,60599936,210416,10000.891,0,0,0,1
mutation,1352,1,202713,115204096,0,115204096,60528560,210169,10000.926,0,0,0,1
mutation,1353,1,202715,115204096,0,115204096,60468080,209959,10000.914,0,0,0,1
mutation,1354,1,202717,115204096,0,115204096,60487088,210025,10000.904,0,0,0,1
mutation,1355,1,202719,115204096,0,115204096,60381104,209657,10000.936,0,0,0,1
mutation,1356,1,202721,115204096,0,115204096,60384512,209668,10000.881,0,0,0,1
mutation,1357,1,202723,115204096,0,115204096,60441536,209866,10000.886,0,0,0,1
mutation,1358,1,202725,115204096,0,115204096,60228464,209127,10000.883,0,0,0,1
mutation,1359,1,202727,115204096,0,115204096,60427760,209819,10000.917,0,0,0,1
mutation,1360,1,202729,115204096,0,115204096,60432368,209835,10000.927,0,0,0,1
mutation,1361,1,202731,115204096,0,115204096,60551600,210249,10000.917,0,0,0,1
mutation,1362,1,202733,115204096,0,115204096,60377072,209643,10000.899,0,0,0,1
mutation,1363,1,202735,115204096,0,115204096,60382784,209662,10000.875,0,0,0,1
mutation,1364,1,202737,115204096,0,115204096,60507200,210094,10000.874,0,0,0,1
mutation,1365,1,202739,115204096,0,115204096,60559088,210275,10000.926,0,0,0,1
mutation,1366,1,202741,115204096,0,115204096,60505520,210089,10000.883,0,0,0,1
mutation,1367,1,202743,115204096,0,115204096,60326384,209467,10000.886,0,0,0,1
mutation,1368,1,202745,115204096,0,115204096,60440432,209863,10000.939,0,0,0,1
mutation,1369,1,202747,115204096,0,115204096,60365552,209603,10000.908,0,0,0,1
mutation,1370,1,202749,115204096,0,115204096,60498032,210063,10000.942,0,0,0,1
mutation,1371,1,202751,115204096,0,115204096,60461744,209937,10000.917,0,0,0,1
mutation,1372,1,202753,115204096,0,115204096,60505472,210088,10000.894,0,0,0,1
mutation,1373,1,202755,115204096,0,115204096,60428912,209823,10000.916,0,0,0,1
mutation,1374,1,202757,115204096,0,115204096,60447920,209889,10000.919,0,0,0,1
mutation,1375,1,202759,115204096,0,115204096,60417968,209785,10000.893,0,0,0,1
mutation,1376,1,202761,115204096,0,115204096,60458864,209927,10000.902,0,0,0,1
mutation,1377,1,202763,115204096,0,115204096,60256064,209222,10000.893,0,0,0,1
mutation,1378,1,202765,115204096,0,115204096,60498608,210065,10000.902,0,0,0,1
mutation,1379,1,202767,115204096,0,115204096,60398336,209716,10000.910,0,0,0,1
mutation,1380,1,202769,115204096,0,115204096,60421424,209797,10000.898,0,0,0,1
mutation,1381,1,202771,115204096,0,115204096,60474992,209983,10000.943,0,0,0,1
mutation,1382,1,202773,115204096,0,115204096,60408752,209753,10000.900,0,0,0,1
mutation,1383,1,202775,115204096,0,115204096,60436928,209850,10000.911,0,0,0,1
mutation,1384,1,202777,115204096,0,115204096,60207680,209054,10000.879,0,0,0,1
mutation,1385,1,202779,115204096,0,115204096,60155888,208875,10000.936,0,0,0,1
mutation,1386,1,202781,115204096,0,115204096,60135728,208805,10000.900,0,0,0,1
mutation,1387,1,202783,115204096,0,115204096,60500864,210072,10000.901,0,0,0,1
mutation,1388,1,202785,115204096,0,115204096,60239984,209167,10000.880,0,0,0,1
mutation,1389,1,202787,115204096,0,115204096,60393728,209700,10000.919,0,0,0,1
mutation,1390,1,202789,115204096,0,115204096,60438128,209855,10000.894,0,0,0,1
mutation,1391,1,202791,115204096,0,115204096,60481904,210007,10000.957,0,0,0,1
mutation,1392,1,202793,115204096,0,115204096,60487664,210027,10000.898,0,0,0,1
mutation,1393,1,202795,115204096,0,115204096,60434048,209840,10000.897,0,0,0,1
mutation,1394,1,202797,115204096,0,115204096,60368384,209612,10000.893,0,0,0,1
mutation,1395,1,202799,115204096,0,115204096,60546416,210231,10000.886,0,0,0,1
mutation,1396,1,202801,115204096,0,115204096,60451328,209900,10000.896,0,0,0,1
mutation,1397,1,202803,115204096,0,115204096,60429488,209825,10000.901,0,0,0,1
mutation,1398,1,202805,115204096,0,115204096,60409904,209757,10000.924,0,0,0,1
mutation,1399,1,202807,115204096,0,115204096,60469760,209964,10000.891,0,0,0,1
mutation,1400,1,202809,115204096,0,115204096,60370736,209621,10000.945,0,0,0,1
mutation,1401,1,202811,115204096,0,115204096,60352256,209556,10000.901,0,0,0,1
mutation,1402,1,202813,115204096,0,115204096,60359168,209580,10000.889,0,0,0,1
mutation,1403,1,202815,115204096,0,115204096,60435776,209846,10000.908,0,0,0,1
mutation,1404,1,202817,115204096,0,115204096,60374768,209635,10000.902,0,0,0,1
mutation,1405,1,202819,115204096,0,115204096,60400688,209725,10000.914,0,0,0,1
mutation,1406,1,202821,115204096,0,115204096,60484160,210014,10000.891,0,0,0,1
mutation,1407,1,202823,115204096,0,115204096,60446192,209883,10001.343,0,0,0,1
mutation,1408,1,202825,115204096,0,115204096,60475568,209985,10000.854,0,0,0,1
mutation,1409,1,202827,115204096,0,115204096,60477872,209993,10000.899,0,0,0,1
mutation,1410,1,202829,115204096,0,115204096,60494576,210051,10000.887,0,0,0,1
mutation,1411,1,202831,115204096,0,115204096,60532592,210183,10000.853,0,0,0,1
mutation,1412,1,202833,115204096,0,115204096,60531440,210179,10000.908,0,0,0,1
mutation,1413,1,202835,115204096,0,115204096,60355184,209567,10000.955,0,0,0,1
mutation,1414,1,202837,115204096,0,115204096,60337904,209507,10000.936,0,0,0,1
mutation,1415,1,202839,115204096,0,115204096,60375920,209639,10000.930,0,0,0,1
mutation,1416,1,202841,115204096,0,115204096,60478976,209996,10000.901,0,0,0,1
mutation,1417,1,202843,115204096,0,115204096,60492848,210045,10000.928,0,0,0,1
mutation,1418,1,202845,115204096,0,115204096,60386864,209677,10000.893,0,0,0,1
mutation,1419,1,202847,115204096,0,115204096,60554432,210258,10000.885,0,0,0,1
mutation,1420,1,202849,115204096,0,115204096,60458864,209927,10000.918,0,0,0,1
mutation,1421,1,202851,115204096,0,115204096,60560192,210278,10000.901,0,0,0,1
mutation,1422,1,202853,115204096,0,115204096,60490544,210037,10000.937,0,0,0,1
mutation,1423,1,202855,115204096,0,115204096,60509504,210102,10000.913,0,0,0,1
mutation,1424,1,202857,115204096,0,115204096,60401840,209729,10000.910,0,0,0,1
mutation,1425,1,202859,115204096,0,115204096,60480752,210003,10000.914,0,0,0,1
mutation,1426,1,202861,115204096,0,115204096,60427712,209818,10000.879,0,0,0,1
mutation,1427,1,202863,115204096,0,115204096,60294704,209357,10000.946,0,0,0,1
mutation,1428,1,202865,115204096,0,115204096,60388592,209683,10000.936,0,0,0,1
mutation,1429,1,202867,115204096,0,115204096,60409856,209756,10000.907,0,0,0,1
mutation,1430,1,202869,115204096,0,115204096,60494576,210051,10000.892,0,0,0,1
mutation,1431,1,202871,115204096,0,115204096,60461168,209935,10000.942,0,0,0,1
mutation,1432,1,202873,115204096,0,115204096,60503216,210081,10000.888,0,0,0,1
mutation,1433,1,202875,115204096,0,115204096,60376448,209640,10000.890,0,0,0,1
mutation,1434,1,202877,115204096,0,115204096,60389120,209684,10000.910,0,0,0,1
mutation,1435,1,202879,115204096,0,115204096,60366080,209604,10000.899,0,0,0,1
mutation,1436,1,202881,115204096,0,115204096,60486512,210023,10000.917,0,0,0,1
mutation,1437,1,202883,115204096,0,115204096,60510128,210105,10000.836,0,0,0,1
mutation,1438,1,202885,115204096,0,115204096,60531440,210179,10000.933,0,0,0,1
mutation,1439,1,202887,115204096,0,115204096,60470384,209967,10000.934,0,0,0,1
mutation,1440,1,202889,115204096,0,115204096,60326384,209467,10000.910,0,0,0,1
mutation,1441,1,202891,115204096,0,115204096,60454256,209911,10000.892,0,0,0,1
mutation,1442,1,202893,115204096,0,115204096,60489920,210034,10000.913,0,0,0,1
mutation,1443,1,202895,115204096,0,115204096,60486512,210023,10000.901,0,0,0,1
mutation,1444,1,202897,115204096,0,115204096,60499760,210069,10000.907,0,0,0,1
mutation,1445,1,202899,115204096,0,115204096,60452528,209905,10000.891,0,0,0,1
mutation,1446,1,202901,115204096,0,115204096,60407024,209747,10000.945,0,0,0,1
mutation,1447,1,202903,115204096,0,115204096,60411008,209760,10000.907,0,0,0,1
mutation,1448,1,202905,115204096,0,115204096,60280832,209308,10000.902,0,0,0,1
mutation,1449,1,202907,115204096,0,115204096,60378224,209647,10000.893,0,0,0,1
mutation,1450,1,202909,115204096,0,115204096,60394880,209704,10000.898,0,0,0,1
mutation,1451,1,202911,115204096,0,115204096,60428336,209821,10000.929,0,0,0,1
mutation,1452,1,202913,115204096,0,115204096,60466880,209954,10000.900,0,0,0,1
mutation,1453,1,202915,115204096,0,115204096,60469232,209963,10000.892,0,0,0,1
mutation,1454,1,202917,115204096,0,115204096,60391424,209692,10000.908,0,0,0,1
mutation,1455,1,202919,115204096,0,115204096,60512432,210113,10000.922,0,0,0,1
mutation,1456,1,202921,115204096,0,115204096,60378224,209647,10000.935,0,0,0,1
mutation,1457,1,202923,115204096,0,115204096,60447344,209887,10000.922,0,0,0,1
mutation,1458,1,202925,115204096,0,115204096,60486464,210022,10000.875,0,0,0,1
mutation,1459,1,202927,115204096,0,115204096,60405248,209740,10000.910,0,0,0,1
mutation,1460,1,202929,115204096,0,115204096,60544112,210223,10000.923,0,0,0,1
mutation,1461,1,202931,115204096,0,115204096,60339584,209512,10000.898,0,0,0,1
mutation,1462,1,202933,115204096,0,115204096,60479600,209999,10000.906,0,0,0,1
mutation,1463,1,202935,115204096,0,115204096,60467456,209956,10000.899,0,0,0,1
mutation,1464,1,202937,115204096,0,115204096,60413936,209771,10000.930,0,0,0,1
mutation,1465,1,202939,115204096,0,115204096,60389168,209685,10000.940,0,0,0,1
mutation,1466,1,202941,115204096,0,115204096,60324608,209460,10000.881,0,0,0,1
mutation,1467,1,202943,115204096,0,115204096,60498608,210065,10000.881,0,0,0,1
mutation,1468,1,202945,115204096,0,115204096,60420848,209795,10000.884,0,0,0,1
mutation,1469,1,202947,115204096,0,115204096,60488816,210031,10000.868,0,0,0,1
mutation,1470,1,202949,115204096,0,115204096,60380528,209655,10000.916,0,0,0,1
mutation,1471,1,202951,115204096,0,115204096,60367232,209608,10000.897,0,0,0,1
mutation,1472,1,202953,115204096,0,115204096,60329264,209477,10000.904,0,0,0,1
mutation,1473,1,202955,115204096,0,115204096,60355136,209566,10000.902,0,0,0,1
mutation,1474,1,202957,115204096,0,115204096,60412208,209765,10000.936,0,0,0,1
mutation,1475,1,202959,115204096,0,115204096,60481280,210004,10000.894,0,0,0,1
mutation,1476,1,202961,115204096,0,115204096,60339056,209511,10000.885,0,0,0,1
mutation,1477,1,202963,115204096,0,115204096,60348800,209544,10000.903,0,0,0,1
mutation,1478,1,202965,115204096,0,115204096,60508928,210100,10000.901,0,0,0,1
mutation,1479,1,202967,115204096,0,115204096,60540080,210209,10000.927,0,0,0,1
mutation,1480,1,202969,115204096,0,115204096,60381632,209658,10000.891,0,0,0,1
mutation,1481,1,202971,115204096,0,115204096,60472112,209973,10000.925,0,0,0,1
mutation,1482,1,202973,115204096,0,115204096,60300464,209377,10000.885,0,0,0,1
mutation,1483,1,202975,115204096,0,115204096,60420272,209793,10000.905,0,0,0,1
mutation,1484,1,202977,115204096,0,115204096,60455984,209917,10000.928,0,0,0,1
mutation,1485,1,202979,115204096,0,115204096,60408704,209752,10000.912,0,0,0,1
mutation,1486,1,202981,115204096,0,115204096,60563648,210290,10000.886,0,0,0,1
mutation,1487,1,202983,115204096,0,115204096,61112624,212197,10001.009,0,0,0,1
mutation,1488,1,202985,115204096,0,115204096,60410432,209758,10000.871,0,0,0,1
mutation,1489,1,202987,115204096,0,115204096,60404144,209737,10000.909,0,0,0,1
mutation,1490,1,202989,115204096,0,115204096,60374768,209635,10000.888,0,0,0,1
mutation,1491,1,202991,115204096,0,115204096,60481904,210007,10000.903,0,0,0,1
mutation,1492,1,202993,115204096,0,115204096,60420800,209794,10000.911,0,0,0,1
mutation,1493,1,202995,115204096,0,115204096,60326336,209466,10000.911,0,0,0,1
mutation,1494,1,202997,115204096,0,115204096,60413936,209771,10000.899,0,0,0,1
mutation,1495,1,202999,115204096,0,115204096,60303872,209388,10000.900,0,0,0,1
mutation,1496,1,203001,115204096,0,115204096,60442688,209870,10000.905,0,0,0,1
mutation,1497,1,203003,115204096,0,115204096,60440960,209864,10000.884,0,0,0,1
mutation,1498,1,203005,115204096,0,115204096,60498608,210065,10000.884,0,0,0,1
mutation,1499,1,203007,115204096,0,115204096,60402944,209732,10000.923,0,0,0,1
mutation,1500,1,203009,115204096,0,115204096,60493376,210046,10000.903,0,0,0,1
mutation,1501,1,203011,115204096,0,115204096,60486512,210023,10000.911,0,0,0,1
mutation,1502,1,203013,115204096,0,115204096,60388016,209681,10000.924,0,0,0,1
mutation,1503,1,203015,115204096,0,115204096,60393200,209699,10000.904,0,0,0,1
mutation,1504,1,203017,115204096,0,115204096,60442112,209868,10000.880,0,0,0,1
mutation,1505,1,203019,115204096,0,115204096,60465776,209951,10000.929,0,0,0,1
mutation,1506,1,203021,115204096,0,115204096,60567728,210305,10000.914,0,0,0,1
mutation,1507,1,203023,115204096,0,115204096,60479600,209999,10001.301,0,0,0,1
mutation,1508,1,203025,115204096,0,115204096,60442112,209868,10000.891,0,0,0,1
mutation,1509,1,203027,115204096,0,115204096,60534848,210190,10000.898,0,0,0,1
mutation,1510,1,203029,115204096,0,115204096,60468608,209960,10000.883,0,0,0,1
mutation,1511,1,203031,115204096,0,115204096,60431216,209831,10000.899,0,0,0,1
mutation,1512,1,203033,115204096,0,115204096,60490544,210037,10000.904,0,0,0,1
mutation,1513,1,203035,115204096,0,115204096,60441008,209865,10000.917,0,0,0,1
mutation,1514,1,203037,115204096,0,115204096,60494528,210050,10000.884,0,0,0,1
mutation,1515,1,203039,115204096,0,115204096,60424832,209808,10000.909,0,0,0,1
mutation,1516,1,203041,115204096,0,115204096,60463472,209943,10000.899,0,0,0,1
mutation,1517,1,203043,115204096,0,115204096,60419120,209789,10000.910,0,0,0,1
mutation,1518,1,203045,115204096,0,115204096,60282032,209313,10000.880,0,0,0,1
mutation,1519,1,203047,115204096,0,115204096,60334448,209495,10000.924,0,0,0,1
mutation,1520,1,203049,115204096,0,115204096,60466880,209954,10000.886,0,0,0,1
mutation,1521,1,203051,115204096,0,115204096,60256688,209225,10000.938,0,0,0,1
mutation,1522,1,203053,115204096,0,115204096,60072896,208586,10000.868,0,0,0,1
mutation,1523,1,203055,115204096,0,115204096,60436400,209849,10000.875,0,0,0,1
mutation,1524,1,203057,115204096,0,115204096,60277376,209296,10000.663,0,0,0,1
mutation,1525,1,203059,115204096,0,115204096,60435776,209846,10000.665,0,0,0,1
mutation,1526,1,203061,115204096,0,115204096,60399536,209721,10000.654,0,0,0,1
mutation,1527,1,203063,115204096,0,115204096,60391472,209693,10000.720,0,0,0,1
mutation,1528,1,203065,115204096,0,115204096,60449072,209893,10000.680,0,0,0,1
mutation,1529,1,203067,115204096,0,115204096,60453680,209909,10000.642,0,0,0,1
mutation,1530,1,203069,115204096,0,115204096,60458288,209925,10000.688,0,0,0,1
mutation,1531,1,203071,115204096,0,115204096,60468656,209961,10000.700,0,0,0,1
mutation,1532,1,203073,115204096,0,115204096,60363248,209595,10000.713,0,0,0,1
mutation,1533,1,203075,115204096,0,115204096,60451952,209903,10000.644,0,0,0,1
mutation,1534,1,203077,115204096,0,115204096,60388016,209681,10000.693,0,0,0,1
mutation,1535,1,203079,115204096,0,115204096,60466352,209953,10000.671,0,0,0,1
mutation,1536,1,203081,115204096,0,115204096,60496304,210057,10000.644,0,0,0,1
mutation,1537,1,203083,115204096,0,115204096,60404144,209737,10000.664,0,0,0,1
mutation,1538,1,203085,115204096,0,115204096,60537728,210200,10000.672,0,0,0,1
mutation,1539,1,203087,115204096,0,115204096,60521648,210145,10000.685,0,0,0,1
mutation,1540,1,203089,115204096,0,115204096,60392576,209696,10000.658,0,0,0,1
mutation,1541,1,203091,115204096,0,115204096,60352304,209557,10000.659,0,0,0,1
mutation,1542,1,203093,115204096,0,115204096,60498032,210063,10000.709,0,0,0,1
mutation,1543,1,203095,115204096,0,115204096,60411008,209760,10000.656,0,0,0,1
mutation,1544,1,203097,115204096,0,115204096,60397808,209715,10001.226,0,0,0,1
mutation,1545,1,203099,115204096,0,115204096,60515888,210125,10000.675,0,0,0,1
mutation,1546,1,203101,115204096,0,115204096,60534896,210191,10000.680,0,0,0,1
mutation,1547,1,203103,115204096,0,115204096,60377600,209644,10000.644,0,0,0,1
mutation,1548,1,203105,115204096,0,115204096,60444992,209878,10000.647,0,0,0,1
mutation,1549,1,203107,115204096,0,115204096,60445616,209881,10000.698,0,0,0,1
mutation,1550,1,203109,115204096,0,115204096,60468608,209960,10000.666,0,0,0,1
mutation,1551,1,203111,115204096,0,115204096,60394304,209702,10000.652,0,0,0,1
mutation,1552,1,203113,115204096,0,115204096,60354560,209564,10000.655,0,0,0,1
mutation,1553,1,203115,115204096,0,115204096,60536576,210196,10000.659,0,0,0,1
mutation,1554,1,203117,115204096,0,115204096,60377072,209643,10000.652,0,0,0,1
mutation,1555,1,203119,115204096,0,115204096,61146032,212313,10000.608,0,0,0,1
mutation,1556,1,203121,115204096,0,115204096,60442160,209869,10000.682,0,0,0,1
mutation,1557,1,203123,115204096,0,115204096,60468656,209961,10000.682,0,0,0,1
mutation,1558,1,203125,115204096,0,115204096,60358640,209579,10000.693,0,0,0,1
mutation,1559,1,203127,115204096,0,115204096,60525680,210159,10000.694,0,0,0,1
mutation,1560,1,203129,115204096,0,115204096,60374768,209635,10000.658,0,0,0,1
mutation,1561,1,203131,115204096,0,115204096,60420848,209795,10000.703,0,0,0,1
mutation,1562,1,203133,115204096,0,115204096,60369008,209615,10000.680,0,0,0,1
mutation,1563,1,203135,115204096,0,115204096,60402992,209733,10000.676,0,0,0,1
mutation,1564,1,203137,115204096,0,115204096,60542384,210217,10000.632,0,0,0,1
mutation,1565,1,203139,115204096,0,115204096,60472688,209975,10000.648,0,0,0,1
mutation,1566,1,203141,115204096,0,115204096,60438656,209856,10000.656,0,0,0,1
mutation,1567,1,203143,115204096,0,115204096,60387440,209679,10000.737,0,0,0,1
mutation,1568,1,203145,115204096,0,115204096,60408128,209750,10000.913,0,0,0,1
mutation,1569,1,203147,115204096,0,115204096,60446192,209883,10000.936,0,0,0,1
mutation,1570,1,203149,115204096,0,115204096,60514688,210120,10000.886,0,0,0,1
mutation,1571,1,203151,115204096,0,115204096,60367280,209609,10000.926,0,0,0,1
mutation,1572,1,203153,115204096,0,115204096,60443888,209875,10000.948,0,0,0,1
mutation,1573,1,203155,115204096,0,115204096,60555632,210263,10000.905,0,0,0,1
mutation,1574,1,203157,115204096,0,115204096,60520496,210141,10000.932,0,0,0,1
mutation,1575,1,203159,115204096,0,115204096,60524480,210154,10000.919,0,0,0,1
mutation,1576,1,203161,115204096,0,115204096,60445616,209881,10000.882,0,0,0,1
mutation,1577,1,203163,115204096,0,115204096,60336128,209500,10000.649,0,0,0,1
mutation,1578,1,203165,115204096,0,115204096,60447344,209887,10000.637,0,0,0,1
mutation,1579,1,203167,115204096,0,115204096,60450224,209897,10000.650,0,0,0,1
mutation,1580,1,203169,115204096,0,115204096,60453632,209908,10000.657,0,0,0,1
mutation,1581,1,203171,115204096,0,115204096,60413312,209768,10000.670,0,0,0,1
mutation,1582,1,203173,115204096,0,115204096,60472688,209975,10000.671,0,0,0,1
mutation,1583,1,203175,115204096,0,115204096,60382208,209660,10000.652,0,0,0,1
mutation,1584,1,203177,115204096,0,115204096,60445568,209880,10000.661,0,0,0,1
mutation,1585,1,203179,115204096,0,115204096,60504320,210084,10000.646,0,0,0,1
mutation,1586,1,203181,115204096,0,115204096,60449072,209893,10000.701,0,0,0,1
mutation,1587,1,203183,115204096,0,115204096,60442688,209870,10000.642,0,0,0,1
mutation,1588,1,203185,115204096,0,115204096,60405248,209740,10001.178,0,0,0,1
mutation,1589,1,203187,115204096,0,115204096,60390896,209691,10000.922,0,0,0,1
mutation,1590,1,203189,115204096,0,115204096,60492272,210043,10000.911,0,0,0,1
mutation,1591,1,203191,115204096,0,115204096,60454256,209911,10000.913,0,0,0,1
mutation,1592,1,203193,115204096,0,115204096,60513584,210117,10000.908,0,0,0,1
mutation,1593,1,203195,115204096,0,115204096,60390896,209691,10000.901,0,0,0,1
mutation,1594,1,203197,115204096,0,115204096,59429552,206353,10001.254,0,0,0,1
mutation,1595,1,203199,115204096,0,115204096,60450176,209896,10000.874,0,0,0,1
mutation,1596,1,203201,115204096,0,115204096,60215792,209083,10000.916,0,0,0,1
mutation,1597,1,203203,115204096,0,115204096,60465200,209949,10000.945,0,0,0,1
mutation,1598,1,203205,115204096,0,115204096,60379328,209650,10000.891,0,0,0,1
mutation,1599,1,203207,115204096,0,115204096,60360944,209587,10000.921,0,0,0,1
mutation,1600,1,203209,115204096,0,115204096,60440432,209863,10000.939,0,0,0,1
mutation,1601,1,203211,115204096,0,115204096,60340160,209514,10000.887,0,0,0,1
mutation,1602,1,203213,115204096,0,115204096,60392624,209697,10000.933,0,0,0,1
mutation,1603,1,203215,115204096,0,115204096,60469808,209965,10000.876,0,0,0,1
mutation,1604,1,203217,115204096,0,115204096,60466304,209952,10000.908,0,0,0,1
mutation,1605,1,203219,115204096,0,115204096,60458288,209925,10000.887,0,0,0,1
mutation,1606,1,203221,115204096,0,115204096,60446192,209883,10000.904,0,0,0,1
mutation,1607,1,203223,115204096,0,115204096,60444464,209877,10001.250,0,0,0,1
mutation,1608,1,203225,115204096,0,115204096,60535424,210192,10000.896,0,0,0,1
mutation,1609,1,203227,115204096,0,115204096,60489968,210035,10000.942,0,0,0,1
mutation,1610,1,203229,115204096,0,115204096,60415616,209776,10000.899,0,0,0,1
mutation,1611,1,203231,115204096,0,115204096,60237680,209159,10000.878,0,0,0,1
mutation,1612,1,203233,115204096,0,115204096,60465200,209949,10000.922,0,0,0,1
mutation,1613,1,203235,115204096,0,115204096,60515264,210122,10000.921,0,0,0,1
mutation,1614,1,203237,115204096,0,115204096,60372464,209627,10000.890,0,0,0,1
mutation,1615,1,203239,115204096,0,115204096,60496832,210058,10000.899,0,0,0,1
mutation,1616,1,203241,115204096,0,115204096,60372416,209626,10000.877,0,0,0,1
mutation,1617,1,203243,115204096,0,115204096,60381104,209657,10000.881,0,0,0,1
mutation,1618,1,203245,115204096,0,115204096,60389744,209687,10000.922,0,0,0,1
mutation,1619,1,203247,115204096,0,115204096,60483632,210013,10000.924,0,0,0,1
mutation,1620,1,203249,115204096,0,115204096,60407600,209749,10000.889,0,0,0,1
mutation,1621,1,203251,115204096,0,115204096,60459440,209929,10000.889,0,0,0,1
mutation,1622,1,203253,115204096,0,115204096,60495728,210055,10000.914,0,0,0,1
mutation,1623,1,203255,115204096,0,115204096,60550448,210245,10000.927,0,0,0,1
mutation,1624,1,203257,115204096,0,115204096,60442160,209869,10000.874,0,0,0,1
mutation,1625,1,203259,115204096,0,115204096,60424880,209809,10000.921,0,0,0,1
mutation,1626,1,203261,115204096,0,115204096,60360320,209584,10000.900,0,0,0,1
mutation,1627,1,203263,115204096,0,115204096,60404720,209739,10000.929,0,0,0,1
mutation,1628,1,203265,115204096,0,115204096,60432944,209837,10000.656,0,0,0,1
mutation,1629,1,203267,115204096,0,115204096,60579200,210344,10000.660,0,0,0,1
mutation,1630,1,203269,115204096,0,115204096,59966336,208216,10000.657,0,0,0,1
mutation,1631,1,203271,115204096,0,115204096,60336128,209500,10000.665,0,0,0,1
mutation,1632,1,203273,115204096,0,115204096,60451376,209901,10000.672,0,0,0,1
mutation,1633,1,203275,115204096,0,115204096,60508400,210099,10000.676,0,0,0,1
mutation,1634,1,203277,115204096,0,115204096,60459392,209928,10000.676,0,0,0,1
mutation,1635,1,203279,115204096,0,115204096,60415616,209776,10000.657,0,0,0,1
mutation,1636,1,203281,115204096,0,115204096,60371312,209623,10000.690,0,0,0,1
mutation,1637,1,203283,115204096,0,115204096,60408176,209751,10000.663,0,0,0,1
mutation,1638,1,203285,115204096,0,115204096,60461744,209937,10000.654,0,0,0,1
mutation,1639,1,203287,115204096,0,115204096,60437552,209853,10000.672,0,0,0,1
mutation,1640,1,203289,115204096,0,115204096,60303920,209389,10000.656,0,0,0,1
mutation,1641,1,203291,115204096,0,115204096,60350000,209549,10000.660,0,0,0,1
mutation,1642,1,203293,115204096,0,115204096,60438656,209856,10000.661,0,0,0,1
mutation,1643,1,203295,115204096,0,115204096,60587888,210375,10000.653,0,0,0,1
mutation,1644,1,203297,115204096,0,115204096,60516992,210128,10000.647,0,0,0,1
mutation,1645,1,203299,115204096,0,115204096,60435824,209847,10000.680,0,0,0,1
mutation,1646,1,203301,115204096,0,115204096,60464576,209946,10000.642,0,0,0,1
mutation,1647,1,203303,115204096,0,115204096,60343088,209525,10000.672,0,0,0,1
mutation,1648,1,203305,115204096,0,115204096,60477872,209993,10000.688,0,0,0,1
mutation,1649,1,203307,115204096,0,115204096,61217456,212561,10000.625,0,0,0,1
mutation,1650,1,203309,115204096,0,115204096,60242864,209177,10000.905,0,0,0,1
mutation,1651,1,203311,115204096,0,115204096,60408128,209750,10000.895,0,0,0,1
mutation,1652,1,203313,115204096,0,115204096,60458816,209926,10000.660,0,0,0,1
mutation,1653,1,203315,115204096,0,115204096,60195584,209012,10000.672,0,0,0,1
mutation,1654,1,203317,115204096,0,115204096,60506048,210090,10000.654,0,0,0,1
mutation,1655,1,203319,115204096,0,115204096,60367280,209609,10000.716,0,0,0,1
mutation,1656,1,203321,115204096,0,115204096,60410480,209759,10000.675,0,0,0,1
mutation,1657,1,203323,115204096,0,115204096,60356288,209570,10000.663,0,0,0,1
mutation,1658,1,203325,115204096,0,115204096,60363824,209597,10000.685,0,0,0,1
mutation,1659,1,203327,115204096,0,115204096,60373616,209631,10000.667,0,0,0,1
mutation,1660,1,203329,115204096,0,115204096,60519344,210137,10000.681,0,0,0,1
mutation,1661,1,203331,115204096,0,115204096,60451328,209900,10000.632,0,0,0,1
mutation,1662,1,203333,115204096,0,115204096,60517616,210131,10000.679,0,0,0,1
mutation,1663,1,203335,115204096,0,115204096,60461696,209936,10000.642,0,0,0,1
mutation,1664,1,203337,115204096,0,115204096,60477248,209990,10000.664,0,0,0,1
mutation,1665,1,203339,115204096,0,115204096,60474944,209982,10000.668,0,0,0,1
mutation,1666,1,203341,115204096,0,115204096,60397808,209715,10000.691,0,0,0,1
mutation,1667,1,203343,115204096,0,115204096,60400640,209724,10000.644,0,0,0,1
mutation,1668,1,203345,115204096,0,115204096,60492272,210043,10000.692,0,0,0,1
mutation,1669,1,203347,115204096,0,115204096,60434672,209843,10000.701,0,0,0,1
mutation,1670,1,203349,115204096,0,115204096,60408176,209751,10000.694,0,0,0,1
mutation,1671,1,203351,115204096,0,115204096,60486464,210022,10000.649,0,0,0,1
mutation,1672,1,203353,115204096,0,115204096,60507248,210095,10000.923,0,0,0,1
mutation,1673,1,203355,115204096,0,115204096,60430640,209829,10000.936,0,0,0,1
mutation,1674,1,203357,115204096,0,115204096,60462320,209939,10000.903,0,0,0,1
mutation,1675,1,203359,115204096,0,115204096,60334448,209495,10000.901,0,0,0,1
mutation,1676,1,203361,115204096,0,115204096,60432896,209836,10000.903,0,0,0,1
mutation,1677,1,203363,115204096,0,115204096,60282032,209313,10000.890,0,0,0,1
mutation,1678,1,203365,115204096,0,115204096,60430640,209829,10000.917,0,0,0,1
mutation,1679,1,203367,115204096,0,115204096,60504944,210087,10000.944,0,0,0,1
mutation,1680,1,203369,115204096,0,115204096,60479600,209999,10000.911,0,0,0,1
mutation,1681,1,203371,115204096,0,115204096,60436976,209851,10000.929,0,0,0,1
mutation,1682,1,203373,115204096,0,115204096,60426608,209815,10000.943,0,0,0,1
mutation,1683,1,203375,115204096,0,115204096,60465200,209949,10000.908,0,0,0,1
mutation,1684,1,203377,115204096,0,115204096,60522224,210147,10000.910,0,0,0,1
mutation,1685,1,203379,115204096,0,115204096,60462896,209941,10000.946,0,0,0,1
mutation,1686,1,203381,115204096,0,115204096,60469760,209964,10000.871,0,0,0,1
mutation,1687,1,203383,115204096,0,115204096,60417344,209782,10000.880,0,0,0,1
mutation,1688,1,203385,115204096,0,115204096,60374192,209633,10000.925,0,0,0,1
mutation,1689,1,203387,115204096,0,115204096,60487664,210027,10000.906,0,0,0,1
mutation,1690,1,203389,115204096,0,115204096,60411056,209761,10000.895,0,0,0,1
mutation,1691,1,203391,115204096,0,115204096,60483056,210011,10000.882,0,0,0,1
mutation,1692,1,203393,115204096,0,115204096,60554432,210258,10000.892,0,0,0,1
mutation,1693,1,203395,115204096,0,115204096,60370160,209619,10000.901,0,0,0,1
mutation,1694,1,203397,115204096,0,115204096,60459440,209929,10000.899,0,0,0,1
mutation,1695,1,203399,115204096,0,115204096,60435200,209844,10000.866,0,0,0,1
mutation,1696,1,203401,115204096,0,115204096,60428912,209823,10000.913,0,0,0,1
mutation,1697,1,203403,115204096,0,115204096,60348848,209545,10000.921,0,0,0,1
mutation,1698,1,203405,115204096,0,115204096,60510128,210105,10000.891,0,0,0,1
mutation,1699,1,203407,115204096,0,115204096,60135680,208804,10000.877,0,0,0,1
mutation,1700,1,203409,115204096,0,115204096,60366080,209604,10000.893,0,0,0,1
mutation,1701,1,203411,115204096,0,115204096,60445040,209879,10000.966,0,0,0,1
mutation,1702,1,203413,115204096,0,115204096,60480752,210003,10000.904,0,0,0,1
mutation,1703,1,203415,115204096,0,115204096,60407024,209747,10000.896,0,0,0,1
mutation,1704,1,203417,115204096,0,115204096,60466928,209955,10000.881,0,0,0,1
mutation,1705,1,203419,115204096,0,115204096,60496256,210056,10000.879,0,0,0,1
mutation,1706,1,203421,115204096,0,115204096,60514736,210121,10000.928,0,0,0,1
mutation,1707,1,203423,115204096,0,115204096,60370736,209621,10001.333,0,0,0,1
mutation,1708,1,203425,115204096,0,115204096,60496832,210058,10000.874,0,0,0,1
mutation,1709,1,203427,115204096,0,115204096,60521072,210143,10000.840,0,0,0,1
mutation,1710,1,203429,115204096,0,115204096,60328640,209474,10000.906,0,0,0,1
mutation,1711,1,203431,115204096,0,115204096,60296384,209362,10000.875,0,0,0,1
mutation,1712,1,203433,115204096,0,115204096,60308480,209404,10000.868,0,0,0,1
mutation,1713,1,203435,115204096,0,115204096,60453104,209907,10000.945,0,0,0,1
mutation,1714,1,203437,115204096,0,115204096,60431744,209832,10000.859,0,0,0,1
mutation,1715,1,203439,115204096,0,115204096,60413360,209769,10000.645,0,0,0,1
mutation,1716,1,203441,115204096,0,115204096,60388592,209683,10000.641,0,0,0,1
mutation,1717,1,203443,115204096,0,115204096,60431216,209831,10000.653,0,0,0,1
mutation,1718,1,203445,115204096,0,115204096,60311984,209417,10000.670,0,0,0,1
mutation,1719,1,203447,115204096,0,115204096,60446768,209885,10000.673,0,0,0,1
mutation,1720,1,203449,115204096,0,115204096,60374144,209632,10000.680,0,0,0,1
mutation,1721,1,203451,115204096,0,115204096,60533120,210184,10000.636,0,0,0,1
mutation,1722,1,203453,115204096,0,115204096,60425456,209811,10000.667,0,0,0,1
mutation,1723,1,203455,115204096,0,115204096,60455936,209916,10000.881,0,0,0,1
mutation,1724,1,203457,115204096,0,115204096,60558512,210273,10000.690,0,0,0,1
mutation,1725,1,203459,115204096,0,115204096,60453632,209908,10000.653,0,0,0,1
mutation,1726,1,203461,115204096,0,115204096,60481904,210007,10000.684,0,0,0,1
mutation,1727,1,203463,115204096,0,115204096,60435248,209845,10000.660,0,0,0,1
mutation,1728,1,203465,115204096,0,115204096,60499712,210068,10000.638,0,0,0,1
mutation,1729,1,203467,115204096,0,115204096,60437504,209852,10000.641,0,0,0,1
mutation,1730,1,203469,115204096,0,115204096,60286592,209328,10000.894,0,0,0,1
mutation,1731,1,203471,115204096,0,115204096,60483584,210012,10000.865,0,0,0,1
mutation,1732,1,203473,115204096,0,115204096,60468032,209958,10000.890,0,0,0,1
mutation,1733,1,203475,115204096,0,115204096,60503744,210082,10000.898,0,0,0,1
mutation,1734,1,203477,115204096,0,115204096,60423152,209803,10000.920,0,0,0,1
mutation,1735,1,203479,115204096,0,115204096,60515840,210124,10000.889,0,0,0,1
mutation,1736,1,203481,115204096,0,115204096,60435248,209845,10000.877,0,0,0,1
mutation,1737,1,203483,115204096,0,115204096,60398336,209716,10000.906,0,0,0,1
mutation,1738,1,203485,115204096,0,115204096,60151808,208860,10001.283,0,0,0,1
mutation,1739,1,203487,115204096,0,115204096,60207152,209053,10000.915,0,0,0,1
mutation,1740,1,203489,115204096,0,115204096,60504944,210087,10000.892,0,0,0,1
mutation,1741,1,203491,115204096,0,115204096,60162176,208896,10000.909,0,0,0,1
mutation,1742,1,203493,115204096,0,115204096,60235904,209152,10000.886,0,0,0,1
mutation,1743,1,203495,115204096,0,115204096,60484208,210015,10000.887,0,0,0,1
mutation,1744,1,203497,115204096,0,115204096,60365552,209603,10000.935,0,0,0,1
mutation,1745,1,203499,115204096,0,115204096,60468656,209961,10000.906,0,0,0,1
mutation,1746,1,203501,115204096,0,115204096,60410480,209759,10000.890,0,0,0,1
mutation,1747,1,203503,115204096,0,115204096,60441008,209865,10000.932,0,0,0,1
mutation,1748,1,203505,115204096,0,115204096,60468608,209960,10000.878,0,0,0,1
mutation,1749,1,203507,115204096,0,115204096,60371312,209623,10000.932,0,0,0,1
mutation,1750,1,203509,115204096,0,115204096,60441584,209867,10000.876,0,0,0,1
mutation,1751,1,203511,115204096,0,115204096,60397808,209715,10000.866,0,0,0,1
mutation,1752,1,203513,115204096,0,115204096,60223808,209110,10000.887,0,0,0,1
mutation,1753,1,203515,115204096,0,115204096,60428912,209823,10000.887,0,0,0,1
mutation,1754,1,203517,115204096,0,115204096,60502064,210077,10000.915,0,0,0,1
mutation,1755,1,203519,115204096,0,115204096,60474368,209980,10000.890,0,0,0,1
mutation,1756,1,203521,115204096,0,115204096,60474368,209980,10000.909,0,0,0,1
mutation,1757,1,203523,115204096,0,115204096,60460544,209932,10000.903,0,0,0,1
mutation,1758,1,203525,115204096,0,115204096,60477296,209991,10000.885,0,0,0,1
mutation,1759,1,203527,115204096,0,115204096,60390896,209691,10000.883,0,0,0,1
mutation,1760,1,203529,115204096,0,115204096,60481328,210005,10000.899,0,0,0,1
mutation,1761,1,203531,115204096,0,115204096,60538880,210204,10000.880,0,0,0,1
mutation,1762,1,203533,115204096,0,115204096,60503792,210083,10000.926,0,0,0,1
mutation,1763,1,203535,115204096,0,115204096,60473216,209976,10000.910,0,0,0,1
mutation,1764,1,203537,115204096,0,115204096,60507776,210096,10000.888,0,0,0,1
mutation,1765,1,203539,115204096,0,115204096,60453104,209907,10000.884,0,0,0,1
mutation,1766,1,203541,115204096,0,115204096,60461168,209935,10000.959,0,0,0,1
mutation,1767,1,203543,115204096,0,115204096,60487040,210024,10000.954,0,0,0,1
mutation,1768,1,203545,115204096,0,115204096,60447920,209889,10000.908,0,0,0,1
mutation,1769,1,203547,115204096,0,115204096,60530288,210175,10000.889,0,0,0,1
mutation,1770,1,203549,115204096,0,115204096,60420848,209795,10000.931,0,0,0,1
mutation,1771,1,203551,115204096,0,115204096,60402368,209730,10000.889,0,0,0,1
mutation,1772,1,203553,115204096,0,115204096,60521024,210142,10000.898,0,0,0,1
mutation,1773,1,203555,115204096,0,115204096,60446192,209883,10000.933,0,0,0,1
mutation,1774,1,203557,115204096,0,115204096,60514736,210121,10000.913,0,0,0,1
mutation,1775,1,203559,115204096,0,115204096,60517616,210131,10000.921,0,0,0,1
mutation,1776,1,203561,115204096,0,115204096,60418496,209786,10000.885,0,0,0,1
mutation,1777,1,203563,115204096,0,115204096,60455984,209917,10000.907,0,0,0,1
mutation,1778,1,203565,115204096,0,115204096,60341888,209520,10000.907,0,0,0,1
mutation,1779,1,203567,115204096,0,115204096,60180656,208961,10000.880,0,0,0,1
mutation,1780,1,203569,115204096,0,115204096,60426032,209813,10000.907,0,0,0,1
mutation,1781,1,203571,115204096,0,115204096,60292400,209349,10000.941,0,0,0,1
mutation,1782,1,203573,115204096,0,115204096,60440384,209862,10000.896,0,0,0,1
mutation,1783,1,203575,115204096,0,115204096,60498560,210064,10000.894,0,0,0,1
mutation,1784,1,203577,115204096,0,115204096,60417968,209785,10000.938,0,0,0,1
mutation,1785,1,203579,115204096,0,115204096,60378752,209648,10000.900,0,0,0,1
mutation,1786,1,203581,115204096,0,115204096,60496256,210056,10000.896,0,0,0,1
mutation,1787,1,203583,115204096,0,115204096,60387440,209679,10000.887,0,0,0,1
mutation,1788,1,203585,115204096,0,115204096,60419120,209789,10000.879,0,0,0,1
mutation,1789,1,203587,115204096,0,115204096,60351728,209555,10000.911,0,0,0,1
mutation,1790,1,203589,115204096,0,115204096,60513584,210117,10000.889,0,0,0,1
mutation,1791,1,203591,115204096,0,115204096,60410432,209758,10000.898,0,0,0,1
mutation,1792,1,203593,115204096,0,115204096,60455408,209915,10000.940,0,0,0,1
mutation,1793,1,203595,115204096,0,115204096,60469808,209965,10000.891,0,0,0,1
mutation,1794,1,203597,115204096,0,115204096,60397808,209715,10000.885,0,0,0,1
mutation,1795,1,203599,115204096,0,115204096,60252656,209211,10000.959,0,0,0,1
mutation,1796,1,203601,115204096,0,115204096,60330416,209481,10000.924,0,0,0,1
mutation,1797,1,203603,115204096,0,115204096,59843120,207789,10000.943,0,0,0,1
mutation,1798,1,203605,115204096,0,115204096,59743472,207443,10000.946,0,0,0,1
mutation,1799,1,203607,115204096,0,115204096,59970992,208233,10000.905,0,0,0,1
mutation,1800,1,203609,115204096,0,115204096,60377024,209642,10000.889,0,0,0,1
mutation,1801,1,203611,115204096,0,115204096,60502016,210076,10000.894,0,0,0,1
mutation,1802,1,203613,115204096,0,115204096,60473216,209976,10000.909,0,0,0,1
mutation,1803,1,203615,115204096,0,115204096,60404144,209737,10000.924,0,0,0,1
mutation,1804,1,203617,115204096,0,115204096,60449072,209893,10000.882,0,0,0,1
mutation,1805,1,203619,115204096,0,115204096,60479600,209999,10000.917,0,0,0,1
mutation,1806,1,203621,115204096,0,115204096,60425456,209811,10000.885,0,0,0,1
mutation,1807,1,203623,115204096,0,115204096,60415664,209777,10001.177,0,0,0,1
mutation,1808,1,203625,115204096,0,115204096,60459968,209930,10000.898,0,0,0,1
mutation,1809,1,203627,115204096,0,115204096,60469232,209963,10000.896,0,0,0,1
mutation,1810,1,203629,115204096,0,115204096,60417392,209783,10000.905,0,0,0,1
mutation,1811,1,203631,115204096,0,115204096,60449072,209893,10000.920,0,0,0,1
mutation,1812,1,203633,115204096,0,115204096,60423152,209803,10000.885,0,0,0,1
mutation,1813,1,203635,115204096,0,115204096,60538880,210204,10000.880,0,0,0,1
mutation,1814,1,203637,115204096,0,115204096,60427712,209818,10000.913,0,0,0,1
mutation,1815,1,203639,115204096,0,115204096,60451376,209901,10000.928,0,0,0,1
mutation,1816,1,203641,115204096,0,115204096,60465776,209951,10000.896,0,0,0,1
mutation,1817,1,203643,115204096,0,115204096,60148352,208848,10000.894,0,0,0,1
mutation,1818,1,203645,115204096,0,115204096,60480176,210001,10000.887,0,0,0,1
mutation,1819,1,203647,115204096,0,115204096,60272192,209278,10000.891,0,0,0,1
mutation,1820,1,203649,115204096,0,115204096,60443264,209872,10000.913,0,0,0,1
mutation,1821,1,203651,115204096,0,115204096,60345968,209535,10000.928,0,0,0,1
mutation,1822,1,203653,115204096,0,115204096,60493424,210047,10000.920,0,0,0,1
mutation,1823,1,203655,115204096,0,115204096,60459440,209929,10000.913,0,0,0,1
mutation,1824,1,203657,115204096,0,115204096,60454256,209911,10000.931,0,0,0,1
mutation,1825,1,203659,115204096,0,115204096,60484208,210015,10000.918,0,0,0,1
mutation,1826,1,203661,115204096,0,115204096,60359744,209582,10000.904,0,0,0,1
mutation,1827,1,203663,115204096,0,115204096,60425984,209812,10000.874,0,0,0,1
mutation,1828,1,203665,115204096,0,115204096,60413360,209769,10000.927,0,0,0,1
mutation,1829,1,203667,115204096,0,115204096,60424304,209807,10000.880,0,0,0,1
mutation,1830,1,203669,115204096,0,115204096,60482480,210009,10000.884,0,0,0,1
mutation,1831,1,203671,115204096,0,115204096,60422528,209800,10000.900,0,0,0,1
mutation,1832,1,203673,115204096,0,115204096,60237632,209158,10000.894,0,0,0,1
mutation,1833,1,203675,115204096,0,115204096,60404720,209739,10000.899,0,0,0,1
mutation,1834,1,203677,115204096,0,115204096,60540080,210209,10000.903,0,0,0,1
mutation,1835,1,203679,115204096,0,115204096,60361520,209589,10000.948,0,0,0,1
mutation,1836,1,203681,115204096,0,115204096,60449072,209893,10000.929,0,0,0,1
mutation,1837,1,203683,115204096,0,115204096,60391424,209692,10000.891,0,0,0,1
mutation,1838,1,203685,115204096,0,115204096,60429488,209825,10000.906,0,0,0,1
mutation,1839,1,203687,115204096,0,115204096,60390320,209689,10000.894,0,0,0,1
mutation,1840,1,203689,115204096,0,115204096,60426032,209813,10000.896,0,0,0,1
mutation,1841,1,203691,115204096,0,115204096,60548144,210237,10000.933,0,0,0,1
mutation,1842,1,203693,115204096,0,115204096,60408176,209751,10000.948,0,0,0,1
mutation,1843,1,203695,115204096,0,115204096,60478976,209996,10000.880,0,0,0,1
mutation,1844,1,203697,115204096,0,115204096,60473840,209979,10000.964,0,0,0,1
mutation,1845,1,203699,115204096,0,115204096,60454256,209911,10000.912,0,0,0,1
mutation,1846,1,203701,115204096,0,115204096,60457088,209920,10000.889,0,0,0,1
mutation,1847,1,203703,115204096,0,115204096,60502640,210079,10000.945,0,0,0,1
mutation,1848,1,203705,115204096,0,115204096,60440432,209863,10000.889,0,0,0,1
mutation,1849,1,203707,115204096,0,115204096,60510080,210104,10000.886,0,0,0,1
mutation,1850,1,203709,115204096,0,115204096,60469808,209965,10000.948,0,0,0,1
mutation,1851,1,203711,115204096,0,115204096,60447920,209889,10000.896,0,0,0,1
mutation,1852,1,203713,115204096,0,115204096,60553904,210257,10000.941,0,0,0,1
mutation,1853,1,203715,115204096,0,115204096,60555056,210261,10000.886,0,0,0,1
mutation,1854,1,203717,115204096,0,115204096,60446768,209885,10000.925,0,0,0,1
mutation,1855,1,203719,115204096,0,115204096,60461168,209935,10000.962,0,0,0,1
mutation,1856,1,203721,115204096,0,115204096,60557936,210271,10000.976,0,0,0,1
mutation,1857,1,203723,115204096,0,115204096,60547520,210234,10000.867,0,0,0,1
mutation,1858,1,203725,115204096,0,115204096,60230720,209134,10000.886,0,0,0,1
mutation,1859,1,203727,115204096,0,115204096,60485936,210021,10000.928,0,0,0,1
mutation,1860,1,203729,115204096,0,115204096,60574640,210329,10000.921,0,0,0,1
mutation,1861,1,203731,115204096,0,115204096,60574064,210327,10000.900,0,0,0,1
mutation,1862,1,203733,115204096,0,115204096,60298160,209369,10000.882,0,0,0,1
mutation,1863,1,203735,115204096,0,115204096,60389120,209684,10000.890,0,0,0,1
mutation,1864,1,203737,115204096,0,115204096,60345968,209535,10000.910,0,0,0,1
mutation,1865,1,203739,115204096,0,115204096,60480752,210003,10000.902,0,0,0,1
mutation,1866,1,203741,115204096,0,115204096,60587312,210373,10000.957,0,0,0,1
mutation,1867,1,203743,115204096,0,115204096,60464624,209947,10000.936,0,0,0,1
mutation,1868,1,203745,115204096,0,115204096,60546944,210232,10000.870,0,0,0,1
mutation,1869,1,203747,115204096,0,115204096,60486512,210023,10000.906,0,0,0,1
mutation,1870,1,203749,115204096,0,115204096,60516992,210128,10000.903,0,0,0,1
mutation,1871,1,203751,115204096,0,115204096,60368384,209612,10000.904,0,0,0,1
mutation,1872,1,203753,115204096,0,115204096,60534320,210189,10000.916,0,0,0,1
mutation,1873,1,203755,115204096,0,115204096,60440432,209863,10000.925,0,0,0,1
mutation,1874,1,203757,115204096,0,115204096,60547520,210234,10000.911,0,0,0,1
mutation,1875,1,203759,115204096,0,115204096,60468080,209959,10000.919,0,0,0,1
mutation,1876,1,203761,115204096,0,115204096,60479024,209997,10000.907,0,0,0,1
mutation,1877,1,203763,115204096,0,115204096,60481904,210007,10000.928,0,0,0,1
mutation,1878,1,203765,115204096,0,115204096,60412208,209765,10000.870,0,0,0,1
mutation,1879,1,203767,115204096,0,115204096,60665648,210645,10000.875,0,0,0,1
mutation,1880,1,203769,115204096,0,115204096,60406400,209744,10000.919,0,0,0,1
mutation,1881,1,203771,115204096,0,115204096,60496832,210058,10000.904,0,0,0,1
mutation,1882,1,203773,115204096,0,115204096,60436928,209850,10000.905,0,0,0,1
mutation,1883,1,203775,115204096,0,115204096,60476144,209987,10000.920,0,0,0,1
mutation,1884,1,203777,115204096,0,115204096,60471488,209970,10000.884,0,0,0,1
mutation,1885,1,203779,115204096,0,115204096,60455984,209917,10000.941,0,0,0,1
mutation,1886,1,203781,115204096,0,115204096,60430064,209827,10000.908,0,0,0,1
mutation,1887,1,203783,115204096,0,115204096,60516464,210127,10000.896,0,0,0,1
mutation,1888,1,203785,115204096,0,115204096,60421376,209796,10000.894,0,0,0,1
mutation,1889,1,203787,115204096,0,115204096,60431792,209833,10000.935,0,0,0,1
mutation,1890,1,203789,115204096,0,115204096,60385664,209672,10000.895,0,0,0,1
mutation,1891,1,203791,115204096,0,115204096,60402944,209732,10000.878,0,0,0,1
mutation,1892,1,203793,115204096,0,115204096,60257840,209229,10000.936,0,0,0,1
mutation,1893,1,203795,115204096,0,115204096,60500864,210072,10000.891,0,0,0,1
mutation,1894,1,203797,115204096,0,115204096,60258416,209231,10000.896,0,0,0,1
mutation,1895,1,203799,115204096,0,115204096,60517040,210129,10000.891,0,0,0,1
mutation,1896,1,203801,115204096,0,115204096,60538304,210202,10000.894,0,0,0,1
mutation,1897,1,203803,115204096,0,115204096,60227840,209124,10000.910,0,0,0,1
mutation,1898,1,203805,115204096,0,115204096,60438656,209856,10000.888,0,0,0,1
mutation,1899,1,203807,115204096,0,115204096,60474944,209982,10000.910,0,0,0,1
mutation,1900,1,203809,115204096,0,115204096,60276848,209295,10000.890,0,0,0,1
mutation,1901,1,203811,115204096,0,115204096,60581504,210352,10000.906,0,0,0,1
mutation,1902,1,203813,115204096,0,115204096,60524528,210155,10000.904,0,0,0,1
mutation,1903,1,203815,115204096,0,115204096,60485888,210020,10000.909,0,0,0,1
mutation,1904,1,203817,115204096,0,115204096,60408176,209751,10000.941,0,0,0,1
mutation,1905,1,203819,115204096,0,115204096,60483056,210011,10000.890,0,0,0,1
mutation,1906,1,203821,115204096,0,115204096,60381680,209659,10000.888,0,0,0,1
mutation,1907,1,203823,115204096,0,115204096,60230720,209134,10001.296,0,0,0,1
mutation,1908,1,203825,115204096,0,115204096,60214592,209078,10000.854,0,0,0,1
mutation,1909,1,203827,115204096,0,115204096,60470384,209967,10000.863,0,0,0,1
mutation,1910,1,203829,115204096,0,115204096,60459440,209929,10000.848,0,0,0,1
mutation,1911,1,203831,115204096,0,115204096,60258416,209231,10000.879,0,0,0,1
mutation,1912,1,203833,115204096,0,115204096,60585008,210365,10000.869,0,0,0,1
mutation,1913,1,203835,115204096,0,115204096,60462320,209939,10000.888,0,0,0,1
mutation,1914,1,203837,115204096,0,115204096,60417968,209785,10000.904,0,0,0,1
mutation,1915,1,203839,115204096,0,115204096,60421424,209797,10000.885,0,0,0,1
mutation,1916,1,203841,115204096,0,115204096,60583856,210361,10000.898,0,0,0,1
mutation,1917,1,203843,115204096,0,115204096,60459968,209930,10000.914,0,0,0,1
mutation,1918,1,203845,115204096,0,115204096,60428912,209823,10000.893,0,0,0,1
mutation,1919,1,203847,115204096,0,115204096,60413312,209768,10000.874,0,0,0,1
mutation,1920,1,203849,115204096,0,115204096,60478400,209994,10000.902,0,0,0,1
mutation,1921,1,203851,115204096,0,115204096,60487664,210027,10000.901,0,0,0,1
mutation,1922,1,203853,115204096,0,115204096,60482480,210009,10000.925,0,0,0,1
mutation,1923,1,203855,115204096,0,115204096,60394352,209703,10000.935,0,0,0,1
mutation,1924,1,203857,115204096,0,115204096,60479552,209998,10000.904,0,0,0,1
mutation,1925,1,203859,115204096,0,115204096,60419696,209791,10000.930,0,0,0,1
mutation,1926,1,203861,115204096,0,115204096,60529712,210173,10000.883,0,0,0,1
mutation,1927,1,203863,115204096,0,115204096,60565376,210296,10000.895,0,0,0,1
mutation,1928,1,203865,115204096,0,115204096,60543488,210220,10000.900,0,0,0,1
mutation,1929,1,203867,115204096,0,115204096,60413312,209768,10000.924,0,0,0,1
mutation,1930,1,203869,115204096,0,115204096,60440432,209863,10000.906,0,0,0,1
mutation,1931,1,203871,115204096,0,115204096,60510128,210105,10000.905,0,0,0,1
mutation,1932,1,203873,115204096,0,115204096,60430064,209827,10000.935,0,0,0,1
mutation,1933,1,203875,115204096,0,115204096,60340160,209514,10000.901,0,0,0,1
mutation,1934,1,203877,115204096,0,115204096,60406448,209745,10000.882,0,0,0,1
mutation,1935,1,203879,115204096,0,115204096,60450176,209896,10000.906,0,0,0,1
mutation,1936,1,203881,115204096,0,115204096,60434096,209841,10000.940,0,0,0,1
mutation,1937,1,203883,115204096,0,115204096,60436976,209851,10000.875,0,0,0,1
mutation,1938,1,203885,115204096,0,115204096,60488768,210030,10000.887,0,0,0,1
mutation,1939,1,203887,115204096,0,115204096,60451376,209901,10000.924,0,0,0,1
mutation,1940,1,203889,115204096,0,115204096,60479024,209997,10000.929,0,0,0,1
mutation,1941,1,203891,115204096,0,115204096,60598832,210413,10000.924,0,0,0,1
mutation,1942,1,203893,115204096,0,115204096,60472688,209975,10000.878,0,0,0,1
mutation,1943,1,203895,115204096,0,115204096,60442160,209869,10000.899,0,0,0,1
mutation,1944,1,203897,115204096,0,115204096,60474992,209983,10000.941,0,0,0,1
mutation,1945,1,203899,115204096,0,115204096,60466928,209955,10000.917,0,0,0,1
mutation,1946,1,203901,115204096,0,115204096,60513008,210115,10000.913,0,0,0,1
mutation,1947,1,203903,115204096,0,115204096,60361520,209589,10000.903,0,0,0,1
mutation,1948,1,203905,115204096,0,115204096,60252656,209211,10000.903,0,0,0,1
mutation,1949,1,203907,115204096,0,115204096,60390272,209688,10000.911,0,0,0,1
mutation,1950,1,203909,115204096,0,115204096,60470384,209967,10000.873,0,0,0,1
mutation,1951,1,203911,115204096,0,115204096,60480176,210001,10000.900,0,0,0,1
mutation,1952,1,203913,115204096,0,115204096,60447296,209886,10000.901,0,0,0,1
mutation,1953,1,203915,115204096,0,115204096,60390848,209690,10000.889,0,0,0,1
mutation,1954,1,203917,115204096,0,115204096,60432944,209837,10000.875,0,0,0,1
mutation,1955,1,203919,115204096,0,115204096,60427184,209817,10000.893,0,0,0,1
mutation,1956,1,203921,115204096,0,115204096,60421952,209798,10000.879,0,0,0,1
mutation,1957,1,203923,115204096,0,115204096,60349952,209548,10000.888,0,0,0,1
mutation,1958,1,203925,115204096,0,115204096,60388544,209682,10000.905,0,0,0,1
mutation,1959,1,203927,115204096,0,115204096,60481904,210007,10000.903,0,0,0,1
mutation,1960,1,203929,115204096,0,115204096,60466352,209953,10000.939,0,0,0,1
mutation,1961,1,203931,115204096,0,115204096,60445040,209879,10000.909,0,0,0,1
mutation,1962,1,203933,115204096,0,115204096,60532016,210181,10000.902,0,0,0,1
mutation,1963,1,203935,115204096,0,115204096,60436976,209851,10000.970,0,0,0,1
mutation,1964,1,203937,115204096,0,115204096,60591872,210388,10000.902,0,0,0,1
mutation,1965,1,203939,115204096,0,115204096,60420272,209793,10000.950,0,0,0,1
mutation,1966,1,203941,115204096,0,115204096,60492272,210043,10000.904,0,0,0,1
mutation,1967,1,203943,115204096,0,115204096,60477824,209992,10000.916,0,0,0,1
mutation,1968,1,203945,115204096,0,115204096,60453104,209907,10000.907,0,0,0,1
mutation,1969,1,203947,115204096,0,115204096,60487088,210025,10000.918,0,0,0,1
mutation,1970,1,203949,115204096,0,115204096,60394304,209702,10000.894,0,0,0,1
mutation,1971,1,203951,115204096,0,115204096,60389168,209685,10000.893,0,0,0,1
mutation,1972,1,203953,115204096,0,115204096,60411632,209763,10000.941,0,0,0,1
mutation,1973,1,203955,115204096,0,115204096,60290048,209340,10000.909,0,0,0,1
mutation,1974,1,203957,115204096,0,115204096,60532592,210183,10000.917,0,0,0,1
mutation,1975,1,203959,115204096,0,115204096,60522224,210147,10000.918,0,0,0,1
mutation,1976,1,203961,115204096,0,115204096,60378224,209647,10000.895,0,0,0,1
mutation,1977,1,203963,115204096,0,115204096,60386864,209677,10000.917,0,0,0,1
mutation,1978,1,203965,115204096,0,115204096,60447920,209889,10000.941,0,0,0,1
mutation,1979,1,203967,115204096,0,115204096,60487088,210025,10000.916,0,0,0,1
mutation,1980,1,203969,115204096,0,115204096,60363200,209594,10000.915,0,0,0,1
mutation,1981,1,203971,115204096,0,115204096,60522176,210146,10000.891,0,0,0,1
mutation,1982,1,203973,115204096,0,115204096,60377648,209645,10000.878,0,0,0,1
mutation,1983,1,203975,115204096,0,115204096,60451328,209900,10000.885,0,0,0,1
mutation,1984,1,203977,115204096,0,115204096,60400064,209722,10000.912,0,0,0,1
mutation,1985,1,203979,115204096,0,115204096,60488816,210031,10000.893,0,0,0,1
mutation,1986,1,203981,115204096,0,115204096,60312560,209419,10000.908,0,0,0,1
mutation,1987,1,203983,115204096,0,115204096,60496304,210057,10000.910,0,0,0,1
mutation,1988,1,203985,115204096,0,115204096,60430592,209828,10001.348,0,0,0,1
mutation,1989,1,203987,115204096,0,115204096,60472112,209973,10000.915,0,0,0,1
mutation,1990,1,203989,115204096,0,115204096,60356288,209570,10000.905,0,0,0,1
mutation,1991,1,203991,115204096,0,115204096,60413360,209769,10000.934,0,0,0,1
mutation,1992,1,203993,115204096,0,115204096,60529712,210173,10000.956,0,0,0,1
mutation,1993,1,203995,115204096,0,115204096,60458240,209924,10000.897,0,0,0,1
mutation,1994,1,203997,115204096,0,115204096,60563120,210289,10000.904,0,0,0,1
mutation,1995,1,203999,115204096,0,115204096,60402416,209731,10000.901,0,0,0,1
mutation,1996,1,204001,115204096,0,115204096,60424256,209806,10000.903,0,0,0,1
mutation,1997,1,204003,115204096,0,115204096,60473216,209976,10000.875,0,0,0,1
mutation,1998,1,204005,115204096,0,115204096,60368960,209614,10005.752,0,0,0,1
mutation,1999,1,204007,115204096,0,115204096,60479600,209999,10000.664,0,0,0,1
mutation,2000,1,204009,115204096,0,115204096,60471488,209970,10000.659,0,0,0,1
mutation,2001,1,204011,115204096,0,115204096,60504944,210087,10000.689,0,0,0,1
mutation,2002,1,204013,115204096,0,115204096,60394304,209702,10000.660,0,0,0,1
mutation,2003,1,204015,115204096,0,115204096,60474416,209981,10000.686,0,0,0,1
mutation,2004,1,204017,115204096,0,115204096,60499184,210067,10000.688,0,0,0,1
mutation,2005,1,204019,115204096,0,115204096,60506048,210090,10000.666,0,0,0,1
mutation,2006,1,204021,115204096,0,115204096,60484784,210017,10000.667,0,0,0,1
mutation,2007,1,204023,115204096,0,115204096,60476144,209987,10001.228,0,0,0,1
mutation,2008,1,204025,115204096,0,115204096,60415088,209775,10000.652,0,0,0,1
mutation,2009,1,204027,115204096,0,115204096,60505520,210089,10000.690,0,0,0,1
mutation,2010,1,204029,115204096,0,115204096,60437552,209853,10000.641,0,0,0,1
mutation,2011,1,204031,115204096,0,115204096,60212336,209071,10000.695,0,0,0,1
mutation,2012,1,204033,115204096,0,115204096,60412736,209766,10000.645,0,0,0,1
mutation,2013,1,204035,115204096,0,115204096,60508352,210098,10000.662,0,0,0,1
mutation,2014,1,204037,115204096,0,115204096,60451952,209903,10000.660,0,0,0,1
mutation,2015,1,204039,115204096,0,115204096,60533168,210185,10000.702,0,0,0,1
mutation,2016,1,204041,115204096,0,115204096,60499760,210069,10000.677,0,0,0,1
mutation,2017,1,204043,115204096,0,115204096,60455360,209914,10000.651,0,0,0,1
mutation,2018,1,204045,115204096,0,115204096,60447872,209888,10000.645,0,0,0,1
mutation,2019,1,204047,115204096,0,115204096,60524480,210154,10000.662,0,0,0,1
mutation,2020,1,204049,115204096,0,115204096,60497456,210061,10000.665,0,0,0,1
mutation,2021,1,204051,115204096,0,115204096,60440960,209864,10000.663,0,0,0,1
mutation,2022,1,204053,115204096,0,115204096,60425408,209810,10000.650,0,0,0,1
mutation,2023,1,204055,115204096,0,115204096,60472112,209973,10000.668,0,0,0,1
mutation,2024,1,204057,115204096,0,115204096,60449024,209892,10000.649,0,0,0,1
mutation,2025,1,204059,115204096,0,115204096,60473840,209979,10000.741,0,0,0,1
mutation,2026,1,204061,115204096,0,115204096,60389168,209685,10000.687,0,0,0,1
mutation,2027,1,204063,115204096,0,115204096,60377648,209645,10000.649,0,0,0,1
mutation,2028,1,204065,115204096,0,115204096,60216944,209087,10000.673,0,0,0,1
mutation,2029,1,204067,115204096,0,115204096,60287216,209331,10000.692,0,0,0,1
mutation,2030,1,204069,115204096,0,115204096,60428336,209821,10000.685,0,0,0,1
mutation,2031,1,204071,115204096,0,115204096,60517616,210131,10000.658,0,0,0,1
mutation,2032,1,204073,115204096,0,115204096,60495104,210052,10000.671,0,0,0,1
mutation,2033,1,204075,115204096,0,115204096,60447920,209889,10000.656,0,0,0,1
mutation,2034,1,204077,115204096,0,115204096,60378224,209647,10000.919,0,0,0,1
mutation,2035,1,204079,115204096,0,115204096,60513008,210115,10000.888,0,0,0,1
mutation,2036,1,204081,115204096,0,115204096,60501488,210075,10000.912,0,0,0,1
mutation,2037,1,204083,115204096,0,115204096,60526208,210160,10000.888,0,0,0,1
mutation,2038,1,204085,115204096,0,115204096,60462896,209941,10000.890,0,0,0,1
mutation,2039,1,204087,115204096,0,115204096,60595904,210402,10000.875,0,0,0,1
mutation,2040,1,204089,115204096,0,115204096,60496256,210056,10000.893,0,0,0,1
mutation,2041,1,204091,115204096,0,115204096,60488768,210030,10000.901,0,0,0,1
mutation,2042,1,204093,115204096,0,115204096,60476672,209988,10000.890,0,0,0,1
mutation,2043,1,204095,115204096,0,115204096,60486464,210022,10000.883,0,0,0,1
mutation,2044,1,204097,115204096,0,115204096,60463424,209942,10000.911,0,0,0,1
mutation,2045,1,204099,115204096,0,115204096,60480752,210003,10000.911,0,0,0,1
mutation,2046,1,204101,115204096,0,115204096,60492224,210042,10000.903,0,0,0,1
mutation,2047,1,204103,115204096,0,115204096,60341360,209519,10000.927,0,0,0,1
mutation,2048,1,204105,115204096,0,115204096,60435824,209847,10000.912,0,0,0,1
mutation,2049,1,204107,115204096,0,115204096,60475568,209985,10000.929,0,0,0,1
mutation,2050,1,204109,115204096,0,115204096,60408128,209750,10000.892,0,0,0,1
mutation,2051,1,204111,115204096,0,115204096,60455408,209915,10000.906,0,0,0,1
mutation,2052,1,204113,115204096,0,115204096,60181808,208965,10000.934,0,0,0,1
mutation,2053,1,204115,115204096,0,115204096,60347072,209538,10000.884,0,0,0,1
mutation,2054,1,204117,115204096,0,115204096,60201392,209033,10000.888,0,0,0,1
mutation,2055,1,204119,115204096,0,115204096,60453632,209908,10000.900,0,0,0,1
mutation,2056,1,204121,115204096,0,115204096,60428336,209821,10000.938,0,0,0,1
mutation,2057,1,204123,115204096,0,115204096,60334400,209494,10000.897,0,0,0,1
mutation,2058,1,204125,115204096,0,115204096,60514160,210119,10000.908,0,0,0,1
mutation,2059,1,204127,115204096,0,115204096,60453056,209906,10000.903,0,0,0,1
mutation,2060,1,204129,115204096,0,115204096,60454832,209913,10000.907,0,0,0,1
mutation,2061,1,204131,115204096,0,115204096,60377648,209645,10000.917,0,0,0,1
mutation,2062,1,204133,115204096,0,115204096,60470912,209968,10000.896,0,0,0,1
mutation,2063,1,204135,115204096,0,115204096,60401840,209729,10000.921,0,0,0,1
mutation,2064,1,204137,115204096,0,115204096,60501488,210075,10000.907,0,0,0,1
mutation,2065,1,204139,115204096,0,115204096,60510080,210104,10000.903,0,0,0,1
mutation,2066,1,204141,115204096,0,115204096,60460544,209932,10000.881,0,0,0,1
mutation,2067,1,204143,115204096,0,115204096,60224960,209114,10000.900,0,0,0,1
mutation,2068,1,204145,115204096,0,115204096,60392624,209697,10000.916,0,0,0,1
mutation,2069,1,204147,115204096,0,115204096,59874224,207897,10000.950,0,0,0,1
mutation,2070,1,204149,115204096,0,115204096,60292928,209350,10000.886,0,0,0,1
mutation,2071,1,204151,115204096,0,115204096,60462848,209940,10000.904,0,0,0,1
mutation,2072,1,204153,115204096,0,115204096,59744624,207447,10001.006,0,0,0,1
mutation,2073,1,204155,115204096,0,115204096,60129968,208785,10000.904,0,0,0,1
mutation,2074,1,204157,115204096,0,115204096,60185840,208979,10000.888,0,0,0,1
mutation,2075,1,204159,115204096,0,115204096,60495728,210055,10000.928,0,0,0,1
mutation,2076,1,204161,115204096,0,115204096,60576944,210337,10000.896,0,0,0,1
mutation,2077,1,204163,115204096,0,115204096,60292928,209350,10000.887,0,0,0,1
mutation,2078,1,204165,115204096,0,115204096,60442736,209871,10000.910,0,0,0,1
mutation,2079,1,204167,115204096,0,115204096,60465776,209951,10000.866,0,0,0,1
mutation,2080,1,204169,115204096,0,115204096,60428288,209820,10000.897,0,0,0,1
mutation,2081,1,204171,115204096,0,115204096,60527408,210165,10000.886,0,0,0,1
mutation,2082,1,204173,115204096,0,115204096,60359792,209583,10000.919,0,0,0,1
mutation,2083,1,204175,115204096,0,115204096,60481328,210005,10000.885,0,0,0,1
mutation,2084,1,204177,115204096,0,115204096,60422000,209799,10000.886,0,0,0,1
mutation,2085,1,204179,115204096,0,115204096,60540032,210208,10000.895,0,0,0,1
mutation,2086,1,204181,115204096,0,115204096,60509552,210103,10000.898,0,0,0,1
mutation,2087,1,204183,115204096,0,115204096,60359216,209581,10000.972,0,0,0,1
mutation,2088,1,204185,115204096,0,115204096,60371264,209622,10000.889,0,0,0,1
mutation,2089,1,204187,115204096,0,115204096,60445616,209881,10000.900,0,0,0,1
mutation,2090,1,204189,115204096,0,115204096,60463472,209943,10000.914,0,0,0,1
mutation,2091,1,204191,115204096,0,115204096,60495680,210054,10000.898,0,0,0,1
mutation,2092,1,204193,115204096,0,115204096,60496304,210057,10000.881,0,0,0,1
mutation,2093,1,204195,115204096,0,115204096,60483584,210012,10000.913,0,0,0,1
mutation,2094,1,204197,115204096,0,115204096,60484208,210015,10000.935,0,0,0,1
mutation,2095,1,204199,115204096,0,115204096,60545264,210227,10000.897,0,0,0,1
mutation,2096,1,204201,115204096,0,115204096,60481904,210007,10000.966,0,0,0,1
mutation,2097,1,204203,115204096,0,115204096,60561392,210283,10000.906,0,0,0,1
mutation,2098,1,204205,115204096,0,115204096,60454784,209912,10000.897,0,0,0,1
mutation,2099,1,204207,115204096,0,115204096,60336704,209502,10000.897,0,0,0,1
mutation,2100,1,204209,115204096,0,115204096,60402992,209733,10000.925,0,0,0,1
mutation,2101,1,204211,115204096,0,115204096,60508400,210099,10000.900,0,0,0,1
mutation,2102,1,204213,115204096,0,115204096,60491120,210039,10000.920,0,0,0,1
mutation,2103,1,204215,115204096,0,115204096,60436976,209851,10000.966,0,0,0,1
mutation,2104,1,204217,115204096,0,115204096,60485936,210021,10000.925,0,0,0,1
mutation,2105,1,204219,115204096,0,115204096,60508352,210098,10000.877,0,0,0,1
mutation,2106,1,204221,115204096,0,115204096,60491120,210039,10000.888,0,0,0,1
mutation,2107,1,204223,115204096,0,115204096,60445616,209881,10001.276,0,0,0,1
mutation,2108,1,204225,115204096,0,115204096,60475520,209984,10000.881,0,0,0,1
mutation,2109,1,204227,115204096,0,115204096,60496832,210058,10000.883,0,0,0,1
mutation,2110,1,204229,115204096,0,115204096,60539456,210206,10000.867,0,0,0,1
mutation,2111,1,204231,115204096,0,115204096,60468656,209961,10000.891,0,0,0,1
mutation,2112,1,204233,115204096,0,115204096,60450800,209899,10000.908,0,0,0,1
mutation,2113,1,204235,115204096,0,115204096,60510128,210105,10000.937,0,0,0,1
mutation,2114,1,204237,115204096,0,115204096,60486464,210022,10000.900,0,0,0,1
mutation,2115,1,204239,115204096,0,115204096,60433520,209839,10000.898,0,0,0,1
mutation,2116,1,204241,115204096,0,115204096,60547520,210234,10000.932,0,0,0,1
mutation,2117,1,204243,115204096,0,115204096,60566576,210301,10000.906,0,0,0,1
mutation,2118,1,204245,115204096,0,115204096,60222704,209107,10000.886,0,0,0,1
mutation,2119,1,204247,115204096,0,115204096,60481856,210006,10000.872,0,0,0,1
mutation,2120,1,204249,115204096,0,115204096,60448448,209890,10000.878,0,0,0,1
mutation,2121,1,204251,115204096,0,115204096,60526832,210163,10000.911,0,0,0,1
mutation,2122,1,204253,115204096,0,115204096,60490544,210037,10000.923,0,0,0,1
mutation,2123,1,204255,115204096,0,115204096,60465200,209949,10000.905,0,0,0,1
mutation,2124,1,204257,115204096,0,115204096,60532016,210181,10000.944,0,0,0,1
mutation,2125,1,204259,115204096,0,115204096,60465152,209948,10000.903,0,0,0,1
mutation,2126,1,204261,115204096,0,115204096,60465200,209949,10000.903,0,0,0,1
mutation,2127,1,204263,115204096,0,115204096,60436400,209849,10000.932,0,0,0,1
mutation,2128,1,204265,115204096,0,115204096,60477872,209993,10000.879,0,0,0,1
mutation,2129,1,204267,115204096,0,115204096,60485360,210019,10000.897,0,0,0,1
mutation,2130,1,204269,115204096,0,115204096,60439808,209860,10000.888,0,0,0,1
mutation,2131,1,204271,115204096,0,115204096,60487664,210027,10000.928,0,0,0,1
mutation,2132,1,204273,115204096,0,115204096,60434672,209843,10000.883,0,0,0,1
mutation,2133,1,204275,115204096,0,115204096,60437552,209853,10000.887,0,0,0,1
mutation,2134,1,204277,115204096,0,115204096,60434096,209841,10000.899,0,0,0,1
mutation,2135,1,204279,115204096,0,115204096,60366080,209604,10000.907,0,0,0,1
mutation,2136,1,204281,115204096,0,115204096,60417920,209784,10000.908,0,0,0,1
mutation,2137,1,204283,115204096,0,115204096,60324656,209461,10000.882,0,0,0,1
mutation,2138,1,204285,115204096,0,115204096,60363824,209597,10000.912,0,0,0,1
mutation,2139,1,204287,115204096,0,115204096,60455936,209916,10000.895,0,0,0,1
mutation,2140,1,204289,115204096,0,115204096,60465776,209951,10000.940,0,0,0,1
mutation,2141,1,204291,115204096,0,115204096,60489968,210035,10000.953,0,0,0,1
mutation,2142,1,204293,115204096,0,115204096,60477248,209990,10000.903,0,0,0,1
mutation,2143,1,204295,115204096,0,115204096,60394928,209705,10000.931,0,0,0,1
mutation,2144,1,204297,115204096,0,115204096,60575216,210331,10000.892,0,0,0,1
mutation,2145,1,204299,115204096,0,115204096,60387440,209679,10000.915,0,0,0,1
mutation,2146,1,204301,115204096,0,115204096,60468656,209961,10000.893,0,0,0,1
mutation,2147,1,204303,115204096,0,115204096,60354032,209563,10000.900,0,0,0,1
mutation,2148,1,204305,115204096,0,115204096,60446768,209885,10000.915,0,0,0,1
mutation,2149,1,204307,115204096,0,115204096,60447920,209889,10000.950,0,0,0,1
mutation,2150,1,204309,115204096,0,115204096,60451376,209901,10000.908,0,0,0,1
mutation,2151,1,204311,115204096,0,115204096,60438128,209855,10000.931,0,0,0,1
mutation,2152,1,204313,115204096,0,115204096,60467504,209957,10000.933,0,0,0,1
mutation,2153,1,204315,115204096,0,115204096,60392048,209695,10000.935,0,0,0,1
mutation,2154,1,204317,115204096,0,115204096,60422576,209801,10000.950,0,0,0,1
mutation,2155,1,204319,115204096,0,115204096,60477296,209991,10000.914,0,0,0,1
mutation,2156,1,204321,115204096,0,115204096,60469808,209965,10000.899,0,0,0,1
mutation,2157,1,204323,115204096,0,115204096,60517040,210129,10000.917,0,0,0,1
mutation,2158,1,204325,115204096,0,115204096,60399536,209721,10000.875,0,0,0,1
mutation,2159,1,204327,115204096,0,115204096,60469808,209965,10000.961,0,0,0,1
mutation,2160,1,204329,115204096,0,115204096,60433520,209839,10000.869,0,0,0,1
mutation,2161,1,204331,115204096,0,115204096,60359168,209580,10000.898,0,0,0,1
mutation,2162,1,204333,115204096,0,115204096,60415088,209775,10000.878,0,0,0,1
mutation,2163,1,204335,115204096,0,115204096,60408128,209750,10000.887,0,0,0,1
mutation,2164,1,204337,115204096,0,115204096,60366128,209605,10000.903,0,0,0,1
mutation,2165,1,204339,115204096,0,115204096,60383408,209665,10000.977,0,0,0,1
mutation,2166,1,204341,115204096,0,115204096,60498032,210063,10000.921,0,0,0,1
mutation,2167,1,204343,115204096,0,115204096,60429488,209825,10000.937,0,0,0,1
mutation,2168,1,204345,115204096,0,115204096,60470384,209967,10000.936,0,0,0,1
mutation,2169,1,204347,115204096,0,115204096,60452528,209905,10000.886,0,0,0,1
mutation,2170,1,204349,115204096,0,115204096,60452528,209905,10000.918,0,0,0,1
mutation,2171,1,204351,115204096,0,115204096,60474944,209982,10000.901,0,0,0,1
mutation,2172,1,204353,115204096,0,115204096,60423728,209805,10000.876,0,0,0,1
mutation,2173,1,204355,115204096,0,115204096,60392048,209695,10000.933,0,0,0,1
mutation,2174,1,204357,115204096,0,115204096,60428912,209823,10000.937,0,0,0,1
mutation,2175,1,204359,115204096,0,115204096,60506048,210090,10000.904,0,0,0,1
mutation,2176,1,204361,115204096,0,115204096,60457088,209920,10000.893,0,0,0,1
mutation,2177,1,204363,115204096,0,115204096,60283760,209319,10000.874,0,0,0,1
mutation,2178,1,204365,115204096,0,115204096,60402992,209733,10000.904,0,0,0,1
mutation,2179,1,204367,115204096,0,115204096,60432944,209837,10000.974,0,0,0,1
mutation,2180,1,204369,115204096,0,115204096,60117824,208742,10000.907,0,0,0,1
mutation,2181,1,204371,115204096,0,115204096,60369008,209615,10000.899,0,0,0,1
mutation,2182,1,204373,115204096,0,115204096,60371840,209624,10000.878,0,0,0,1
mutation,2183,1,204375,115204096,0,115204096,60491120,210039,10000.884,0,0,0,1
mutation,2184,1,204377,115204096,0,115204096,60488768,210030,10000.881,0,0,0,1
mutation,2185,1,204379,115204096,0,115204096,60432320,209834,10000.885,0,0,0,1
mutation,2186,1,204381,115204096,0,115204096,60416192,209778,10000.878,0,0,0,1
mutation,2187,1,204383,115204096,0,115204096,60354608,209565,10000.917,0,0,0,1
mutation,2188,1,204385,115204096,0,115204096,60481856,210006,10000.867,0,0,0,1
mutation,2189,1,204387,115204096,0,115204096,60460016,209931,10000.905,0,0,0,1
mutation,2190,1,204389,115204096,0,115204096,60377072,209643,10000.881,0,0,0,1
mutation,2191,1,204391,115204096,0,115204096,60471488,209970,10000.904,0,0,0,1
mutation,2192,1,204393,115204096,0,115204096,60513008,210115,10000.892,0,0,0,1
mutation,2193,1,204395,115204096,0,115204096,60470384,209967,10000.942,0,0,0,1
mutation,2194,1,204397,115204096,0,115204096,60485312,210018,10000.884,0,0,0,1
mutation,2195,1,204399,115204096,0,115204096,60438128,209855,10000.924,0,0,0,1
mutation,2196,1,204401,115204096,0,115204096,60487088,210025,10000.921,0,0,0,1
mutation,2197,1,204403,115204096,0,115204096,60466880,209954,10000.898,0,0,0,1
mutation,2198,1,204405,115204096,0,115204096,60174320,208939,10000.924,0,0,0,1
mutation,2199,1,204407,115204096,0,115204096,60516464,210127,10000.931,0,0,0,1
mutation,2200,1,204409,115204096,0,115204096,60363248,209595,10000.940,0,0,0,1
mutation,2201,1,204411,115204096,0,115204096,60379952,209653,10000.910,0,0,0,1
mutation,2202,1,204413,115204096,0,115204096,60395504,209707,10000.912,0,0,0,1
mutation,2203,1,204415,115204096,0,115204096,60428912,209823,10000.872,0,0,0,1
mutation,2204,1,204417,115204096,0,115204096,60388016,209681,10000.918,0,0,0,1
mutation,2205,1,204419,115204096,0,115204096,60529088,210170,10000.908,0,0,0,1
mutation,2206,1,204421,115204096,0,115204096,60516416,210126,10000.920,0,0,0,1
mutation,2207,1,204423,115204096,0,115204096,60430640,209829,10001.108,0,0,0,1
mutation,2208,1,204425,115204096,0,115204096,60262400,209244,10000.886,0,0,0,1
mutation,2209,1,204427,115204096,0,115204096,60492272,210043,10000.873,0,0,0,1
mutation,2210,1,204429,115204096,0,115204096,60431792,209833,10000.907,0,0,0,1
mutation,2211,1,204431,115204096,0,115204096,60506096,210091,10000.880,0,0,0,1
mutation,2212,1,204433,115204096,0,115204096,60415088,209775,10000.858,0,0,0,1
mutation,2213,1,204435,115204096,0,115204096,60222704,209107,10000.913,0,0,0,1
mutation,2214,1,204437,115204096,0,115204096,60414512,209773,10000.929,0,0,0,1
mutation,2215,1,204439,115204096,0,115204096,60387968,209680,10000.900,0,0,0,1
mutation,2216,1,204441,115204096,0,115204096,60368432,209613,10000.893,0,0,0,1
mutation,2217,1,204443,115204096,0,115204096,60412784,209767,10000.918,0,0,0,1
mutation,2218,1,204445,115204096,0,115204096,60457136,209921,10000.910,0,0,0,1
mutation,2219,1,204447,115204096,0,115204096,60404096,209736,10000.882,0,0,0,1
mutation,2220,1,204449,115204096,0,115204096,60338480,209509,10000.931,0,0,0,1
mutation,2221,1,204451,115204096,0,115204096,60496256,210056,10000.891,0,0,0,1
mutation,2222,1,204453,115204096,0,115204096,60515312,210123,10000.885,0,0,0,1
mutation,2223,1,204455,115204096,0,115204096,60419696,209791,10000.936,0,0,0,1
mutation,2224,1,204457,115204096,0,115204096,60486464,210022,10000.890,0,0,0,1
mutation,2225,1,204459,115204096,0,115204096,60425984,209812,10000.868,0,0,0,1
mutation,2226,1,204461,115204096,0,115204096,60440432,209863,10000.900,0,0,0,1
mutation,2227,1,204463,115204096,0,115204096,60378224,209647,10000.911,0,0,0,1
mutation,2228,1,204465,115204096,0,115204096,60547568,210235,10000.888,0,0,0,1
mutation,2229,1,204467,115204096,0,115204096,60483632,210013,10000.909,0,0,0,1
mutation,2230,1,204469,115204096,0,115204096,60427760,209819,10000.924,0,0,0,1
mutation,2231,1,204471,115204096,0,115204096,60423728,209805,10000.895,0,0,0,1
mutation,2232,1,204473,115204096,0,115204096,60383408,209665,10000.948,0,0,0,1
mutation,2233,1,204475,115204096,0,115204096,60488816,210031,10000.930,0,0,0,1
mutation,2234,1,204477,115204096,0,115204096,60546992,210233,10000.941,0,0,0,1
mutation,2235,1,204479,115204096,0,115204096,60493376,210046,10000.890,0,0,0,1
mutation,2236,1,204481,115204096,0,115204096,60474992,209983,10000.925,0,0,0,1
mutation,2237,1,204483,115204096,0,115204096,60477872,209993,10000.934,0,0,0,1
mutation,2238,1,204485,115204096,0,115204096,60449648,209895,10000.915,0,0,0,1
mutation,2239,1,204487,115204096,0,115204096,60419648,209790,10000.883,0,0,0,1
mutation,2240,1,204489,115204096,0,115204096,60531392,210178,10000.906,0,0,0,1
mutation,2241,1,204491,115204096,0,115204096,60427136,209816,10000.921,0,0,0,1
mutation,2242,1,204493,115204096,0,115204096,60507248,210095,10000.930,0,0,0,1
mutation,2243,1,204495,115204096,0,115204096,60423152,209803,10000.925,0,0,0,1
mutation,2244,1,204497,115204096,0,115204096,60462320,209939,10000.883,0,0,0,1
mutation,2245,1,204499,115204096,0,115204096,60383408,209665,10000.889,0,0,0,1
mutation,2246,1,204501,115204096,0,115204096,60470336,209966,10000.890,0,0,0,1
mutation,2247,1,204503,115204096,0,115204096,60460592,209933,10000.875,0,0,0,1
mutation,2248,1,204505,115204096,0,115204096,60476720,209989,10000.901,0,0,0,1
mutation,2249,1,204507,115204096,0,115204096,60497456,210061,10000.928,0,0,0,1
mutation,2250,1,204509,115204096,0,115204096,60527936,210166,10000.892,0,0,0,1
mutation,2251,1,204511,115204096,0,115204096,60481280,210004,10000.887,0,0,0,1
mutation,2252,1,204513,115204096,0,115204096,60427136,209816,10000.877,0,0,0,1
mutation,2253,1,204515,115204096,0,115204096,60498032,210063,10000.895,0,0,0,1
mutation,2254,1,204517,115204096,0,115204096,60495152,210053,10000.873,0,0,0,1
mutation,2255,1,204519,115204096,0,115204096,60435200,209844,10000.905,0,0,0,1
mutation,2256,1,204521,115204096,0,115204096,60505472,210088,10000.889,0,0,0,1
mutation,2257,1,204523,115204096,0,115204096,60493424,210047,10000.938,0,0,0,1
mutation,2258,1,204525,115204096,0,115204096,60507824,210097,10000.936,0,0,0,1
mutation,2259,1,204527,115204096,0,115204096,60529712,210173,10000.937,0,0,0,1
mutation,2260,1,204529,115204096,0,115204096,60370160,209619,10000.922,0,0,0,1
mutation,2261,1,204531,115204096,0,115204096,60342512,209523,10000.918,0,0,0,1
mutation,2262,1,204533,115204096,0,115204096,60412160,209764,10000.894,0,0,0,1
mutation,2263,1,204535,115204096,0,115204096,60455408,209915,10000.904,0,0,0,1
mutation,2264,1,204537,115204096,0,115204096,60578096,210341,10000.981,0,0,0,1
mutation,2265,1,204539,115204096,0,115204096,60537776,210201,10000.912,0,0,0,1
mutation,2266,1,204541,115204096,0,115204096,60477824,209992,10000.879,0,0,0,1
mutation,2267,1,204543,115204096,0,115204096,60349952,209548,10000.885,0,0,0,1
mutation,2268,1,204545,115204096,0,115204096,60494000,210049,10000.922,0,0,0,1
mutation,2269,1,204547,115204096,0,115204096,60415040,209774,10000.911,0,0,0,1
mutation,2270,1,204549,115204096,0,115204096,60507824,210097,10000.896,0,0,0,1
mutation,2271,1,204551,115204096,0,115204096,60428288,209820,10000.923,0,0,0,1
mutation,2272,1,204553,115204096,0,115204096,60512960,210114,10000.893,0,0,0,1
mutation,2273,1,204555,115204096,0,115204096,60454256,209911,10000.915,0,0,0,1
mutation,2274,1,204557,115204096,0,115204096,60452480,209904,10000.908,0,0,0,1
mutation,2275,1,204559,115204096,0,115204096,60442736,209871,10000.906,0,0,0,1
mutation,2276,1,204561,115204096,0,115204096,60527936,210166,10000.900,0,0,0,1
mutation,2277,1,204563,115204096,0,115204096,60268784,209267,10000.946,0,0,0,1
mutation,2278,1,204565,115204096,0,115204096,60590768,210385,10000.971,0,0,0,1
mutation,2279,1,204567,115204096,0,115204096,60403520,209734,10000.904,0,0,0,1
mutation,2280,1,204569,115204096,0,115204096,60567728,210305,10000.880,0,0,0,1
mutation,2281,1,204571,115204096,0,115204096,60502064,210077,10000.946,0,0,0,1
mutation,2282,1,204573,115204096,0,115204096,60400688,209725,10000.898,0,0,0,1
mutation,2283,1,204575,115204096,0,115204096,60568880,210309,10000.879,0,0,0,1
mutation,2284,1,204577,115204096,0,115204096,60468032,209958,10000.902,0,0,0,1
mutation,2285,1,204579,115204096,0,115204096,60466880,209954,10000.915,0,0,0,1
mutation,2286,1,204581,115204096,0,115204096,60443888,209875,10000.927,0,0,0,1
mutation,2287,1,204583,115204096,0,115204096,60496880,210059,10000.904,0,0,0,1
mutation,2288,1,204585,115204096,0,115204096,60487664,210027,10000.890,0,0,0,1
mutation,2289,1,204587,115204096,0,115204096,60567728,210305,10006.756,0,0,0,1
mutation,2290,1,204589,115204096,0,115204096,60613808,210465,10000.898,0,0,0,1
mutation,2291,1,204591,115204096,0,115204096,60432320,209834,10000.878,0,0,0,1
mutation,2292,1,204593,115204096,0,115204096,60455936,209916,10000.907,0,0,0,1
mutation,2293,1,204595,115204096,0,115204096,60492224,210042,10000.879,0,0,0,1
mutation,2294,1,204597,115204096,0,115204096,60166832,208913,10000.896,0,0,0,1
mutation,2295,1,204599,115204096,0,115204096,60489920,210034,10000.921,0,0,0,1
mutation,2296,1,204601,115204096,0,115204096,60491696,210041,10000.894,0,0,0,1
mutation,2297,1,204603,115204096,0,115204096,60344192,209528,10000.894,0,0,0,1
mutation,2298,1,204605,115204096,0,115204096,60431792,209833,10000.901,0,0,0,1
mutation,2299,1,204607,115204096,0,115204096,60434672,209843,10000.916,0,0,0,1
mutation,2300,1,204609,115204096,0,115204096,60427760,209819,10000.910,0,0,0,1
mutation,2301,1,204611,115204096,0,115204096,60485360,210019,10000.935,0,0,0,1
mutation,2302,1,204613,115204096,0,115204096,60390320,209689,10000.939,0,0,0,1
mutation,2303,1,204615,115204096,0,115204096,60424304,209807,10000.928,0,0,0,1
mutation,2304,1,204617,115204096,0,115204096,60419072,209788,10000.898,0,0,0,1
mutation,2305,1,204619,115204096,0,115204096,60355184,209567,10000.909,0,0,0,1
mutation,2306,1,204621,115204096,0,115204096,60500864,210072,10000.904,0,0,0,1
mutation,2307,1,204623,115204096,0,115204096,60379328,209650,10001.137,0,0,0,1
mutation,2308,1,204625,115204096,0,115204096,60544112,210223,10000.893,0,0,0,1
mutation,2309,1,204627,115204096,0,115204096,60522224,210147,10000.932,0,0,0,1
mutation,2310,1,204629,115204096,0,115204096,60563120,210289,10000.914,0,0,0,1
mutation,2311,1,204631,115204096,0,115204096,60477872,209993,10000.884,0,0,0,1
mutation,2312,1,204633,115204096,0,115204096,60513584,210117,10000.892,0,0,0,1
mutation,2313,1,204635,115204096,0,115204096,60400688,209725,10000.893,0,0,0,1
mutation,2314,1,204637,115204096,0,115204096,60559088,210275,10000.893,0,0,0,1
mutation,2315,1,204639,115204096,0,115204096,60405824,209742,10000.915,0,0,0,1
mutation,2316,1,204641,115204096,0,115204096,60401840,209729,10000.885,0,0,0,1
mutation,2317,1,204643,115204096,0,115204096,60462320,209939,10000.910,0,0,0,1
mutation,2318,1,204645,115204096,0,115204096,60355712,209568,10000.910,0,0,0,1
mutation,2319,1,204647,115204096,0,115204096,60540032,210208,10000.915,0,0,0,1
mutation,2320,1,204649,115204096,0,115204096,60494576,210051,10000.912,0,0,0,1
mutation,2321,1,204651,115204096,0,115204096,60512384,210112,10000.891,0,0,0,1
mutation,2322,1,204653,115204096,0,115204096,60372464,209627,10000.900,0,0,0,1
mutation,2323,1,204655,115204096,0,115204096,60472064,209972,10000.905,0,0,0,1
mutation,2324,1,204657,115204096,0,115204096,60340736,209516,10000.895,0,0,0,1
mutation,2325,1,204659,115204096,0,115204096,60445616,209881,10000.889,0,0,0,1
mutation,2326,1,204661,115204096,0,115204096,60367808,209610,10000.914,0,0,0,1
mutation,2327,1,204663,115204096,0,115204096,60506672,210093,10000.942,0,0,0,1
mutation,2328,1,204665,115204096,0,115204096,60407024,209747,10000.895,0,0,0,1
mutation,2329,1,204667,115204096,0,115204096,60435824,209847,10000.938,0,0,0,1
mutation,2330,1,204669,115204096,0,115204096,60480752,210003,10000.950,0,0,0,1
mutation,2331,1,204671,115204096,0,115204096,60275120,209289,10000.904,0,0,0,1
mutation,2332,1,204673,115204096,0,115204096,60471536,209971,10000.907,0,0,0,1
mutation,2333,1,204675,115204096,0,115204096,60507248,210095,10000.926,0,0,0,1
mutation,2334,1,204677,115204096,0,115204096,60175424,208942,10000.895,0,0,0,1
mutation,2335,1,204679,115204096,0,115204096,60039536,208471,10000.984,0,0,0,1
mutation,2336,1,204681,115204096,0,115204096,59973872,208243,10000.966,0,0,0,1
mutation,2337,1,204683,115204096,0,115204096,60286064,209327,10000.897,0,0,0,1
mutation,2338,1,204685,115204096,0,115204096,60314864,209427,10000.890,0,0,0,1
mutation,2339,1,204687,115204096,0,115204096,60515888,210125,10000.930,0,0,0,1
mutation,2340,1,204689,115204096,0,115204096,60512384,210112,10000.889,0,0,0,1
mutation,2341,1,204691,115204096,0,115204096,60338480,209509,10000.886,0,0,0,1
mutation,2342,1,204693,115204096,0,115204096,60359744,209582,10000.886,0,0,0,1
mutation,2343,1,204695,115204096,0,115204096,60428336,209821,10000.893,0,0,0,1
mutation,2344,1,204697,115204096,0,115204096,60038336,208466,10000.913,0,0,0,1
mutation,2345,1,204699,115204096,0,115204096,60378224,209647,10000.911,0,0,0,1
mutation,2346,1,204701,115204096,0,115204096,60455984,209917,10000.926,0,0,0,1
mutation,2347,1,204703,115204096,0,115204096,59885120,207934,10000.914,0,0,0,1
mutation,2348,1,204705,115204096,0,115204096,60233648,209145,10000.894,0,0,0,1
mutation,2349,1,204707,115204096,0,115204096,60532016,210181,10000.871,0,0,0,1
mutation,2350,1,204709,115204096,0,115204096,60474368,209980,10000.861,0,0,0,1
mutation,2351,1,204711,115204096,0,115204096,60508400,210099,10000.916,0,0,0,1
mutation,2352,1,204713,115204096,0,115204096,60389168,209685,10000.882,0,0,0,1
mutation,2353,1,204715,115204096,0,115204096,60526832,210163,10000.947,0,0,0,1
mutation,2354,1,204717,115204096,0,115204096,60473840,209979,10000.899,0,0,0,1
mutation,2355,1,204719,115204096,0,115204096,60444416,209876,10000.891,0,0,0,1
mutation,2356,1,204721,115204096,0,115204096,60384560,209669,10000.907,0,0,0,1
mutation,2357,1,204723,115204096,0,115204096,60450800,209899,10000.882,0,0,0,1
mutation,2358,1,204725,115204096,0,115204096,60220976,209101,10000.886,0,0,0,1
mutation,2359,1,204727,115204096,0,115204096,60468608,209960,10000.912,0,0,0,1
mutation,2360,1,204729,115204096,0,115204096,60474368,209980,10000.898,0,0,0,1
mutation,2361,1,204731,115204096,0,115204096,60386288,209675,10000.923,0,0,0,1
mutation,2362,1,204733,115204096,0,115204096,60510128,210105,10000.925,0,0,0,1
mutation,2363,1,204735,115204096,0,115204096,60475520,209984,10000.912,0,0,0,1
mutation,2364,1,204737,115204096,0,115204096,60309680,209409,10000.913,0,0,0,1
mutation,2365,1,204739,115204096,0,115204096,60582656,210356,10000.880,0,0,0,1
mutation,2366,1,204741,115204096,0,115204096,60553856,210256,10000.884,0,0,0,1
mutation,2367,1,204743,115204096,0,115204096,60430016,209826,10000.915,0,0,0,1
mutation,2368,1,204745,115204096,0,115204096,60462320,209939,10000.913,0,0,0,1
mutation,2369,1,204747,115204096,0,115204096,60465152,209948,10000.886,0,0,0,1
mutation,2370,1,204749,115204096,0,115204096,60551024,210247,10000.949,0,0,0,1
mutation,2371,1,204751,115204096,0,115204096,60490544,210037,10000.908,0,0,0,1
mutation,2372,1,204753,115204096,0,115204096,60546992,210233,10000.942,0,0,0,1
mutation,2373,1,204755,115204096,0,115204096,60506096,210091,10000.876,0,0,0,1
mutation,2374,1,204757,115204096,0,115204096,60455408,209915,10000.934,0,0,0,1
mutation,2375,1,204759,115204096,0,115204096,60451904,209902,10000.903,0,0,0,1
mutation,2376,1,204761,115204096,0,115204096,60514736,210121,10000.939,0,0,0,1
mutation,2377,1,204763,115204096,0,115204096,60379952,209653,10000.894,0,0,0,1
mutation,2378,1,204765,115204096,0,115204096,60449600,209894,10000.911,0,0,0,1
mutation,2379,1,204767,115204096,0,115204096,60508400,210099,10000.927,0,0,0,1
mutation,2380,1,204769,115204096,0,115204096,60358064,209577,10000.901,0,0,0,1
mutation,2381,1,204771,115204096,0,115204096,60496880,210059,10000.898,0,0,0,1
mutation,2382,1,204773,115204096,0,115204096,60485888,210020,10000.905,0,0,0,1
mutation,2383,1,204775,115204096,0,115204096,60384512,209668,10000.894,0,0,0,1
mutation,2384,1,204777,115204096,0,115204096,60529712,210173,10000.928,0,0,0,1
mutation,2385,1,204779,115204096,0,115204096,60461744,209937,10000.900,0,0,0,1
mutation,2386,1,204781,115204096,0,115204096,60529136,210171,10000.922,0,0,0,1
mutation,2387,1,204783,115204096,0,115204096,60404096,209736,10000.912,0,0,0,1
mutation,2388,1,204785,115204096,0,115204096,60317744,209437,10001.420,0,0,0,1
mutation,2389,1,204787,115204096,0,115204096,60369584,209617,10000.863,0,0,0,1
mutation,2390,1,204789,115204096,0,115204096,60456512,209918,10000.910,0,0,0,1
mutation,2391,1,204791,115204096,0,115204096,60449648,209895,10000.860,0,0,0,1
mutation,2392,1,204793,115204096,0,115204096,60509552,210103,10000.895,0,0,0,1
mutation,2393,1,204795,115204096,0,115204096,60400112,209723,10000.852,0,0,0,1
mutation,2394,1,204797,115204096,0,115204096,60466352,209953,10000.886,0,0,0,1
mutation,2395,1,204799,115204096,0,115204096,60383408,209665,10000.868,0,0,0,1
mutation,2396,1,204801,115204096,0,115204096,60522752,210148,10000.911,0,0,0,1
mutation,2397,1,204803,115204096,0,115204096,60396032,209708,10000.907,0,0,0,1
mutation,2398,1,204805,115204096,0,115204096,60523904,210152,10000.877,0,0,0,1
mutation,2399,1,204807,115204096,0,115204096,60323504,209457,10000.918,0,0,0,1
mutation,2400,1,204809,115204096,0,115204096,60499760,210069,10000.892,0,0,0,1
mutation,2401,1,204811,115204096,0,115204096,60379904,209652,10000.909,0,0,0,1
mutation,2402,1,204813,115204096,0,115204096,60447296,209886,10000.878,0,0,0,1
mutation,2403,1,204815,115204096,0,115204096,60435776,209846,10000.881,0,0,0,1
mutation,2404,1,204817,115204096,0,115204096,60380528,209655,10000.891,0,0,0,1
mutation,2405,1,204819,115204096,0,115204096,60389744,209687,10000.887,0,0,0,1
mutation,2406,1,204821,115204096,0,115204096,60195056,209011,10000.914,0,0,0,1
mutation,2407,1,204823,115204096,0,115204096,60464048,209945,10001.054,0,0,0,1
mutation,2408,1,204825,115204096,0,115204096,60333872,209493,10000.906,0,0,0,1
mutation,2409,1,204827,115204096,0,115204096,60471488,209970,10000.892,0,0,0,1
mutation,2410,1,204829,115204096,0,115204096,60417968,209785,10000.905,0,0,0,1
mutation,2411,1,204831,115204096,0,115204096,60314288,209425,10000.896,0,0,0,1
mutation,2412,1,204833,115204096,0,115204096,60463472,209943,10000.890,0,0,0,1
mutation,2413,1,204835,115204096,0,115204096,60404672,209738,10000.906,0,0,0,1
mutation,2414,1,204837,115204096,0,115204096,60488816,210031,10000.918,0,0,0,1
mutation,2415,1,204839,115204096,0,115204096,60312512,209418,10000.892,0,0,0,1
mutation,2416,1,204841,115204096,0,115204096,60532592,210183,10000.928,0,0,0,1
mutation,2417,1,204843,115204096,0,115204096,60483584,210012,10000.915,0,0,0,1
mutation,2418,1,204845,115204096,0,115204096,60454256,209911,10000.920,0,0,0,1
mutation,2419,1,204847,115204096,0,115204096,60441536,209866,10000.892,0,0,0,1
mutation,2420,1,204849,115204096,0,115204096,60455360,209914,10000.893,0,0,0,1
mutation,2421,1,204851,115204096,0,115204096,60474368,209980,10000.896,0,0,0,1
mutation,2422,1,204853,115204096,0,115204096,60574064,210327,10000.948,0,0,0,1
mutation,2423,1,204855,115204096,0,115204096,60515264,210122,10000.914,0,0,0,1
mutation,2424,1,204857,115204096,0,115204096,60465728,209950,10000.896,0,0,0,1
mutation,2425,1,204859,115204096,0,115204096,60389168,209685,10000.911,0,0,0,1
mutation,2426,1,204861,115204096,0,115204096,60439856,209861,10000.892,0,0,0,1
mutation,2427,1,204863,115204096,0,115204096,60523904,210152,10000.885,0,0,0,1
mutation,2428,1,204865,115204096,0,115204096,60408176,209751,10000.988,0,0,0,1
mutation,2429,1,204867,115204096,0,115204096,60424880,209809,10000.904,0,0,0,1
mutation,2430,1,204869,115204096,0,115204096,60521600,210144,10000.901,0,0,0,1
mutation,2431,1,204871,115204096,0,115204096,60406400,209744,10000.905,0,0,0,1
mutation,2432,1,204873,115204096,0,115204096,60417392,209783,10000.883,0,0,0,1
mutation,2433,1,204875,115204096,0,115204096,60530240,210174,10000.908,0,0,0,1
mutation,2434,1,204877,115204096,0,115204096,60445568,209880,10000.911,0,0,0,1
mutation,2435,1,204879,115204096,0,115204096,60510128,210105,10000.878,0,0,0,1
mutation,2436,1,204881,115204096,0,115204096,60491120,210039,10000.891,0,0,0,1
mutation,2437,1,204883,115204096,0,115204096,60382256,209661,10000.890,0,0,0,1
mutation,2438,1,204885,115204096,0,115204096,60456560,209919,10000.908,0,0,0,1
mutation,2439,1,204887,115204096,0,115204096,60437504,209852,10000.873,0,0,0,1
mutation,2440,1,204889,115204096,0,115204096,60435776,209846,10000.883,0,0,0,1
mutation,2441,1,204891,115204096,0,115204096,60495728,210055,10000.932,0,0,0,1
mutation,2442,1,204893,115204096,0,115204096,60430592,209828,10000.922,0,0,0,1
mutation,2443,1,204895,115204096,0,115204096,60264176,209251,10000.929,0,0,0,1
mutation,2444,1,204897,115204096,0,115204096,60499760,210069,10000.881,0,0,0,1
mutation,2445,1,204899,115204096,0,115204096,60358592,209578,10000.892,0,0,0,1
mutation,2446,1,204901,115204096,0,115204096,60510704,210107,10000.921,0,0,0,1
mutation,2447,1,204903,115204096,0,115204096,60598256,210411,10000.898,0,0,0,1
mutation,2448,1,204905,115204096,0,115204096,60418496,209786,10000.902,0,0,0,1
mutation,2449,1,204907,115204096,0,115204096,60530864,210177,10000.949,0,0,0,1
mutation,2450,1,204909,115204096,0,115204096,60464576,209946,10000.897,0,0,0,1
mutation,2451,1,204911,115204096,0,115204096,60426032,209813,10000.924,0,0,0,1
mutation,2452,1,204913,115204096,0,115204096,60490544,210037,10000.912,0,0,0,1
mutation,2453,1,204915,115204096,0,115204096,60367232,209608,10000.883,0,0,0,1
mutation,2454,1,204917,115204096,0,115204096,60502592,210078,10000.905,0,0,0,1
mutation,2455,1,204919,115204096,0,115204096,60454256,209911,10000.911,0,0,0,1
mutation,2456,1,204921,115204096,0,115204096,60477872,209993,10000.877,0,0,0,1
mutation,2457,1,204923,115204096,0,115204096,60439280,209859,10000.887,0,0,0,1
mutation,2458,1,204925,115204096,0,115204096,60377648,209645,10000.910,0,0,0,1
mutation,2459,1,204927,115204096,0,115204096,60489968,210035,10000.900,0,0,0,1
mutation,2460,1,204929,115204096,0,115204096,60545264,210227,10000.893,0,0,0,1
mutation,2461,1,204931,115204096,0,115204096,60436352,209848,10000.882,0,0,0,1
mutation,2462,1,204933,115204096,0,115204096,60433520,209839,10000.925,0,0,0,1
mutation,2463,1,204935,115204096,0,115204096,60487040,210024,10000.921,0,0,0,1
mutation,2464,1,204937,115204096,0,115204096,60428336,209821,10000.908,0,0,0,1
mutation,2465,1,204939,115204096,0,115204096,60495152,210053,10000.909,0,0,0,1
mutation,2466,1,204941,115204096,0,115204096,60454256,209911,10000.920,0,0,0,1
mutation,2467,1,204943,115204096,0,115204096,60456560,209919,10000.925,0,0,0,1
mutation,2468,1,204945,115204096,0,115204096,60387440,209679,10000.932,0,0,0,1
mutation,2469,1,204947,115204096,0,115204096,60417968,209785,10000.930,0,0,0,1
mutation,2470,1,204949,115204096,0,115204096,60484736,210016,10000.913,0,0,0,1
mutation,2471,1,204951,115204096,0,115204096,60535472,210193,10000.903,0,0,0,1
mutation,2472,1,204953,115204096,0,115204096,60529712,210173,10000.908,0,0,0,1
mutation,2473,1,204955,115204096,0,115204096,60360368,209585,10000.901,0,0,0,1
mutation,2474,1,204957,115204096,0,115204096,60469808,209965,10000.942,0,0,0,1
mutation,2475,1,204959,115204096,0,115204096,60487088,210025,10000.916,0,0,0,1
mutation,2476,1,204961,115204096,0,115204096,60530816,210176,10000.887,0,0,0,1
mutation,2477,1,204963,115204096,0,115204096,60430640,209829,10000.894,0,0,0,1
mutation,2478,1,204965,115204096,0,115204096,60441536,209866,10000.878,0,0,0,1
mutation,2479,1,204967,115204096,0,115204096,60501488,210075,10000.914,0,0,0,1
mutation,2480,1,204969,115204096,0,115204096,60480752,210003,10000.947,0,0,0,1
mutation,2481,1,204971,115204096,0,115204096,60454832,209913,10000.914,0,0,0,1
mutation,2482,1,204973,115204096,0,115204096,60373040,209629,10000.895,0,0,0,1
mutation,2483,1,204975,115204096,0,115204096,60379376,209651,10000.987,0,0,0,1
mutation,2484,1,204977,115204096,0,115204096,60425456,209811,10000.905,0,0,0,1
mutation,2485,1,204979,115204096,0,115204096,60508976,210101,10000.933,0,0,0,1
mutation,2486,1,204981,115204096,0,115204096,60402992,209733,10000.925,0,0,0,1
mutation,2487,1,204983,115204096,0,115204096,60439280,209859,10000.927,0,0,0,1
mutation,2488,1,204985,115204096,0,115204096,60522752,210148,10000.907,0,0,0,1
mutation,2489,1,204987,115204096,0,115204096,60519872,210138,10000.907,0,0,0,1
mutation,2490,1,204989,115204096,0,115204096,60459440,209929,10000.923,0,0,0,1
mutation,2491,1,204991,115204096,0,115204096,60514160,210119,10000.881,0,0,0,1
mutation,2492,1,204993,115204096,0,115204096,60473840,209979,10000.976,0,0,0,1
mutation,2493,1,204995,115204096,0,115204096,60405296,209741,10000.911,0,0,0,1
mutation,2494,1,204997,115204096,0,115204096,60457712,209923,10000.893,0,0,0,1
mutation,2495,1,204999,115204096,0,115204096,60397808,209715,10000.936,0,0,0,1
mutation,2496,1,205001,115204096,0,115204096,60495152,210053,10000.895,0,0,0,1
mutation,2497,1,205003,115204096,0,115204096,60577520,210339,10000.908,0,0,0,1
mutation,2498,1,205005,115204096,0,115204096,60457712,209923,10000.893,0,0,0,1
mutation,2499,1,205007,115204096,0,115204096,60468656,209961,10000.941,0,0,0,1
mutation,2500,1,205009,115204096,0,115204096,60485360,210019,10000.919,0,0,0,1
mutation,2501,1,205011,115204096,0,115204096,60544064,210222,10000.888,0,0,0,1
mutation,2502,1,205013,115204096,0,115204096,60457664,209922,10000.897,0,0,0,1
mutation,2503,1,205015,115204096,0,115204096,60388016,209681,10000.892,0,0,0,1
mutation,2504,1,205017,115204096,0,115204096,60385088,209670,10000.892,0,0,0,1
mutation,2505,1,205019,115204096,0,115204096,60352256,209556,10000.904,0,0,0,1
mutation,2506,1,205021,115204096,0,115204096,60479552,209998,10000.924,0,0,0,1
mutation,2507,1,205023,115204096,0,115204096,60431168,209830,10001.066,0,0,0,1
mutation,2508,1,205025,115204096,0,115204096,60440960,209864,10000.901,0,0,0,1
mutation,2509,1,205027,115204096,0,115204096,60520496,210141,10000.912,0,0,0,1
mutation,2510,1,205029,115204096,0,115204096,60493424,210047,10000.933,0,0,0,1
mutation,2511,1,205031,115204096,0,115204096,60396080,209709,10000.919,0,0,0,1
mutation,2512,1,205033,115204096,0,115204096,60388592,209683,10000.897,0,0,0,1
mutation,2513,1,205035,115204096,0,115204096,60412208,209765,10000.891,0,0,0,1
mutation,2514,1,205037,115204096,0,115204096,60477872,209993,10000.942,0,0,0,1
mutation,2515,1,205039,115204096,0,115204096,60519872,210138,10000.874,0,0,0,1
mutation,2516,1,205041,115204096,0,115204096,60545264,210227,10000.897,0,0,0,1
mutation,2517,1,205043,115204096,0,115204096,60474368,209980,10000.882,0,0,0,1
mutation,2518,1,205045,115204096,0,115204096,60424832,209808,10000.892,0,0,0,1
mutation,2519,1,205047,115204096,0,115204096,60441584,209867,10000.918,0,0,0,1
mutation,2520,1,205049,115204096,0,115204096,60485888,210020,10000.910,0,0,0,1
mutation,2521,1,205051,115204096,0,115204096,60415088,209775,10000.927,0,0,0,1
mutation,2522,1,205053,115204096,0,115204096,60483584,210012,10000.881,0,0,0,1
mutation,2523,1,205055,115204096,0,115204096,60574640,210329,10000.944,0,0,0,1
mutation,2524,1,205057,115204096,0,115204096,60489344,210032,10000.897,0,0,0,1
mutation,2525,1,205059,115204096,0,115204096,60464000,209944,10000.897,0,0,0,1
mutation,2526,1,205061,115204096,0,115204096,60417392,209783,10000.922,0,0,0,1
mutation,2527,1,205063,115204096,0,115204096,60484784,210017,10000.888,0,0,0,1
mutation,2528,1,205065,115204096,0,115204096,60452480,209904,10000.876,0,0,0,1
mutation,2529,1,205067,115204096,0,115204096,60583856,210361,10000.954,0,0,0,1
mutation,2530,1,205069,115204096,0,115204096,60434624,209842,10000.894,0,0,0,1
mutation,2531,1,205071,115204096,0,115204096,60489392,210033,10000.908,0,0,0,1
mutation,2532,1,205073,115204096,0,115204096,60526256,210161,10000.924,0,0,0,1
mutation,2533,1,205075,115204096,0,115204096,60459968,209930,10000.863,0,0,0,1
mutation,2534,1,205077,115204096,0,115204096,60389696,209686,10000.917,0,0,0,1
mutation,2535,1,205079,115204096,0,115204096,60560816,210281,10000.928,0,0,0,1
mutation,2536,1,205081,115204096,0,115204096,60424832,209808,10000.899,0,0,0,1
mutation,2537,1,205083,115204096,0,115204096,60535472,210193,10000.899,0,0,0,1
mutation,2538,1,205085,115204096,0,115204096,60438128,209855,10000.895,0,0,0,1
mutation,2539,1,205087,115204096,0,115204096,60391424,209692,10000.905,0,0,0,1
mutation,2540,1,205089,115204096,0,115204096,60518768,210135,10000.884,0,0,0,1
mutation,2541,1,205091,115204096,0,115204096,60411008,209760,10000.887,0,0,0,1
mutation,2542,1,205093,115204096,0,115204096,60506624,210092,10000.889,0,0,0,1
mutation,2543,1,205095,115204096,0,115204096,60474416,209981,10000.874,0,0,0,1
mutation,2544,1,205097,115204096,0,115204096,60515264,210122,10000.897,0,0,0,1
mutation,2545,1,205099,115204096,0,115204096,60512384,210112,10000.893,0,0,0,1
mutation,2546,1,205101,115204096,0,115204096,60514112,210118,10000.888,0,0,0,1
mutation,2547,1,205103,115204096,0,115204096,60431168,209830,10000.882,0,0,0,1
mutation,2548,1,205105,115204096,0,115204096,60419120,209789,10000.897,0,0,0,1
mutation,2549,1,205107,115204096,0,115204096,60462320,209939,10000.935,0,0,0,1
mutation,2550,1,205109,115204096,0,115204096,60411632,209763,10000.924,0,0,0,1
mutation,2551,1,205111,115204096,0,115204096,60415088,209775,10000.896,0,0,0,1
mutation,2552,1,205113,115204096,0,115204096,60409280,209754,10000.880,0,0,0,1
mutation,2553,1,205115,115204096,0,115204096,60379904,209652,10000.895,0,0,0,1
mutation,2554,1,205117,115204096,0,115204096,60450752,209898,10000.905,0,0,0,1
mutation,2555,1,205119,115204096,0,115204096,60541184,210212,10000.889,0,0,0,1
mutation,2556,1,205121,115204096,0,115204096,60491072,210038,10000.901,0,0,0,1
mutation,2557,1,205123,115204096,0,115204096,60492224,210042,10000.875,0,0,0,1
mutation,2558,1,205125,115204096,0,115204096,60473840,209979,10000.948,0,0,0,1
mutation,2559,1,205127,115204096,0,115204096,60450752,209898,10000.893,0,0,0,1
mutation,2560,1,205129,115204096,0,115204096,60451952,209903,10000.901,0,0,0,1
mutation,2561,1,205131,115204096,0,115204096,60544688,210225,10000.911,0,0,0,1
mutation,2562,1,205133,115204096,0,115204096,60500336,210071,10000.896,0,0,0,1
mutation,2563,1,205135,115204096,0,115204096,60494576,210051,10000.939,0,0,0,1
mutation,2564,1,205137,115204096,0,115204096,60400112,209723,10000.887,0,0,0,1
mutation,2565,1,205139,115204096,0,115204096,60549824,210242,10000.899,0,0,0,1
mutation,2566,1,205141,115204096,0,115204096,60544112,210223,10000.897,0,0,0,1
mutation,2567,1,205143,115204096,0,115204096,60426560,209814,10000.908,0,0,0,1
mutation,2568,1,205145,115204096,0,115204096,60422528,209800,10000.872,0,0,0,1
mutation,2569,1,205147,115204096,0,115204096,60440432,209863,10000.947,0,0,0,1
mutation,2570,1,205149,115204096,0,115204096,60404672,209738,10000.897,0,0,0,1
mutation,2571,1,205151,115204096,0,115204096,60409856,209756,10000.906,0,0,0,1
mutation,2572,1,205153,115204096,0,115204096,60474992,209983,10000.920,0,0,0,1
mutation,2573,1,205155,115204096,0,115204096,60472688,209975,10000.905,0,0,0,1
mutation,2574,1,205157,115204096,0,115204096,60453632,209908,10000.880,0,0,0,1
mutation,2575,1,205159,115204096,0,115204096,60470960,209969,10005.947,0,0,0,1
mutation,2576,1,205161,115204096,0,115204096,60313712,209423,10000.885,0,0,0,1
mutation,2577,1,205163,115204096,0,115204096,60415616,209776,10000.921,0,0,0,1
mutation,2578,1,205165,115204096,0,115204096,60360320,209584,10000.890,0,0,0,1
mutation,2579,1,205167,115204096,0,115204096,60483056,210011,10000.894,0,0,0,1
mutation,2580,1,205169,115204096,0,115204096,60507200,210094,10000.891,0,0,0,1
mutation,2581,1,205171,115204096,0,115204096,60513536,210116,10000.906,0,0,0,1
mutation,2582,1,205173,115204096,0,115204096,60458288,209925,10000.909,0,0,0,1
mutation,2583,1,205175,115204096,0,115204096,60547568,210235,10000.906,0,0,0,1
mutation,2584,1,205177,115204096,0,115204096,60525104,210157,10000.940,0,0,0,1
mutation,2585,1,205179,115204096,0,115204096,60407024,209747,10000.896,0,0,0,1
mutation,2586,1,205181,115204096,0,115204096,60519872,210138,10000.906,0,0,0,1
mutation,2587,1,205183,115204096,0,115204096,60474368,209980,10000.879,0,0,0,1
mutation,2588,1,205185,115204096,0,115204096,60590768,210385,10000.989,0,0,0,1
mutation,2589,1,205187,115204096,0,115204096,60416816,209781,10000.907,0,0,0,1
mutation,2590,1,205189,115204096,0,115204096,60462320,209939,10000.890,0,0,0,1
mutation,2591,1,205191,115204096,0,115204096,60388592,209683,10000.907,0,0,0,1
mutation,2592,1,205193,115204096,0,115204096,60548144,210237,10000.908,0,0,0,1
mutation,2593,1,205195,115204096,0,115204096,60435248,209845,10000.929,0,0,0,1
mutation,2594,1,205197,115204096,0,115204096,60375920,209639,10000.889,0,0,0,1
mutation,2595,1,205199,115204096,0,115204096,60474416,209981,10000.931,0,0,0,1
mutation,2596,1,205201,115204096,0,115204096,60453056,209906,10000.868,0,0,0,1
mutation,2597,1,205203,115204096,0,115204096,60477872,209993,10000.916,0,0,0,1
mutation,2598,1,205205,115204096,0,115204096,60452528,209905,10000.908,0,0,0,1
mutation,2599,1,205207,115204096,0,115204096,60400112,209723,10000.928,0,0,0,1
mutation,2600,1,205209,115204096,0,115204096,60310832,209413,10000.877,0,0,0,1
mutation,2601,1,205211,115204096,0,115204096,60480704,210002,10000.873,0,0,0,1
mutation,2602,1,205213,115204096,0,115204096,60518192,210133,10000.934,0,0,0,1
mutation,2603,1,205215,115204096,0,115204096,60454256,209911,10000.935,0,0,0,1
mutation,2604,1,205217,115204096,0,115204096,60489392,210033,10000.873,0,0,0,1
mutation,2605,1,205219,115204096,0,115204096,60483008,210010,10000.912,0,0,0,1
mutation,2606,1,205221,115204096,0,115204096,60521072,210143,10000.919,0,0,0,1
mutation,2607,1,205223,115204096,0,115204096,60402416,209731,10000.943,0,0,0,1
mutation,2608,1,205225,115204096,0,115204096,59731952,207403,10001.633,0,0,0,1
mutation,2609,1,205227,115204096,0,115204096,60170288,208925,10000.908,0,0,0,1
mutation,2610,1,205229,115204096,0,115204096,60446720,209884,10000.893,0,0,0,1
mutation,2611,1,205231,115204096,0,115204096,60504368,210085,10000.911,0,0,0,1
mutation,2612,1,205233,115204096,0,115204096,59962352,208203,10000.960,0,0,0,1
mutation,2613,1,205235,115204096,0,115204096,59661056,207156,10000.901,0,0,0,1
mutation,2614,1,205237,115204096,0,115204096,59730176,207396,10000.935,0,0,0,1
mutation,2615,1,205239,115204096,0,115204096,59650688,207120,10000.898,0,0,0,1
mutation,2616,1,205241,115204096,0,115204096,59555120,206789,10000.961,0,0,0,1
mutation,2617,1,205243,115204096,0,115204096,59716976,207351,10000.912,0,0,0,1
mutation,2618,1,205245,115204096,0,115204096,59737712,207423,10000.950,0,0,0,1
mutation,2619,1,205247,115204096,0,115204096,59965808,208215,10000.923,0,0,0,1
mutation,2620,1,205249,115204096,0,115204096,60320048,209445,10000.888,0,0,0,1
mutation,2621,1,205251,115204096,0,115204096,60311984,209417,10000.910,0,0,0,1
mutation,2622,1,205253,115204096,0,115204096,59959424,208192,10000.957,0,0,0,1
mutation,2623,1,205255,115204096,0,115204096,60100592,208683,10000.918,0,0,0,1
mutation,2624,1,205257,115204096,0,115204096,60478400,209994,10000.877,0,0,0,1
mutation,2625,1,205259,115204096,0,115204096,60372416,209626,10000.919,0,0,0,1
mutation,2626,1,205261,115204096,0,115204096,60499760,210069,10000.885,0,0,0,1
mutation,2627,1,205263,115204096,0,115204096,60566000,210299,10000.941,0,0,0,1
mutation,2628,1,205265,115204096,0,115204096,60375920,209639,10000.904,0,0,0,1
mutation,2629,1,205267,115204096,0,115204096,60477296,209991,10000.893,0,0,0,1
mutation,2630,1,205269,115204096,0,115204096,60462896,209941,10000.925,0,0,0,1
mutation,2631,1,205271,115204096,0,115204096,60449072,209893,10000.976,0,0,0,1
mutation,2632,1,205273,115204096,0,115204096,60509504,210102,10000.916,0,0,0,1
mutation,2633,1,205275,115204096,0,115204096,60477872,209993,10000.898,0,0,0,1
mutation,2634,1,205277,115204096,0,115204096,60426608,209815,10000.894,0,0,0,1
mutation,2635,1,205279,115204096,0,115204096,60394928,209705,10000.909,0,0,0,1
mutation,2636,1,205281,115204096,0,115204096,60431216,209831,10000.909,0,0,0,1
mutation,2637,1,205283,115204096,0,115204096,60392048,209695,10000.878,0,0,0,1
mutation,2638,1,205285,115204096,0,115204096,60388016,209681,10000.890,0,0,0,1
mutation,2639,1,205287,115204096,0,115204096,60407024,209747,10000.920,0,0,0,1
mutation,2640,1,205289,115204096,0,115204096,60477296,209991,10000.898,0,0,0,1
mutation,2641,1,205291,115204096,0,115204096,60488240,210029,10000.890,0,0,0,1
mutation,2642,1,205293,115204096,0,115204096,60495152,210053,10000.897,0,0,0,1
mutation,2643,1,205295,115204096,0,115204096,60410432,209758,10000.901,0,0,0,1
mutation,2644,1,205297,115204096,0,115204096,60494576,210051,10000.925,0,0,0,1
mutation,2645,1,205299,115204096,0,115204096,60382784,209662,10000.875,0,0,0,1
mutation,2646,1,205301,115204096,0,115204096,60468656,209961,10000.925,0,0,0,1
mutation,2647,1,205303,115204096,0,115204096,60446144,209882,10000.898,0,0,0,1
mutation,2648,1,205305,115204096,0,115204096,60432896,209836,10000.874,0,0,0,1
mutation,2649,1,205307,115204096,0,115204096,60440384,209862,10000.889,0,0,0,1
mutation,2650,1,205309,115204096,0,115204096,60362624,209592,10000.909,0,0,0,1
mutation,2651,1,205311,115204096,0,115204096,60492272,210043,10000.911,0,0,0,1
mutation,2652,1,205313,115204096,0,115204096,60478448,209995,10000.915,0,0,0,1
mutation,2653,1,205315,115204096,0,115204096,60389744,209687,10000.898,0,0,0,1
mutation,2654,1,205317,115204096,0,115204096,60490544,210037,10000.931,0,0,0,1
mutation,2655,1,205319,115204096,0,115204096,60369584,209617,10000.912,0,0,0,1
mutation,2656,1,205321,115204096,0,115204096,60379376,209651,10000.886,0,0,0,1
mutation,2657,1,205323,115204096,0,115204096,60382784,209662,10000.893,0,0,0,1
mutation,2658,1,205325,115204096,0,115204096,60526256,210161,10000.930,0,0,0,1
mutation,2659,1,205327,115204096,0,115204096,60231920,209139,10000.898,0,0,0,1
mutation,2660,1,205329,115204096,0,115204096,60484160,210014,10000.884,0,0,0,1
mutation,2661,1,205331,115204096,0,115204096,60516464,210127,10000.884,0,0,0,1
mutation,2662,1,205333,115204096,0,115204096,60468656,209961,10000.926,0,0,0,1
mutation,2663,1,205335,115204096,0,115204096,60415088,209775,10000.900,0,0,0,1
mutation,2664,1,205337,115204096,0,115204096,60546992,210233,10000.897,0,0,0,1
mutation,2665,1,205339,115204096,0,115204096,60457664,209922,10000.867,0,0,0,1
mutation,2666,1,205341,115204096,0,115204096,60466352,209953,10000.934,0,0,0,1
mutation,2667,1,205343,115204096,0,115204096,60421376,209796,10000.896,0,0,0,1
mutation,2668,1,205345,115204096,0,115204096,60498032,210063,10000.889,0,0,0,1
mutation,2669,1,205347,115204096,0,115204096,60435776,209846,10000.894,0,0,0,1
mutation,2670,1,205349,115204096,0,115204096,60484160,210014,10000.911,0,0,0,1
mutation,2671,1,205351,115204096,0,115204096,60535472,210193,10000.892,0,0,0,1
mutation,2672,1,205353,115204096,0,115204096,60453680,209909,10000.931,0,0,0,1
mutation,2673,1,205355,115204096,0,115204096,60411056,209761,10000.897,0,0,0,1
mutation,2674,1,205357,115204096,0,115204096,60442160,209869,10000.900,0,0,0,1
mutation,2675,1,205359,115204096,0,115204096,60490544,210037,10000.919,0,0,0,1
mutation,2676,1,205361,115204096,0,115204096,60431792,209833,10000.902,0,0,0,1
mutation,2677,1,205363,115204096,0,115204096,60227264,209122,10000.906,0,0,0,1
mutation,2678,1,205365,115204096,0,115204096,60488192,210028,10000.906,0,0,0,1
mutation,2679,1,205367,115204096,0,115204096,60419120,209789,10000.911,0,0,0,1
mutation,2680,1,205369,115204096,0,115204096,60455984,209917,10000.918,0,0,0,1
mutation,2681,1,205371,115204096,0,115204096,60432944,209837,10000.877,0,0,0,1
mutation,2682,1,205373,115204096,0,115204096,60438704,209857,10000.878,0,0,0,1
mutation,2683,1,205375,115204096,0,115204096,60479024,209997,10000.895,0,0,0,1
mutation,2684,1,205377,115204096,0,115204096,60492224,210042,10000.928,0,0,0,1
mutation,2685,1,205379,115204096,0,115204096,60464000,209944,10000.900,0,0,0,1
mutation,2686,1,205381,115204096,0,115204096,60454256,209911,10000.891,0,0,0,1
mutation,2687,1,205383,115204096,0,115204096,60530816,210176,10000.871,0,0,0,1
mutation,2688,1,205385,115204096,0,115204096,60496304,210057,10000.927,0,0,0,1
mutation,2689,1,205387,115204096,0,115204096,60536624,210197,10000.888,0,0,0,1
mutation,2690,1,205389,115204096,0,115204096,60460592,209933,10000.932,0,0,0,1
mutation,2691,1,205391,115204096,0,115204096,60389168,209685,10000.896,0,0,0,1
mutation,2692,1,205393,115204096,0,115204096,60485360,210019,10000.940,0,0,0,1
mutation,2693,1,205395,115204096,0,115204096,60545792,210228,10000.901,0,0,0,1
mutation,2694,1,205397,115204096,0,115204096,60445616,209881,10000.953,0,0,0,1
mutation,2695,1,205399,115204096,0,115204096,60424304,209807,10000.904,0,0,0,1
mutation,2696,1,205401,115204096,0,115204096,60483584,210012,10000.886,0,0,0,1
mutation,2697,1,205403,115204096,0,115204096,60455360,209914,10000.894,0,0,0,1
mutation,2698,1,205405,115204096,0,115204096,60379904,209652,10000.894,0,0,0,1
mutation,2699,1,205407,115204096,0,115204096,60368384,209612,10000.898,0,0,0,1
mutation,2700,1,205409,115204096,0,115204096,60415088,209775,10000.924,0,0,0,1
mutation,2701,1,205411,115204096,0,115204096,60416240,209779,10000.929,0,0,0,1
mutation,2702,1,205413,115204096,0,115204096,60484160,210014,10000.911,0,0,0,1
mutation,2703,1,205415,115204096,0,115204096,60482432,210008,10000.891,0,0,0,1
mutation,2704,1,205417,115204096,0,115204096,60468080,209959,10000.921,0,0,0,1
mutation,2705,1,205419,115204096,0,115204096,60465728,209950,10000.887,0,0,0,1
mutation,2706,1,205421,115204096,0,115204096,60509552,210103,10000.928,0,0,0,1
mutation,2707,1,205423,115204096,0,115204096,60429488,209825,10000.910,0,0,0,1
mutation,2708,1,205425,115204096,0,115204096,60519344,210137,10001.553,0,0,0,1
mutation,2709,1,205427,115204096,0,115204096,60347120,209539,10000.913,0,0,0,1
mutation,2710,1,205429,115204096,0,115204096,60314864,209427,10000.908,0,0,0,1
mutation,2711,1,205431,115204096,0,115204096,60424304,209807,10000.961,0,0,0,1
mutation,2712,1,205433,115204096,0,115204096,60424880,209809,10000.900,0,0,0,1
mutation,2713,1,205435,115204096,0,115204096,60409856,209756,10000.903,0,0,0,1
mutation,2714,1,205437,115204096,0,115204096,60503216,210081,10000.931,0,0,0,1
mutation,2715,1,205439,115204096,0,115204096,60413360,209769,10000.884,0,0,0,1
mutation,2716,1,205441,115204096,0,115204096,60381680,209659,10000.927,0,0,0,1
mutation,2717,1,205443,115204096,0,115204096,60389744,209687,10000.956,0,0,0,1
mutation,2718,1,205445,115204096,0,115204096,60481328,210005,10000.918,0,0,0,1
mutation,2719,1,205447,115204096,0,115204096,60431744,209832,10000.881,0,0,0,1
mutation,2720,1,205449,115204096,0,115204096,60540080,210209,10000.902,0,0,0,1
mutation,2721,1,205451,115204096,0,115204096,60506096,210091,10000.880,0,0,0,1
mutation,2722,1,205453,115204096,0,115204096,60389744,209687,10000.910,0,0,0,1
mutation,2723,1,205455,115204096,0,115204096,60496880,210059,10000.930,0,0,0,1
mutation,2724,1,205457,115204096,0,115204096,60485360,210019,10000.920,0,0,0,1
mutation,2725,1,205459,115204096,0,115204096,60420848,209795,10000.893,0,0,0,1
mutation,2726,1,205461,115204096,0,115204096,60430640,209829,10000.929,0,0,0,1
mutation,2727,1,205463,115204096,0,115204096,60563072,210288,10000.883,0,0,0,1
mutation,2728,1,205465,115204096,0,115204096,60502592,210078,10000.890,0,0,0,1
mutation,2729,1,205467,115204096,0,115204096,60526784,210162,10000.900,0,0,0,1
mutation,2730,1,205469,115204096,0,115204096,60491648,210040,10000.895,0,0,0,1
mutation,2731,1,205471,115204096,0,115204096,60481904,210007,10000.943,0,0,0,1
mutation,2732,1,205473,115204096,0,115204096,60347696,209541,10000.890,0,0,0,1
mutation,2733,1,205475,115204096,0,115204096,60419696,209791,10000.912,0,0,0,1
mutation,2734,1,205477,115204096,0,115204096,60428336,209821,10000.948,0,0,0,1
mutation,2735,1,205479,115204096,0,115204096,60436976,209851,10000.968,0,0,0,1
mutation,2736,1,205481,115204096,0,115204096,60400688,209725,10000.934,0,0,0,1
mutation,2737,1,205483,115204096,0,115204096,60488192,210028,10000.910,0,0,0,1
mutation,2738,1,205485,115204096,0,115204096,60222080,209104,10000.910,0,0,0,1
mutation,2739,1,205487,115204096,0,115204096,60423680,209804,10000.903,0,0,0,1
mutation,2740,1,205489,115204096,0,115204096,60490496,210036,10000.894,0,0,0,1
mutation,2741,1,205491,115204096,0,115204096,60381680,209659,10000.894,0,0,0,1
mutation,2742,1,205493,115204096,0,115204096,60387392,209678,10000.899,0,0,0,1
mutation,2743,1,205495,115204096,0,115204096,60292976,209351,10000.899,0,0,0,1
mutation,2744,1,205497,115204096,0,115204096,60412208,209765,10000.966,0,0,0,1
mutation,2745,1,205499,115204096,0,115204096,60491120,210039,10000.896,0,0,0,1
mutation,2746,1,205501,115204096,0,115204096,60540608,210210,10000.901,0,0,0,1
mutation,2747,1,205503,115204096,0,115204096,60387440,209679,10000.961,0,0,0,1
mutation,2748,1,205505,115204096,0,115204096,60331568,209485,10000.892,0,0,0,1
mutation,2749,1,205507,115204096,0,115204096,60495152,210053,10000.897,0,0,0,1
mutation,2750,1,205509,115204096,0,115204096,60461168,209935,10000.946,0,0,0,1
mutation,2751,1,205511,115204096,0,115204096,60468656,209961,10000.866,0,0,0,1
mutation,2752,1,205513,115204096,0,115204096,60390896,209691,10000.915,0,0,0,1
mutation,2753,1,205515,115204096,0,115204096,60494000,210049,10000.888,0,0,0,1
mutation,2754,1,205517,115204096,0,115204096,60419072,209788,10000.874,0,0,0,1
mutation,2755,1,205519,115204096,0,115204096,60465776,209951,10000.901,0,0,0,1
mutation,2756,1,205521,115204096,0,115204096,60433520,209839,10000.917,0,0,0,1
mutation,2757,1,205523,115204096,0,115204096,60439808,209860,10000.866,0,0,0,1
mutation,2758,1,205525,115204096,0,115204096,60513008,210115,10000.918,0,0,0,1
mutation,2759,1,205527,115204096,0,115204096,60460016,209931,10000.874,0,0,0,1
mutation,2760,1,205529,115204096,0,115204096,60451952,209903,10000.907,0,0,0,1
mutation,2761,1,205531,115204096,0,115204096,60382832,209663,10000.924,0,0,0,1
mutation,2762,1,205533,115204096,0,115204096,60491120,210039,10000.931,0,0,0,1
mutation,2763,1,205535,115204096,0,115204096,60448496,209891,10000.890,0,0,0,1
mutation,2764,1,205537,115204096,0,115204096,60536624,210197,10000.878,0,0,0,1
mutation,2765,1,205539,115204096,0,115204096,60378224,209647,10000.904,0,0,0,1
mutation,2766,1,205541,115204096,0,115204096,60343088,209525,10000.899,0,0,0,1
mutation,2767,1,205543,115204096,0,115204096,60310208,209410,10000.899,0,0,0,1
mutation,2768,1,205545,115204096,0,115204096,60411056,209761,10000.922,0,0,0,1
mutation,2769,1,205547,115204096,0,115204096,60386240,209674,10000.904,0,0,0,1
mutation,2770,1,205549,115204096,0,115204096,60436928,209850,10000.906,0,0,0,1
mutation,2771,1,205551,115204096,0,115204096,60521648,210145,10000.948,0,0,0,1
mutation,2772,1,205553,115204096,0,115204096,60508976,210101,10000.903,0,0,0,1
mutation,2773,1,205555,115204096,0,115204096,60451904,209902,10000.900,0,0,0,1
mutation,2774,1,205557,115204096,0,115204096,60423152,209803,10000.900,0,0,0,1
mutation,2775,1,205559,115204096,0,115204096,60438128,209855,10000.927,0,0,0,1
mutation,2776,1,205561,115204096,0,115204096,60460592,209933,10000.889,0,0,0,1
mutation,2777,1,205563,115204096,0,115204096,60292928,209350,10000.887,0,0,0,1
mutation,2778,1,205565,115204096,0,115204096,60386288,209675,10000.932,0,0,0,1
mutation,2779,1,205567,115204096,0,115204096,60462320,209939,10000.928,0,0,0,1
mutation,2780,1,205569,115204096,0,115204096,60352880,209559,10000.901,0,0,0,1
mutation,2781,1,205571,115204096,0,115204096,60468656,209961,10000.924,0,0,0,1
mutation,2782,1,205573,115204096,0,115204096,60503168,210080,10000.898,0,0,0,1
mutation,2783,1,205575,115204096,0,115204096,60474368,209980,10000.921,0,0,0,1
mutation,2784,1,205577,115204096,0,115204096,60504368,210085,10000.903,0,0,0,1
mutation,2785,1,205579,115204096,0,115204096,60496880,210059,10000.924,0,0,0,1
mutation,2786,1,205581,115204096,0,115204096,60478400,209994,10000.899,0,0,0,1
mutation,2787,1,205583,115204096,0,115204096,60566576,210301,10000.898,0,0,0,1
mutation,2788,1,205585,115204096,0,115204096,60361520,209589,10001.404,0,0,0,1
mutation,2789,1,205587,115204096,0,115204096,60447344,209887,10000.881,0,0,0,1
mutation,2790,1,205589,115204096,0,115204096,60487616,210026,10000.857,0,0,0,1
mutation,2791,1,205591,115204096,0,115204096,60387440,209679,10000.891,0,0,0,1
mutation,2792,1,205593,115204096,0,115204096,60443888,209875,10000.858,0,0,0,1
mutation,2793,1,205595,115204096,0,115204096,60426032,209813,10000.881,0,0,0,1
mutation,2794,1,205597,115204096,0,115204096,60408704,209752,10000.879,0,0,0,1
mutation,2795,1,205599,115204096,0,115204096,60465200,209949,10000.914,0,0,0,1
mutation,2796,1,205601,115204096,0,115204096,60400112,209723,10000.959,0,0,0,1
mutation,2797,1,205603,115204096,0,115204096,60374192,209633,10000.861,0,0,0,1
mutation,2798,1,205605,115204096,0,115204096,60499712,210068,10000.874,0,0,0,1
mutation,2799,1,205607,115204096,0,115204096,60496304,210057,10000.904,0,0,0,1
mutation,2800,1,205609,115204096,0,115204096,60523376,210151,10000.888,0,0,0,1
mutation,2801,1,205611,115204096,0,115204096,60478448,209995,10000.914,0,0,0,1
mutation,2802,1,205613,115204096,0,115204096,60513008,210115,10000.880,0,0,0,1
mutation,2803,1,205615,115204096,0,115204096,60516464,210127,10000.876,0,0,0,1
mutation,2804,1,205617,115204096,0,115204096,60442688,209870,10000.866,0,0,0,1
mutation,2805,1,205619,115204096,0,115204096,60420800,209794,10000.894,0,0,0,1
mutation,2806,1,205621,115204096,0,115204096,60473840,209979,10000.952,0,0,0,1
mutation,2807,1,205623,115204096,0,115204096,60543488,210220,10000.881,0,0,0,1
mutation,2808,1,205625,115204096,0,115204096,60226736,209121,10001.381,0,0,0,1
mutation,2809,1,205627,115204096,0,115204096,60457664,209922,10000.857,0,0,0,1
mutation,2810,1,205629,115204096,0,115204096,60392624,209697,10000.882,0,0,0,1
mutation,2811,1,205631,115204096,0,115204096,60430592,209828,10000.854,0,0,0,1
mutation,2812,1,205633,115204096,0,115204096,60479552,209998,10000.877,0,0,0,1
mutation,2813,1,205635,115204096,0,115204096,60460592,209933,10000.868,0,0,0,1
mutation,2814,1,205637,115204096,0,115204096,60365552,209603,10000.913,0,0,0,1
mutation,2815,1,205639,115204096,0,115204096,60427136,209816,10000.882,0,0,0,1
mutation,2816,1,205641,115204096,0,115204096,60507776,210096,10000.904,0,0,0,1
mutation,2817,1,205643,115204096,0,115204096,60509552,210103,10000.900,0,0,0,1
mutation,2818,1,205645,115204096,0,115204096,60511808,210110,10000.881,0,0,0,1
mutation,2819,1,205647,115204096,0,115204096,60453056,209906,10000.898,0,0,0,1
mutation,2820,1,205649,115204096,0,115204096,60458288,209925,10000.885,0,0,0,1
mutation,2821,1,205651,115204096,0,115204096,60435824,209847,10000.890,0,0,0,1
mutation,2822,1,205653,115204096,0,115204096,60488816,210031,10000.889,0,0,0,1
mutation,2823,1,205655,115204096,0,115204096,60473840,209979,10000.995,0,0,0,1
mutation,2824,1,205657,115204096,0,115204096,60374192,209633,10000.911,0,0,0,1
mutation,2825,1,205659,115204096,0,115204096,60565424,210297,10000.904,0,0,0,1
mutation,2826,1,205661,115204096,0,115204096,60398912,209718,10000.888,0,0,0,1
mutation,2827,1,205663,115204096,0,115204096,60413936,209771,10000.879,0,0,0,1
mutation,2828,1,205665,115204096,0,115204096,60470960,209969,10000.901,0,0,0,1
mutation,2829,1,205667,115204096,0,115204096,60271088,209275,10000.907,0,0,0,1
mutation,2830,1,205669,115204096,0,115204096,60396656,209711,10000.876,0,0,0,1
mutation,2831,1,205671,115204096,0,115204096,60524528,210155,10000.882,0,0,0,1
mutation,2832,1,205673,115204096,0,115204096,60483632,210013,10000.886,0,0,0,1
mutation,2833,1,205675,115204096,0,115204096,60438656,209856,10000.897,0,0,0,1
mutation,2834,1,205677,115204096,0,115204096,60242288,209175,10000.910,0,0,0,1
mutation,2835,1,205679,115204096,0,115204096,59825264,207727,10000.920,0,0,0,1
mutation,2836,1,205681,115204096,0,115204096,60332096,209486,10000.906,0,0,0,1
mutation,2837,1,205683,115204096,0,115204096,60512432,210113,10000.910,0,0,0,1
mutation,2838,1,205685,115204096,0,115204096,60476672,209988,10000.901,0,0,0,1
mutation,2839,1,205687,115204096,0,115204096,60490544,210037,10000.940,0,0,0,1
mutation,2840,1,205689,115204096,0,115204096,60443888,209875,10000.938,0,0,0,1
mutation,2841,1,205691,115204096,0,115204096,60545264,210227,10000.896,0,0,0,1
mutation,2842,1,205693,115204096,0,115204096,60508400,210099,10000.942,0,0,0,1
mutation,2843,1,205695,115204096,0,115204096,60504896,210086,10000.896,0,0,0,1
mutation,2844,1,205697,115204096,0,115204096,60457088,209920,10000.867,0,0,0,1
mutation,2845,1,205699,115204096,0,115204096,60496880,210059,10000.925,0,0,0,1
mutation,2846,1,205701,115204096,0,115204096,60472688,209975,10000.898,0,0,0,1
mutation,2847,1,205703,115204096,0,115204096,60490544,210037,10000.916,0,0,0,1
mutation,2848,1,205705,115204096,0,115204096,60383408,209665,10000.945,0,0,0,1
mutation,2849,1,205707,115204096,0,115204096,60424304,209807,10000.885,0,0,0,1
mutation,2850,1,205709,115204096,0,115204096,60461744,209937,10000.895,0,0,0,1
mutation,2851,1,205711,115204096,0,115204096,60556160,210264,10000.880,0,0,0,1
mutation,2852,1,205713,115204096,0,115204096,60438128,209855,10000.895,0,0,0,1
mutation,2853,1,205715,115204096,0,115204096,60320048,209445,10000.904,0,0,0,1
mutation,2854,1,205717,115204096,0,115204096,60489392,210033,10000.897,0,0,0,1
mutation,2855,1,205719,115204096,0,115204096,60432944,209837,10000.896,0,0,0,1
mutation,2856,1,205721,115204096,0,115204096,60538928,210205,10000.934,0,0,0,1
mutation,2857,1,205723,115204096,0,115204096,60257840,209229,10000.899,0,0,0,1
mutation,2858,1,205725,115204096,0,115204096,60365552,209603,10000.934,0,0,0,1
mutation,2859,1,205727,115204096,0,115204096,60166208,208910,10000.901,0,0,0,1
mutation,2860,1,205729,115204096,0,115204096,60414512,209773,10000.902,0,0,0,1
mutation,2861,1,205731,115204096,0,115204096,60532016,210181,10000.934,0,0,0,1
mutation,2862,1,205733,115204096,0,115204096,60496304,210057,10000.884,0,0,0,1
mutation,2863,1,205735,115204096,0,115204096,60394880,209704,10016.020,0,0,0,1
mutation,2864,1,205737,115204096,0,115204096,60401840,209729,10000.896,0,0,0,1
mutation,2865,1,205739,115204096,0,115204096,60485936,210021,10000.918,0,0,0,1
mutation,2866,1,205741,115204096,0,115204096,60454208,209910,10000.907,0,0,0,1
mutation,2867,1,205743,115204096,0,115204096,60464576,209946,10000.898,0,0,0,1
mutation,2868,1,205745,115204096,0,115204096,60327488,209470,10000.915,0,0,0,1
mutation,2869,1,205747,115204096,0,115204096,60553904,210257,10000.893,0,0,0,1
mutation,2870,1,205749,115204096,0,115204096,60338432,209508,10000.902,0,0,0,1
mutation,2871,1,205751,115204096,0,115204096,60336128,209500,10000.896,0,0,0,1
mutation,2872,1,205753,115204096,0,115204096,60356336,209571,10000.862,0,0,0,1
mutation,2873,1,205755,115204096,0,115204096,60383408,209665,10000.890,0,0,0,1
mutation,2874,1,205757,115204096,0,115204096,60559088,210275,10000.898,0,0,0,1
mutation,2875,1,205759,115204096,0,115204096,60368432,209613,10000.939,0,0,0,1
mutation,2876,1,205761,115204096,0,115204096,60464000,209944,10000.904,0,0,0,1
mutation,2877,1,205763,115204096,0,115204096,60283136,209316,10000.896,0,0,0,1
mutation,2878,1,205765,115204096,0,115204096,60356336,209571,10000.899,0,0,0,1
mutation,2879,1,205767,115204096,0,115204096,60464000,209944,10000.898,0,0,0,1
mutation,2880,1,205769,115204096,0,115204096,60455984,209917,10000.929,0,0,0,1
mutation,2881,1,205771,115204096,0,115204096,60418544,209787,10000.934,0,0,0,1
mutation,2882,1,205773,115204096,0,115204096,60515312,210123,10000.919,0,0,0,1
mutation,2883,1,205775,115204096,0,115204096,60474416,209981,10000.910,0,0,0,1
mutation,2884,1,205777,115204096,0,115204096,60560816,210281,10000.888,0,0,0,1
mutation,2885,1,205779,115204096,0,115204096,60405296,209741,10000.917,0,0,0,1
mutation,2886,1,205781,115204096,0,115204096,60450800,209899,10000.921,0,0,0,1
mutation,2887,1,205783,115204096,0,115204096,60479600,209999,10000.934,0,0,0,1
mutation,2888,1,205785,115204096,0,115204096,60522224,210147,10000.923,0,0,0,1
mutation,2889,1,205787,115204096,0,115204096,60513008,210115,10000.871,0,0,0,1
mutation,2890,1,205789,115204096,0,115204096,60388592,209683,10000.899,0,0,0,1
mutation,2891,1,205791,115204096,0,115204096,60507248,210095,10000.930,0,0,0,1
mutation,2892,1,205793,115204096,0,115204096,60548720,210239,10000.918,0,0,0,1
mutation,2893,1,205795,115204096,0,115204096,60430016,209826,10000.902,0,0,0,1
mutation,2894,1,205797,115204096,0,115204096,60149552,208853,10000.927,0,0,0,1
mutation,2895,1,205799,115204096,0,115204096,60369584,209617,10000.888,0,0,0,1
mutation,2896,1,205801,115204096,0,115204096,60058544,208537,10000.918,0,0,0,1
mutation,2897,1,205803,115204096,0,115204096,60022832,208413,10000.927,0,0,0,1
mutation,2898,1,205805,115204096,0,115204096,60428288,209820,10000.891,0,0,0,1
mutation,2899,1,205807,115204096,0,115204096,60441008,209865,10000.887,0,0,0,1
mutation,2900,1,205809,115204096,0,115204096,60494000,210049,10000.927,0,0,0,1
mutation,2901,1,205811,115204096,0,115204096,60348272,209543,10000.924,0,0,0,1
mutation,2902,1,205813,115204096,0,115204096,60455408,209915,10000.916,0,0,0,1
mutation,2903,1,205815,115204096,0,115204096,60536576,210196,10000.879,0,0,0,1
mutation,2904,1,205817,115204096,0,115204096,60451904,209902,10000.906,0,0,0,1
mutation,2905,1,205819,115204096,0,115204096,60408752,209753,10000.911,0,0,0,1
mutation,2906,1,205821,115204096,0,115204096,60458864,209927,10000.907,0,0,0,1
mutation,2907,1,205823,115204096,0,115204096,60503744,210082,10000.894,0,0,0,1
mutation,2908,1,205825,115204096,0,115204096,60489344,210032,10001.365,0,0,0,1
mutation,2909,1,205827,115204096,0,115204096,60564848,210295,10000.863,0,0,0,1
mutation,2910,1,205829,115204096,0,115204096,60288944,209337,10000.902,0,0,0,1
mutation,2911,1,205831,115204096,0,115204096,60467504,209957,10000.877,0,0,0,1
mutation,2912,1,205833,115204096,0,115204096,60441584,209867,10000.955,0,0,0,1
mutation,2913,1,205835,115204096,0,115204096,60488816,210031,10000.902,0,0,0,1
mutation,2914,1,205837,115204096,0,115204096,60516992,210128,10000.903,0,0,0,1
mutation,2915,1,205839,115204096,0,115204096,60586736,210371,10000.939,0,0,0,1
mutation,2916,1,205841,115204096,0,115204096,60553904,210257,10000.938,0,0,0,1
mutation,2917,1,205843,115204096,0,115204096,60491648,210040,10000.884,0,0,0,1
mutation,2918,1,205845,115204096,0,115204096,60506096,210091,10000.894,0,0,0,1
mutation,2919,1,205847,115204096,0,115204096,60451952,209903,10000.913,0,0,0,1
mutation,2920,1,205849,115204096,0,115204096,60258992,209233,10000.885,0,0,0,1
mutation,2921,1,205851,115204096,0,115204096,60455360,209914,10000.885,0,0,0,1
mutation,2922,1,205853,115204096,0,115204096,60518768,210135,10000.939,0,0,0,1
mutation,2923,1,205855,115204096,0,115204096,60407600,209749,10000.907,0,0,0,1
mutation,2924,1,205857,115204096,0,115204096,60489392,210033,10000.899,0,0,0,1
mutation,2925,1,205859,115204096,0,115204096,60517568,210130,10000.902,0,0,0,1
mutation,2926,1,205861,115204096,0,115204096,60500864,210072,10000.905,0,0,0,1
mutation,2927,1,205863,115204096,0,115204096,60503168,210080,10000.905,0,0,0,1
mutation,2928,1,205865,115204096,0,115204096,60476672,209988,10000.895,0,0,0,1
mutation,2929,1,205867,115204096,0,115204096,60425984,209812,10000.907,0,0,0,1
mutation,2930,1,205869,115204096,0,115204096,60483632,210013,10000.918,0,0,0,1
mutation,2931,1,205871,115204096,0,115204096,60413936,209771,10000.936,0,0,0,1
mutation,2932,1,205873,115204096,0,115204096,60496832,210058,10000.911,0,0,0,1
mutation,2933,1,205875,115204096,0,115204096,60436352,209848,10000.871,0,0,0,1
mutation,2934,1,205877,115204096,0,115204096,60418496,209786,10000.907,0,0,0,1
mutation,2935,1,205879,115204096,0,115204096,60398960,209719,10000.926,0,0,0,1
mutation,2936,1,205881,115204096,0,115204096,60479024,209997,10000.868,0,0,0,1
mutation,2937,1,205883,115204096,0,115204096,60480176,210001,10000.885,0,0,0,1
mutation,2938,1,205885,115204096,0,115204096,60456560,209919,10000.921,0,0,0,1
mutation,2939,1,205887,115204096,0,115204096,60392624,209697,10000.899,0,0,0,1
mutation,2940,1,205889,115204096,0,115204096,60525632,210158,10000.886,0,0,0,1
mutation,2941,1,205891,115204096,0,115204096,60451904,209902,10000.899,0,0,0,1
mutation,2942,1,205893,115204096,0,115204096,60495728,210055,10000.885,0,0,0,1
mutation,2943,1,205895,115204096,0,115204096,60478976,209996,10000.914,0,0,0,1
mutation,2944,1,205897,115204096,0,115204096,60424256,209806,10000.879,0,0,0,1
mutation,2945,1,205899,115204096,0,115204096,60496880,210059,10000.888,0,0,0,1
mutation,2946,1,205901,115204096,0,115204096,60405872,209743,10000.927,0,0,0,1
mutation,2947,1,205903,115204096,0,115204096,60470912,209968,10000.886,0,0,0,1
mutation,2948,1,205905,115204096,0,115204096,60504320,210084,10000.878,0,0,0,1
mutation,2949,1,205907,115204096,0,115204096,60516416,210126,10000.895,0,0,0,1
mutation,2950,1,205909,115204096,0,115204096,60454784,209912,10000.899,0,0,0,1
mutation,2951,1,205911,115204096,0,115204096,60387392,209678,10000.890,0,0,0,1
mutation,2952,1,205913,115204096,0,115204096,60466928,209955,10000.920,0,0,0,1
mutation,2953,1,205915,115204096,0,115204096,60446192,209883,10000.884,0,0,0,1
mutation,2954,1,205917,115204096,0,115204096,60356864,209572,10000.892,0,0,0,1
mutation,2955,1,205919,115204096,0,115204096,60500336,210071,10000.937,0,0,0,1
mutation,2956,1,205921,115204096,0,115204096,60416816,209781,10000.865,0,0,0,1
mutation,2957,1,205923,115204096,0,115204096,60337280,209504,10000.892,0,0,0,1
mutation,2958,1,205925,115204096,0,115204096,60480176,210001,10000.946,0,0,0,1
mutation,2959,1,205927,115204096,0,115204096,60453104,209907,10000.909,0,0,0,1
mutation,2960,1,205929,115204096,0,115204096,60461168,209935,10000.880,0,0,0,1
mutation,2961,1,205931,115204096,0,115204096,60511808,210110,10000.882,0,0,0,1
mutation,2962,1,205933,115204096,0,115204096,60480176,210001,10000.873,0,0,0,1
mutation,2963,1,205935,115204096,0,115204096,60412736,209766,10000.900,0,0,0,1
mutation,2964,1,205937,115204096,0,115204096,60502640,210079,10000.922,0,0,0,1
mutation,2965,1,205939,115204096,0,115204096,60377600,209644,10000.848,0,0,0,1
mutation,2966,1,205941,115204096,0,115204096,60459968,209930,10000.869,0,0,0,1
mutation,2967,1,205943,115204096,0,115204096,60506672,210093,10000.865,0,0,0,1
mutation,2968,1,205945,115204096,0,115204096,60806720,211134,10000.874,0,0,0,1
mutation,2969,1,205947,115204096,0,115204096,60469808,209965,10000.918,0,0,0,1
mutation,2970,1,205949,115204096,0,115204096,60319424,209442,10000.908,0,0,0,1
mutation,2971,1,205951,115204096,0,115204096,60441584,209867,10000.953,0,0,0,1
mutation,2972,1,205953,115204096,0,115204096,60325232,209463,10000.902,0,0,0,1
mutation,2973,1,205955,115204096,0,115204096,60514112,210118,10000.879,0,0,0,1
mutation,2974,1,205957,115204096,0,115204096,60557936,210271,10000.903,0,0,0,1
mutation,2975,1,205959,115204096,0,115204096,60441008,209865,10000.904,0,0,0,1
mutation,2976,1,205961,115204096,0,115204096,60473840,209979,10000.903,0,0,0,1
mutation,2977,1,205963,115204096,0,115204096,60297008,209365,10000.904,0,0,0,1
mutation,2978,1,205965,115204096,0,115204096,60422528,209800,10000.908,0,0,0,1
mutation,2979,1,205967,115204096,0,115204096,60366128,209605,10000.904,0,0,0,1
mutation,2980,1,205969,115204096,0,115204096,60502016,210076,10000.887,0,0,0,1
mutation,2981,1,205971,115204096,0,115204096,60435824,209847,10000.877,0,0,0,1
mutation,2982,1,205973,115204096,0,115204096,60543536,210221,10000.914,0,0,0,1
mutation,2983,1,205975,115204096,0,115204096,60493424,210047,10000.933,0,0,0,1
mutation,2984,1,205977,115204096,0,115204096,60322352,209453,10000.898,0,0,0,1
mutation,2985,1,205979,115204096,0,115204096,60496256,210056,10000.892,0,0,0,1
mutation,2986,1,205981,115204096,0,115204096,60496880,210059,10000.915,0,0,0,1
mutation,2987,1,205983,115204096,0,115204096,60307376,209401,10000.918,0,0,0,1
mutation,2988,1,205985,115204096,0,115204096,60443840,209874,10000.903,0,0,0,1
mutation,2989,1,205987,115204096,0,115204096,60572336,210321,10000.995,0,0,0,1
mutation,2990,1,205989,115204096,0,115204096,60502592,210078,10000.898,0,0,0,1
mutation,2991,1,205991,115204096,0,115204096,60473264,209977,10000.912,0,0,0,1
mutation,2992,1,205993,115204096,0,115204096,60413312,209768,10000.909,0,0,0,1
mutation,2993,1,205995,115204096,0,115204096,60453104,209907,10000.940,0,0,0,1
mutation,2994,1,205997,115204096,0,115204096,60443840,209874,10000.901,0,0,0,1
mutation,2995,1,205999,115204096,0,115204096,60388016,209681,10000.932,0,0,0,1
mutation,2996,1,206001,115204096,0,115204096,60573488,210325,10000.929,0,0,0,1
mutation,2997,1,206003,115204096,0,115204096,60478448,209995,10000.923,0,0,0,1
mutation,2998,1,206005,115204096,0,115204096,60383984,209667,10000.921,0,0,0,1
mutation,2999,1,206007,115204096,0,115204096,60443840,209874,10000.894,0,0,0,1
mutation,3000,1,206009,115204096,0,115204096,60500912,210073,10000.924,0,0,0,1
mutation,3001,1,206011,115204096,0,115204096,60489968,210035,10000.952,0,0,0,1
mutation,3002,1,206013,115204096,0,115204096,60510128,210105,10000.899,0,0,0,1
mutation,3003,1,206015,115204096,0,115204096,60524528,210155,10000.934,0,0,0,1
mutation,3004,1,206017,115204096,0,115204096,60379904,209652,10000.901,0,0,0,1
mutation,3005,1,206019,115204096,0,115204096,60525104,210157,10000.912,0,0,0,1
mutation,3006,1,206021,115204096,0,115204096,60449072,209893,10000.940,0,0,0,1
mutation,3007,1,206023,115204096,0,115204096,60408752,209753,10000.879,0,0,0,1
mutation,3008,1,206025,115204096,0,115204096,60446144,209882,10001.403,0,0,0,1
mutation,3009,1,206027,115204096,0,115204096,60548720,210239,10000.863,0,0,0,1
mutation,3010,1,206029,115204096,0,115204096,60488240,210029,10000.870,0,0,0,1
mutation,3011,1,206031,115204096,0,115204096,60493424,210047,10000.871,0,0,0,1
mutation,3012,1,206033,115204096,0,115204096,60401840,209729,10000.940,0,0,0,1
mutation,3013,1,206035,115204096,0,115204096,60457088,209920,10000.897,0,0,0,1
mutation,3014,1,206037,115204096,0,115204096,60446192,209883,10000.903,0,0,0,1
mutation,3015,1,206039,115204096,0,115204096,60442688,209870,10000.886,0,0,0,1
mutation,3016,1,206041,115204096,0,115204096,60472112,209973,10000.921,0,0,0,1
mutation,3017,1,206043,115204096,0,115204096,60387392,209678,10000.898,0,0,0,1
mutation,3018,1,206045,115204096,0,115204096,60398336,209716,10000.919,0,0,0,1
mutation,3019,1,206047,115204096,0,115204096,60364976,209601,10000.893,0,0,0,1
mutation,3020,1,206049,115204096,0,115204096,60473216,209976,10000.914,0,0,0,1
mutation,3021,1,206051,115204096,0,115204096,60455408,209915,10000.894,0,0,0,1
mutation,3022,1,206053,115204096,0,115204096,60498032,210063,10000.924,0,0,0,1
mutation,3023,1,206055,115204096,0,115204096,60453104,209907,10000.963,0,0,0,1
mutation,3024,1,206057,115204096,0,115204096,60464624,209947,10000.917,0,0,0,1
mutation,3025,1,206059,115204096,0,115204096,60433472,209838,10000.910,0,0,0,1
mutation,3026,1,206061,115204096,0,115204096,60461168,209935,10000.941,0,0,0,1
mutation,3027,1,206063,115204096,0,115204096,60523376,210151,10000.931,0,0,0,1
mutation,3028,1,206065,115204096,0,115204096,60410432,209758,10000.893,0,0,0,1
mutation,3029,1,206067,115204096,0,115204096,60419696,209791,10000.886,0,0,0,1
mutation,3030,1,206069,115204096,0,115204096,60531440,210179,10000.908,0,0,0,1
mutation,3031,1,206071,115204096,0,115204096,60533744,210187,10000.892,0,0,0,1
mutation,3032,1,206073,115204096,0,115204096,60486464,210022,10000.899,0,0,0,1
mutation,3033,1,206075,115204096,0,115204096,60432944,209837,10000.976,0,0,0,1
mutation,3034,1,206077,115204096,0,115204096,60503168,210080,10000.896,0,0,0,1
mutation,3035,1,206079,115204096,0,115204096,60413888,209770,10000.883,0,0,0,1
mutation,3036,1,206081,115204096,0,115204096,60443264,209872,10000.883,0,0,0,1
mutation,3037,1,206083,115204096,0,115204096,60449648,209895,10000.931,0,0,0,1
mutation,3038,1,206085,115204096,0,115204096,60474992,209983,10000.880,0,0,0,1
mutation,3039,1,206087,115204096,0,115204096,60503792,210083,10000.899,0,0,0,1
mutation,3040,1,206089,115204096,0,115204096,60407600,209749,10000.930,0,0,0,1
mutation,3041,1,206091,115204096,0,115204096,60558464,210272,10000.889,0,0,0,1
mutation,3042,1,206093,115204096,0,115204096,60431168,209830,10000.910,0,0,0,1
mutation,3043,1,206095,115204096,0,115204096,60553280,210254,10000.866,0,0,0,1
mutation,3044,1,206097,115204096,0,115204096,60441584,209867,10000.900,0,0,0,1
mutation,3045,1,206099,115204096,0,115204096,60443840,209874,10000.898,0,0,0,1
mutation,3046,1,206101,115204096,0,115204096,60197312,209018,10000.878,0,0,0,1
mutation,3047,1,206103,115204096,0,115204096,60469232,209963,10000.935,0,0,0,1
mutation,3048,1,206105,115204096,0,115204096,60455984,209917,10000.893,0,0,0,1
mutation,3049,1,206107,115204096,0,115204096,60455936,209916,10000.901,0,0,0,1
mutation,3050,1,206109,115204096,0,115204096,60408128,209750,10000.891,0,0,0,1
mutation,3051,1,206111,115204096,0,115204096,60445568,209880,10000.894,0,0,0,1
mutation,3052,1,206113,115204096,0,115204096,60495152,210053,10000.892,0,0,0,1
mutation,3053,1,206115,115204096,0,115204096,60417344,209782,10000.902,0,0,0,1
mutation,3054,1,206117,115204096,0,115204096,60350000,209549,10000.926,0,0,0,1
mutation,3055,1,206119,115204096,0,115204096,60457136,209921,10000.940,0,0,0,1
mutation,3056,1,206121,115204096,0,115204096,60488816,210031,10000.889,0,0,0,1
mutation,3057,1,206123,115204096,0,115204096,60461120,209934,10000.913,0,0,0,1
mutation,3058,1,206125,115204096,0,115204096,60535472,210193,10000.905,0,0,0,1
mutation,3059,1,206127,115204096,0,115204096,60431216,209831,10000.923,0,0,0,1
mutation,3060,1,206129,115204096,0,115204096,60492848,210045,10000.939,0,0,0,1
mutation,3061,1,206131,115204096,0,115204096,60445616,209881,10000.907,0,0,0,1
mutation,3062,1,206133,115204096,0,115204096,60439856,209861,10000.927,0,0,0,1
mutation,3063,1,206135,115204096,0,115204096,60410432,209758,10000.888,0,0,0,1
mutation,3064,1,206137,115204096,0,115204096,60373616,209631,10000.896,0,0,0,1
mutation,3065,1,206139,115204096,0,115204096,60315440,209429,10000.886,0,0,0,1
mutation,3066,1,206141,115204096,0,115204096,60433472,209838,10000.892,0,0,0,1
mutation,3067,1,206143,115204096,0,115204096,60294656,209356,10000.876,0,0,0,1
mutation,3068,1,206145,115204096,0,115204096,60421424,209797,10000.916,0,0,0,1
mutation,3069,1,206147,115204096,0,115204096,60435248,209845,10000.900,0,0,0,1
mutation,3070,1,206149,115204096,0,115204096,60301616,209381,10000.926,0,0,0,1
mutation,3071,1,206151,115204096,0,115204096,60411056,209761,10000.890,0,0,0,1
mutation,3072,1,206153,115204096,0,115204096,60405296,209741,10000.888,0,0,0,1
mutation,3073,1,206155,115204096,0,115204096,60411008,209760,10000.886,0,0,0,1
mutation,3074,1,206157,115204096,0,115204096,60415088,209775,10000.892,0,0,0,1
mutation,3075,1,206159,115204096,0,115204096,60502064,210077,10000.903,0,0,0,1
mutation,3076,1,206161,115204096,0,115204096,60502640,210079,10000.928,0,0,0,1
mutation,3077,1,206163,115204096,0,115204096,60349424,209547,10000.927,0,0,0,1
mutation,3078,1,206165,115204096,0,115204096,60360368,209585,10000.880,0,0,0,1
mutation,3079,1,206167,115204096,0,115204096,60494000,210049,10000.883,0,0,0,1
mutation,3080,1,206169,115204096,0,115204096,60392000,209694,10000.911,0,0,0,1
mutation,3081,1,206171,115204096,0,115204096,60421424,209797,10000.931,0,0,0,1
mutation,3082,1,206173,115204096,0,115204096,60552752,210253,10000.933,0,0,0,1
mutation,3083,1,206175,115204096,0,115204096,60447872,209888,10000.891,0,0,0,1
mutation,3084,1,206177,115204096,0,115204096,60515888,210125,10000.938,0,0,0,1
mutation,3085,1,206179,115204096,0,115204096,60438128,209855,10000.940,0,0,0,1
mutation,3086,1,206181,115204096,0,115204096,60476144,209987,10000.919,0,0,0,1
mutation,3087,1,206183,115204096,0,115204096,60477296,209991,10000.932,0,0,0,1
mutation,3088,1,206185,115204096,0,115204096,60461168,209935,10000.893,0,0,0,1
mutation,3089,1,206187,115204096,0,115204096,60524528,210155,10000.899,0,0,0,1
mutation,3090,1,206189,115204096,0,115204096,60466928,209955,10000.915,0,0,0,1
mutation,3091,1,206191,115204096,0,115204096,60474992,209983,10000.895,0,0,0,1
mutation,3092,1,206193,115204096,0,115204096,60403568,209735,10000.903,0,0,0,1
mutation,3093,1,206195,115204096,0,115204096,60464048,209945,10000.908,0,0,0,1
mutation,3094,1,206197,115204096,0,115204096,60513584,210117,10000.897,0,0,0,1
mutation,3095,1,206199,115204096,0,115204096,60534848,210190,10000.912,0,0,0,1
mutation,3096,1,206201,115204096,0,115204096,60568256,210306,10000.883,0,0,0,1
mutation,3097,1,206203,115204096,0,115204096,60346544,209537,10000.890,0,0,0,1
mutation,3098,1,206205,115204096,0,115204096,60478400,209994,10000.901,0,0,0,1
mutation,3099,1,206207,115204096,0,115204096,60429488,209825,10000.904,0,0,0,1
mutation,3100,1,206209,115204096,0,115204096,60381680,209659,10000.892,0,0,0,1
mutation,3101,1,206211,115204096,0,115204096,60429440,209824,10000.924,0,0,0,1
mutation,3102,1,206213,115204096,0,115204096,60571760,210319,10000.954,0,0,0,1
mutation,3103,1,206215,115204096,0,115204096,60474368,209980,10000.904,0,0,0,1
mutation,3104,1,206217,115204096,0,115204096,60402416,209731,10000.933,0,0,0,1
mutation,3105,1,206219,115204096,0,115204096,60477296,209991,10000.899,0,0,0,1
mutation,3106,1,206221,115204096,0,115204096,60449072,209893,10000.886,0,0,0,1
mutation,3107,1,206223,115204096,0,115204096,60483056,210011,10000.906,0,0,0,1
mutation,3108,1,206225,115204096,0,115204096,60457712,209923,10001.460,0,0,0,1
mutation,3109,1,206227,115204096,0,115204096,60405872,209743,10000.873,0,0,0,1
mutation,3110,1,206229,115204096,0,115204096,60362096,209591,10000.916,0,0,0,1
mutation,3111,1,206231,115204096,0,115204096,60468080,209959,10000.912,0,0,0,1
mutation,3112,1,206233,115204096,0,115204096,60446144,209882,10000.909,0,0,0,1
mutation,3113,1,206235,115204096,0,115204096,60416768,209780,10000.912,0,0,0,1
mutation,3114,1,206237,115204096,0,115204096,60373616,209631,10000.920,0,0,0,1
mutation,3115,1,206239,115204096,0,115204096,60518192,210133,10000.929,0,0,0,1
mutation,3116,1,206241,115204096,0,115204096,60338480,209509,10000.939,0,0,0,1
mutation,3117,1,206243,115204096,0,115204096,60352256,209556,10000.873,0,0,0,1
mutation,3118,1,206245,115204096,0,115204096,60503744,210082,10000.911,0,0,0,1
mutation,3119,1,206247,115204096,0,115204096,60399536,209721,10000.901,0,0,0,1
mutation,3120,1,206249,115204096,0,115204096,60431168,209830,10000.885,0,0,0,1
mutation,3121,1,206251,115204096,0,115204096,60388592,209683,10000.896,0,0,0,1
mutation,3122,1,206253,115204096,0,115204096,60525680,210159,10000.890,0,0,0,1
mutation,3123,1,206255,115204096,0,115204096,60415088,209775,10000.878,0,0,0,1
mutation,3124,1,206257,115204096,0,115204096,60508400,210099,10000.930,0,0,0,1
mutation,3125,1,206259,115204096,0,115204096,60413312,209768,10000.880,0,0,0,1
mutation,3126,1,206261,115204096,0,115204096,60412208,209765,10000.942,0,0,0,1
mutation,3127,1,206263,115204096,0,115204096,60504944,210087,10000.917,0,0,0,1
mutation,3128,1,206265,115204096,0,115204096,60560192,210278,10000.889,0,0,0,1
mutation,3129,1,206267,115204096,0,115204096,60453680,209909,10000.890,0,0,0,1
mutation,3130,1,206269,115204096,0,115204096,60488240,210029,10000.921,0,0,0,1
mutation,3131,1,206271,115204096,0,115204096,60385712,209673,10000.901,0,0,0,1
mutation,3132,1,206273,115204096,0,115204096,60467504,209957,10000.908,0,0,0,1
mutation,3133,1,206275,115204096,0,115204096,60488816,210031,10000.897,0,0,0,1
mutation,3134,1,206277,115204096,0,115204096,60450176,209896,10000.900,0,0,0,1
mutation,3135,1,206279,115204096,0,115204096,60396656,209711,10000.899,0,0,0,1
mutation,3136,1,206281,115204096,0,115204096,60407600,209749,10000.917,0,0,0,1
mutation,3137,1,206283,115204096,0,115204096,60503216,210081,10000.898,0,0,0,1
mutation,3138,1,206285,115204096,0,115204096,60556160,210264,10000.888,0,0,0,1
mutation,3139,1,206287,115204096,0,115204096,60415088,209775,10000.931,0,0,0,1
mutation,3140,1,206289,115204096,0,115204096,60539504,210207,10000.884,0,0,0,1
mutation,3141,1,206291,115204096,0,115204096,60504944,210087,10000.879,0,0,0,1
mutation,3142,1,206293,115204096,0,115204096,60499136,210066,10000.911,0,0,0,1
mutation,3143,1,206295,115204096,0,115204096,60424304,209807,10000.934,0,0,0,1
mutation,3144,1,206297,115204096,0,115204096,60430064,209827,10000.900,0,0,0,1
mutation,3145,1,206299,115204096,0,115204096,60559088,210275,10000.882,0,0,0,1
mutation,3146,1,206301,115204096,0,115204096,60443312,209873,10000.895,0,0,0,1
mutation,3147,1,206303,115204096,0,115204096,60504368,210085,10000.938,0,0,0,1
mutation,3148,1,206305,115204096,0,115204096,60206576,209051,10000.892,0,0,0,1
mutation,3149,1,206307,115204096,0,115204096,60455408,209915,10000.920,0,0,0,1
mutation,3150,1,206309,115204096,0,115204096,60467456,209956,10000.896,0,0,0,1
mutation,3151,1,206311,115204096,0,115204096,60548144,210237,10000.896,0,0,0,1
mutation,3152,1,206313,115204096,0,115204096,60471536,209971,10000.916,0,0,0,1
mutation,3153,1,206315,115204096,0,115204096,60481280,210004,10000.912,0,0,0,1
mutation,3154,1,206317,115204096,0,115204096,60360944,209587,10000.941,0,0,0,1
mutation,3155,1,206319,115204096,0,115204096,60457712,209923,10000.968,0,0,0,1
mutation,3156,1,206321,115204096,0,115204096,60502064,210077,10000.921,0,0,0,1
mutation,3157,1,206323,115204096,0,115204096,60468080,209959,10000.907,0,0,0,1
mutation,3158,1,206325,115204096,0,115204096,60426608,209815,10000.939,0,0,0,1
mutation,3159,1,206327,115204096,0,115204096,60482432,210008,10000.905,0,0,0,1
mutation,3160,1,206329,115204096,0,115204096,60422528,209800,10000.896,0,0,0,1
mutation,3161,1,206331,115204096,0,115204096,60433472,209838,10000.877,0,0,0,1
mutation,3162,1,206333,115204096,0,115204096,60470336,209966,10000.889,0,0,0,1
mutation,3163,1,206335,115204096,0,115204096,60144896,208836,10000.910,0,0,0,1
mutation,3164,1,206337,115204096,0,115204096,60454832,209913,10000.890,0,0,0,1
mutation,3165,1,206339,115204096,0,115204096,60437552,209853,10000.956,0,0,0,1
mutation,3166,1,206341,115204096,0,115204096,60396080,209709,10000.927,0,0,0,1
mutation,3167,1,206343,115204096,0,115204096,60506624,210092,10000.902,0,0,0,1
mutation,3168,1,206345,115204096,0,115204096,60444416,209876,10000.897,0,0,0,1
mutation,3169,1,206347,115204096,0,115204096,59681792,207228,10000.922,0,0,0,1
mutation,3170,1,206349,115204096,0,115204096,60196784,209017,10000.880,0,0,0,1
mutation,3171,1,206351,115204096,0,115204096,60214064,209077,10000.904,0,0,0,1
mutation,3172,1,206353,115204096,0,115204096,60295232,209358,10000.885,0,0,0,1
mutation,3173,1,206355,115204096,0,115204096,60473840,209979,10000.986,0,0,0,1
mutation,3174,1,206357,115204096,0,115204096,60373040,209629,10000.902,0,0,0,1
mutation,3175,1,206359,115204096,0,115204096,60451376,209901,10000.924,0,0,0,1
mutation,3176,1,206361,115204096,0,115204096,60426608,209815,10000.897,0,0,0,1
mutation,3177,1,206363,115204096,0,115204096,60369536,209616,10000.896,0,0,0,1
mutation,3178,1,206365,115204096,0,115204096,60344816,209531,10000.892,0,0,0,1
mutation,3179,1,206367,115204096,0,115204096,60519344,210137,10000.912,0,0,0,1
mutation,3180,1,206369,115204096,0,115204096,60460016,209931,10000.949,0,0,0,1
mutation,3181,1,206371,115204096,0,115204096,60327536,209471,10000.888,0,0,0,1
mutation,3182,1,206373,115204096,0,115204096,60543488,210220,10000.884,0,0,0,1
mutation,3183,1,206375,115204096,0,115204096,60547568,210235,10000.913,0,0,0,1
mutation,3184,1,206377,115204096,0,115204096,60435776,209846,10000.921,0,0,0,1
mutation,3185,1,206379,115204096,0,115204096,60503216,210081,10000.905,0,0,0,1
mutation,3186,1,206381,115204096,0,115204096,60537152,210198,10000.902,0,0,0,1
mutation,3187,1,206383,115204096,0,115204096,60426032,209813,10000.917,0,0,0,1
mutation,3188,1,206385,115204096,0,115204096,60483632,210013,10001.466,0,0,0,1
mutation,3189,1,206387,115204096,0,115204096,60529136,210171,10000.871,0,0,0,1
mutation,3190,1,206389,115204096,0,115204096,60420848,209795,10000.907,0,0,0,1
mutation,3191,1,206391,115204096,0,115204096,60439232,209858,10000.875,0,0,0,1
mutation,3192,1,206393,115204096,0,115204096,60564848,210295,10001.080,0,0,0,1
mutation,3193,1,206395,115204096,0,115204096,60428912,209823,10000.852,0,0,0,1
mutation,3194,1,206397,115204096,0,115204096,60440960,209864,10000.887,0,0,0,1
mutation,3195,1,206399,115204096,0,115204096,60431792,209833,10000.886,0,0,0,1
mutation,3196,1,206401,115204096,0,115204096,60397808,209715,10000.873,0,0,0,1
mutation,3197,1,206403,115204096,0,115204096,60286064,209327,10000.902,0,0,0,1
mutation,3198,1,206405,115204096,0,115204096,60542384,210217,10000.874,0,0,0,1
mutation,3199,1,206407,115204096,0,115204096,60449648,209895,10000.896,0,0,0,1
mutation,3200,1,206409,115204096,0,115204096,60332720,209489,10000.905,0,0,0,1
mutation,3201,1,206411,115204096,0,115204096,60377648,209645,10000.932,0,0,0,1
mutation,3202,1,206413,115204096,0,115204096,60476144,209987,10000.884,0,0,0,1
mutation,3203,1,206415,115204096,0,115204096,60434672,209843,10000.904,0,0,0,1
mutation,3204,1,206417,115204096,0,115204096,60517616,210131,10000.888,0,0,0,1
mutation,3205,1,206419,115204096,0,115204096,60512432,210113,10000.887,0,0,0,1
mutation,3206,1,206421,115204096,0,115204096,60556208,210265,10000.920,0,0,0,1
mutation,3207,1,206423,115204096,0,115204096,60465200,209949,10000.912,0,0,0,1
mutation,3208,1,206425,115204096,0,115204096,60460592,209933,10001.396,0,0,0,1
mutation,3209,1,206427,115204096,0,115204096,60457664,209922,10000.883,0,0,0,1
mutation,3210,1,206429,115204096,0,115204096,60554432,210258,10000.875,0,0,0,1
mutation,3211,1,206431,115204096,0,115204096,60482432,210008,10000.883,0,0,0,1
mutation,3212,1,206433,115204096,0,115204096,60533120,210184,10000.891,0,0,0,1
mutation,3213,1,206435,115204096,0,115204096,60555584,210262,10000.905,0,0,0,1
mutation,3214,1,206437,115204096,0,115204096,60409280,209754,10000.881,0,0,0,1
mutation,3215,1,206439,115204096,0,115204096,60468080,209959,10000.954,0,0,0,1
mutation,3216,1,206441,115204096,0,115204096,60536576,210196,10000.888,0,0,0,1
mutation,3217,1,206443,115204096,0,115204096,60405872,209743,10000.887,0,0,0,1
mutation,3218,1,206445,115204096,0,115204096,60481904,210007,10000.975,0,0,0,1
mutation,3219,1,206447,115204096,0,115204096,60413360,209769,10000.886,0,0,0,1
mutation,3220,1,206449,115204096,0,115204096,60477872,209993,10000.939,0,0,0,1
mutation,3221,1,206451,115204096,0,115204096,60437552,209853,10000.888,0,0,0,1
mutation,3222,1,206453,115204096,0,115204096,60397232,209713,10000.934,0,0,0,1
mutation,3223,1,206455,115204096,0,115204096,60409328,209755,10000.931,0,0,0,1
mutation,3224,1,206457,115204096,0,115204096,60372464,209627,10000.928,0,0,0,1
mutation,3225,1,206459,115204096,0,115204096,60497984,210062,10000.907,0,0,0,1
mutation,3226,1,206461,115204096,0,115204096,60446144,209882,10000.893,0,0,0,1
mutation,3227,1,206463,115204096,0,115204096,60392048,209695,10000.881,0,0,0,1
mutation,3228,1,206465,115204096,0,115204096,60385664,209672,10000.913,0,0,0,1
mutation,3229,1,206467,115204096,0,115204096,60439280,209859,10000.933,0,0,0,1
mutation,3230,1,206469,115204096,0,115204096,60428864,209822,10000.899,0,0,0,1
mutation,3231,1,206471,115204096,0,115204096,60362624,209592,10000.911,0,0,0,1
mutation,3232,1,206473,115204096,0,115204096,60515888,210125,10000.893,0,0,0,1
mutation,3233,1,206475,115204096,0,115204096,60503168,210080,10000.916,0,0,0,1
mutation,3234,1,206477,115204096,0,115204096,60480752,210003,10000.901,0,0,0,1
mutation,3235,1,206479,115204096,0,115204096,60511808,210110,10000.884,0,0,0,1
mutation,3236,1,206481,115204096,0,115204096,60417392,209783,10000.921,0,0,0,1
mutation,3237,1,206483,115204096,0,115204096,60505472,210088,10000.880,0,0,0,1
mutation,3238,1,206485,115204096,0,115204096,60539504,210207,10000.898,0,0,0,1
mutation,3239,1,206487,115204096,0,115204096,60384560,209669,10000.920,0,0,0,1
mutation,3240,1,206489,115204096,0,115204096,60497456,210061,10000.895,0,0,0,1
mutation,3241,1,206491,115204096,0,115204096,60292928,209350,10000.887,0,0,0,1
mutation,3242,1,206493,115204096,0,115204096,60356912,209573,10000.901,0,0,0,1
mutation,3243,1,206495,115204096,0,115204096,60414512,209773,10000.897,0,0,0,1
mutation,3244,1,206497,115204096,0,115204096,60506096,210091,10000.889,0,0,0,1
mutation,3245,1,206499,115204096,0,115204096,60431216,209831,10000.918,0,0,0,1
mutation,3246,1,206501,115204096,0,115204096,60376496,209641,10000.923,0,0,0,1
mutation,3247,1,206503,115204096,0,115204096,60476672,209988,10000.885,0,0,0,1
mutation,3248,1,206505,115204096,0,115204096,60454256,209911,10000.926,0,0,0,1
mutation,3249,1,206507,115204096,0,115204096,60457136,209921,10000.885,0,0,0,1
mutation,3250,1,206509,115204096,0,115204096,60488816,210031,10000.882,0,0,0,1
mutation,3251,1,206511,115204096,0,115204096,60422000,209799,10000.904,0,0,0,1
mutation,3252,1,206513,115204096,0,115204096,60510128,210105,10000.897,0,0,0,1
mutation,3253,1,206515,115204096,0,115204096,60392000,209694,10000.905,0,0,0,1
mutation,3254,1,206517,115204096,0,115204096,60545264,210227,10000.920,0,0,0,1
mutation,3255,1,206519,115204096,0,115204096,60452528,209905,10000.889,0,0,0,1
mutation,3256,1,206521,115204096,0,115204096,60511856,210111,10000.870,0,0,0,1
mutation,3257,1,206523,115204096,0,115204096,60534896,210191,10000.882,0,0,0,1
mutation,3258,1,206525,115204096,0,115204096,60485888,210020,10000.889,0,0,0,1
mutation,3259,1,206527,115204096,0,115204096,60438128,209855,10000.927,0,0,0,1
mutation,3260,1,206529,115204096,0,115204096,60235904,209152,10000.881,0,0,0,1
mutation,3261,1,206531,115204096,0,115204096,60431792,209833,10000.886,0,0,0,1
mutation,3262,1,206533,115204096,0,115204096,60486464,210022,10000.916,0,0,0,1
mutation,3263,1,206535,115204096,0,115204096,60526784,210162,10000.892,0,0,0,1
mutation,3264,1,206537,115204096,0,115204096,60441584,209867,10000.929,0,0,0,1
mutation,3265,1,206539,115204096,0,115204096,60546368,210230,10000.901,0,0,0,1
mutation,3266,1,206541,115204096,0,115204096,60449648,209895,10000.936,0,0,0,1
mutation,3267,1,206543,115204096,0,115204096,60367856,209611,10000.946,0,0,0,1
mutation,3268,1,206545,115204096,0,115204096,60525056,210156,10000.892,0,0,0,1
mutation,3269,1,206547,115204096,0,115204096,60399536,209721,10000.887,0,0,0,1
mutation,3270,1,206549,115204096,0,115204096,60474416,209981,10000.892,0,0,0,1
mutation,3271,1,206551,115204096,0,115204096,60399536,209721,10000.928,0,0,0,1
mutation,3272,1,206553,115204096,0,115204096,60499760,210069,10000.916,0,0,0,1
mutation,3273,1,206555,115204096,0,115204096,60411056,209761,10000.896,0,0,0,1
mutation,3274,1,206557,115204096,0,115204096,60468608,209960,10000.904,0,0,0,1
mutation,3275,1,206559,115204096,0,115204096,60411632,209763,10000.897,0,0,0,1
mutation,3276,1,206561,115204096,0,115204096,60389744,209687,10000.926,0,0,0,1
mutation,3277,1,206563,115204096,0,115204096,60404720,209739,10000.934,0,0,0,1
mutation,3278,1,206565,115204096,0,115204096,60358592,209578,10000.884,0,0,0,1
mutation,3279,1,206567,115204096,0,115204096,60401840,209729,10000.919,0,0,0,1
mutation,3280,1,206569,115204096,0,115204096,60388016,209681,10000.870,0,0,0,1
mutation,3281,1,206571,115204096,0,115204096,60440960,209864,10000.900,0,0,0,1
mutation,3282,1,206573,115204096,0,115204096,60457712,209923,10000.938,0,0,0,1
mutation,3283,1,206575,115204096,0,115204096,60428336,209821,10000.899,0,0,0,1
mutation,3284,1,206577,115204096,0,115204096,60386816,209676,10000.904,0,0,0,1
mutation,3285,1,206579,115204096,0,115204096,60397184,209712,10000.899,0,0,0,1
mutation,3286,1,206581,115204096,0,115204096,60530864,210177,10000.949,0,0,0,1
mutation,3287,1,206583,115204096,0,115204096,60442736,209871,10000.893,0,0,0,1
mutation,3288,1,206585,115204096,0,115204096,60416816,209781,10000.885,0,0,0,1
mutation,3289,1,206587,115204096,0,115204096,60382208,209660,10000.911,0,0,0,1
mutation,3290,1,206589,115204096,0,115204096,60527408,210165,10000.920,0,0,0,1
mutation,3291,1,206591,115204096,0,115204096,60478448,209995,10000.934,0,0,0,1
mutation,3292,1,206593,115204096,0,115204096,60416816,209781,10000.919,0,0,0,1
mutation,3293,1,206595,115204096,0,115204096,60510704,210107,10000.931,0,0,0,1
mutation,3294,1,206597,115204096,0,115204096,60451904,209902,10000.884,0,0,0,1
mutation,3295,1,206599,115204096,0,115204096,60526208,210160,10000.902,0,0,0,1
mutation,3296,1,206601,115204096,0,115204096,60408704,209752,10000.872,0,0,0,1
mutation,3297,1,206603,115204096,0,115204096,60447920,209889,10000.938,0,0,0,1
mutation,3298,1,206605,115204096,0,115204096,60477872,209993,10000.958,0,0,0,1
mutation,3299,1,206607,115204096,0,115204096,60360320,209584,10000.926,0,0,0,1
mutation,3300,1,206609,115204096,0,115204096,60481328,210005,10000.925,0,0,0,1
mutation,3301,1,206611,115204096,0,115204096,60469184,209962,10000.904,0,0,0,1
mutation,3302,1,206613,115204096,0,115204096,60533744,210187,10000.913,0,0,0,1
mutation,3303,1,206615,115204096,0,115204096,60427184,209817,10000.890,0,0,0,1
mutation,3304,1,206617,115204096,0,115204096,60499760,210069,10000.879,0,0,0,1
mutation,3305,1,206619,115204096,0,115204096,60305072,209393,10000.908,0,0,0,1
mutation,3306,1,206621,115204096,0,115204096,60510704,210107,10000.943,0,0,0,1
mutation,3307,1,206623,115204096,0,115204096,60297584,209367,10000.884,0,0,0,1
mutation,3308,1,206625,115204096,0,115204096,60303872,209388,10001.332,0,0,0,1
mutation,3309,1,206627,115204096,0,115204096,60439808,209860,10000.897,0,0,0,1
mutation,3310,1,206629,115204096,0,115204096,60470384,209967,10000.890,0,0,0,1
mutation,3311,1,206631,115204096,0,115204096,60456560,209919,10000.926,0,0,0,1
mutation,3312,1,206633,115204096,0,115204096,60487040,210024,10000.895,0,0,0,1
mutation,3313,1,206635,115204096,0,115204096,60480752,210003,10000.922,0,0,0,1
mutation,3314,1,206637,115204096,0,115204096,60495680,210054,10000.896,0,0,0,1
mutation,3315,1,206639,115204096,0,115204096,60461696,209936,10000.908,0,0,0,1
mutation,3316,1,206641,115204096,0,115204096,60589616,210381,10000.987,0,0,0,1
mutation,3317,1,206643,115204096,0,115204096,60573440,210324,10000.909,0,0,0,1
mutation,3318,1,206645,115204096,0,115204096,60420272,209793,10000.902,0,0,0,1
mutation,3319,1,206647,115204096,0,115204096,60481904,210007,10000.950,0,0,0,1
mutation,3320,1,206649,115204096,0,115204096,60560816,210281,10000.934,0,0,0,1
mutation,3321,1,206651,115204096,0,115204096,60402368,209730,10000.905,0,0,0,1
mutation,3322,1,206653,115204096,0,115204096,60494000,210049,10000.928,0,0,0,1
mutation,3323,1,206655,115204096,0,115204096,60417920,209784,10000.925,0,0,0,1
mutation,3324,1,206657,115204096,0,115204096,60471488,209970,10000.885,0,0,0,1
mutation,3325,1,206659,115204096,0,115204096,60506048,210090,10000.883,0,0,0,1
mutation,3326,1,206661,115204096,0,115204096,60469184,209962,10000.906,0,0,0,1
mutation,3327,1,206663,115204096,0,115204096,60462320,209939,10000.878,0,0,0,1
mutation,3328,1,206665,115204096,0,115204096,60549824,210242,10000.891,0,0,0,1
mutation,3329,1,206667,115204096,0,115204096,60443264,209872,10000.887,0,0,0,1
mutation,3330,1,206669,115204096,0,115204096,60475520,209984,10000.902,0,0,0,1
mutation,3331,1,206671,115204096,0,115204096,60400112,209723,10000.970,0,0,0,1
mutation,3332,1,206673,115204096,0,115204096,60387968,209680,10000.921,0,0,0,1
mutation,3333,1,206675,115204096,0,115204096,60489392,210033,10000.885,0,0,0,1
mutation,3334,1,206677,115204096,0,115204096,60483632,210013,10000.895,0,0,0,1
mutation,3335,1,206679,115204096,0,115204096,60487616,210026,10000.890,0,0,0,1
mutation,3336,1,206681,115204096,0,115204096,60431792,209833,10000.905,0,0,0,1
mutation,3337,1,206683,115204096,0,115204096,60480176,210001,10000.887,0,0,0,1
mutation,3338,1,206685,115204096,0,115204096,60561344,210282,10000.898,0,0,0,1
mutation,3339,1,206687,115204096,0,115204096,60166208,208910,10000.897,0,0,0,1
mutation,3340,1,206689,115204096,0,115204096,60438704,209857,10000.927,0,0,0,1
mutation,3341,1,206691,115204096,0,115204096,60480704,210002,10000.891,0,0,0,1
mutation,3342,1,206693,115204096,0,115204096,60537776,210201,10000.930,0,0,0,1
mutation,3343,1,206695,115204096,0,115204096,60498032,210063,10000.960,0,0,0,1
mutation,3344,1,206697,115204096,0,115204096,60434672,209843,10000.888,0,0,0,1
mutation,3345,1,206699,115204096,0,115204096,60530864,210177,10000.957,0,0,0,1
mutation,3346,1,206701,115204096,0,115204096,60523376,210151,10000.908,0,0,0,1
mutation,3347,1,206703,115204096,0,115204096,60556736,210266,10000.923,0,0,0,1
mutation,3348,1,206705,115204096,0,115204096,60319472,209443,10000.902,0,0,0,1
mutation,3349,1,206707,115204096,0,115204096,60394304,209702,10000.886,0,0,0,1
mutation,3350,1,206709,115204096,0,115204096,60460016,209931,10000.882,0,0,0,1
mutation,3351,1,206711,115204096,0,115204096,60490544,210037,10000.925,0,0,0,1
mutation,3352,1,206713,115204096,0,115204096,60513536,210116,10000.900,0,0,0,1
mutation,3353,1,206715,115204096,0,115204096,60445040,209879,10000.937,0,0,0,1
mutation,3354,1,206717,115204096,0,115204096,60576944,210337,10000.946,0,0,0,1
mutation,3355,1,206719,115204096,0,115204096,60385088,209670,10000.903,0,0,0,1
mutation,3356,1,206721,115204096,0,115204096,60510128,210105,10000.900,0,0,0,1
mutation,3357,1,206723,115204096,0,115204096,60379376,209651,10000.885,0,0,0,1
mutation,3358,1,206725,115204096,0,115204096,60468656,209961,10000.942,0,0,0,1
mutation,3359,1,206727,115204096,0,115204096,60211760,209069,10000.934,0,0,0,1
mutation,3360,1,206729,115204096,0,115204096,60518192,210133,10000.924,0,0,0,1
mutation,3361,1,206731,115204096,0,115204096,60504368,210085,10000.866,0,0,0,1
mutation,3362,1,206733,115204096,0,115204096,60427184,209817,10000.921,0,0,0,1
mutation,3363,1,206735,115204096,0,115204096,60478448,209995,10000.896,0,0,0,1
mutation,3364,1,206737,115204096,0,115204096,59962928,208205,10000.956,0,0,0,1
mutation,3365,1,206739,115204096,0,115204096,60524528,210155,10000.917,0,0,0,1
mutation,3366,1,206741,115204096,0,115204096,60416240,209779,10000.871,0,0,0,1
mutation,3367,1,206743,115204096,0,115204096,60390272,209688,10000.914,0,0,0,1
mutation,3368,1,206745,115204096,0,115204096,60503792,210083,10000.913,0,0,0,1
mutation,3369,1,206747,115204096,0,115204096,60373568,209630,10000.895,0,0,0,1
mutation,3370,1,206749,115204096,0,115204096,60504896,210086,10000.916,0,0,0,1
mutation,3371,1,206751,115204096,0,115204096,60558512,210273,10000.891,0,0,0,1
mutation,3372,1,206753,115204096,0,115204096,60425984,209812,10000.893,0,0,0,1
mutation,3373,1,206755,115204096,0,115204096,60308528,209405,10000.900,0,0,0,1
mutation,3374,1,206757,115204096,0,115204096,60464624,209947,10000.881,0,0,0,1
mutation,3375,1,206759,115204096,0,115204096,60552704,210252,10000.876,0,0,0,1
mutation,3376,1,206761,115204096,0,115204096,60516416,210126,10000.906,0,0,0,1
mutation,3377,1,206763,115204096,0,115204096,60411632,209763,10000.886,0,0,0,1
mutation,3378,1,206765,115204096,0,115204096,60512384,210112,10000.903,0,0,0,1
mutation,3379,1,206767,115204096,0,115204096,60436928,209850,10000.914,0,0,0,1
mutation,3380,1,206769,115204096,0,115204096,60561920,210284,10000.895,0,0,0,1
mutation,3381,1,206771,115204096,0,115204096,60443888,209875,10000.904,0,0,0,1
mutation,3382,1,206773,115204096,0,115204096,60387440,209679,10000.951,0,0,0,1
mutation,3383,1,206775,115204096,0,115204096,60457712,209923,10000.930,0,0,0,1
mutation,3384,1,206777,115204096,0,115204096,60487088,210025,10000.915,0,0,0,1
mutation,3385,1,206779,115204096,0,115204096,60553280,210254,10000.891,0,0,0,1
mutation,3386,1,206781,115204096,0,115204096,60412208,209765,10000.949,0,0,0,1
mutation,3387,1,206783,115204096,0,115204096,60411056,209761,10000.915,0,0,0,1
mutation,3388,1,206785,115204096,0,115204096,60433520,209839,10000.897,0,0,0,1
mutation,3389,1,206787,115204096,0,115204096,60498032,210063,10000.902,0,0,0,1
mutation,3390,1,206789,115204096,0,115204096,60548672,210238,10000.886,0,0,0,1
mutation,3391,1,206791,115204096,0,115204096,60431168,209830,10000.882,0,0,0,1
mutation,3392,1,206793,115204096,0,115204096,60441008,209865,10000.919,0,0,0,1
mutation,3393,1,206795,115204096,0,115204096,60467504,209957,10000.930,0,0,0,1
mutation,3394,1,206797,115204096,0,115204096,60537776,210201,10000.881,0,0,0,1
mutation,3395,1,206799,115204096,0,115204096,60526832,210163,10000.916,0,0,0,1
mutation,3396,1,206801,115204096,0,115204096,60503792,210083,10000.872,0,0,0,1
mutation,3397,1,206803,115204096,0,115204096,60469760,209964,10000.892,0,0,0,1
mutation,3398,1,206805,115204096,0,115204096,60463472,209943,10000.905,0,0,0,1
mutation,3399,1,206807,115204096,0,115204096,60455408,209915,10000.936,0,0,0,1
mutation,3400,1,206809,115204096,0,115204096,60563696,210291,10000.943,0,0,0,1
mutation,3401,1,206811,115204096,0,115204096,60433472,209838,10000.906,0,0,0,1
mutation,3402,1,206813,115204096,0,115204096,60355184,209567,10000.923,0,0,0,1
mutation,3403,1,206815,115204096,0,115204096,60499760,210069,10000.900,0,0,0,1
mutation,3404,1,206817,115204096,0,115204096,60413888,209770,10000.908,0,0,0,1
mutation,3405,1,206819,115204096,0,115204096,60485312,210018,10000.914,0,0,0,1
mutation,3406,1,206821,115204096,0,115204096,60469760,209964,10000.887,0,0,0,1
mutation,3407,1,206823,115204096,0,115204096,60472112,209973,10000.896,0,0,0,1
mutation,3408,1,206825,115204096,0,115204096,60843632,211263,10001.468,0,0,0,1
mutation,3409,1,206827,115204096,0,115204096,60460544,209932,10000.872,0,0,0,1
mutation,3410,1,206829,115204096,0,115204096,60494576,210051,10000.927,0,0,0,1
mutation,3411,1,206831,115204096,0,115204096,60479552,209998,10000.874,0,0,0,1
mutation,3412,1,206833,115204096,0,115204096,60469808,209965,10000.932,0,0,0,1
mutation,3413,1,206835,115204096,0,115204096,60449072,209893,10000.973,0,0,0,1
mutation,3414,1,206837,115204096,0,115204096,60371888,209625,10000.887,0,0,0,1
mutation,3415,1,206839,115204096,0,115204096,60340208,209515,10000.886,0,0,0,1
mutation,3416,1,206841,115204096,0,115204096,60476720,209989,10000.893,0,0,0,1
mutation,3417,1,206843,115204096,0,115204096,60574592,210328,10000.866,0,0,0,1
mutation,3418,1,206845,115204096,0,115204096,60485360,210019,10000.898,0,0,0,1
mutation,3419,1,206847,115204096,0,115204096,60467504,209957,10000.892,0,0,0,1
mutation,3420,1,206849,115204096,0,115204096,60436928,209850,10000.868,0,0,0,1
mutation,3421,1,206851,115204096,0,115204096,60383936,209666,10000.893,0,0,0,1
mutation,3422,1,206853,115204096,0,115204096,60260144,209237,10000.907,0,0,0,1
mutation,3423,1,206855,115204096,0,115204096,60545264,210227,10000.918,0,0,0,1
mutation,3424,1,206857,115204096,0,115204096,60500336,210071,10000.926,0,0,0,1
mutation,3425,1,206859,115204096,0,115204096,60249776,209201,10000.918,0,0,0,1
mutation,3426,1,206861,115204096,0,115204096,60443840,209874,10000.915,0,0,0,1
mutation,3427,1,206863,115204096,0,115204096,60431216,209831,10000.881,0,0,0,1
mutation,3428,1,206865,115204096,0,115204096,60454256,209911,10000.895,0,0,0,1
mutation,3429,1,206867,115204096,0,115204096,60431744,209832,10000.911,0,0,0,1
mutation,3430,1,206869,115204096,0,115204096,60451952,209903,10000.889,0,0,0,1
mutation,3431,1,206871,115204096,0,115204096,60426608,209815,10000.933,0,0,0,1
mutation,3432,1,206873,115204096,0,115204096,60447344,209887,10000.923,0,0,0,1
mutation,3433,1,206875,115204096,0,115204096,60473840,209979,10000.924,0,0,0,1
mutation,3434,1,206877,115204096,0,115204096,60556208,210265,10000.922,0,0,0,1
mutation,3435,1,206879,115204096,0,115204096,60478448,209995,10000.936,0,0,0,1
mutation,3436,1,206881,115204096,0,115204096,60503168,210080,10000.902,0,0,0,1
mutation,3437,1,206883,115204096,0,115204096,60473792,209978,10000.915,0,0,0,1
mutation,3438,1,206885,115204096,0,115204096,60354560,209564,10000.895,0,0,0,1
mutation,3439,1,206887,115204096,0,115204096,60426608,209815,10000.884,0,0,0,1
mutation,3440,1,206889,115204096,0,115204096,60378800,209649,10000.928,0,0,0,1
mutation,3441,1,206891,115204096,0,115204096,60311408,209415,10000.909,0,0,0,1
mutation,3442,1,206893,115204096,0,115204096,60386288,209675,10000.908,0,0,0,1
mutation,3443,1,206895,115204096,0,115204096,60522176,210146,10000.907,0,0,0,1
mutation,3444,1,206897,115204096,0,115204096,60197312,209018,10000.883,0,0,0,1
mutation,3445,1,206899,115204096,0,115204096,60553328,210255,10000.887,0,0,0,1
mutation,3446,1,206901,115204096,0,115204096,60177200,208949,10000.903,0,0,0,1
mutation,3447,1,206903,115204096,0,115204096,59981312,208268,10000.895,0,0,0,1
mutation,3448,1,206905,115204096,0,115204096,60212288,209070,10000.881,0,0,0,1
mutation,3449,1,206907,115204096,0,115204096,60477296,209991,10000.882,0,0,0,1
mutation,3450,1,206909,115204096,0,115204096,60494576,210051,10000.907,0,0,0,1
mutation,3451,1,206911,115204096,0,115204096,60518192,210133,10000.948,0,0,0,1
mutation,3452,1,206913,115204096,0,115204096,60551600,210249,10000.971,0,0,0,1
mutation,3453,1,206915,115204096,0,115204096,60314240,209424,10000.882,0,0,0,1
mutation,3454,1,206917,115204096,0,115204096,60367232,209608,10000.891,0,0,0,1
mutation,3455,1,206919,115204096,0,115204096,60473840,209979,10000.941,0,0,0,1
mutation,3456,1,206921,115204096,0,115204096,60516416,210126,10000.899,0,0,0,1
mutation,3457,1,206923,115204096,0,115204096,60496832,210058,10000.879,0,0,0,1
mutation,3458,1,206925,115204096,0,115204096,60502640,210079,10000.922,0,0,0,1
mutation,3459,1,206927,115204096,0,115204096,60506672,210093,10000.894,0,0,0,1
mutation,3460,1,206929,115204096,0,115204096,60571760,210319,10000.871,0,0,0,1
mutation,3461,1,206931,115204096,0,115204096,60409904,209757,10000.856,0,0,0,1
mutation,3462,1,206933,115204096,0,115204096,60425984,209812,10000.875,0,0,0,1
mutation,3463,1,206935,115204096,0,115204096,60500336,210071,10000.891,0,0,0,1
mutation,3464,1,206937,115204096,0,115204096,60401792,209728,10000.894,0,0,0,1
mutation,3465,1,206939,115204096,0,115204096,60521024,210142,10000.876,0,0,0,1
mutation,3466,1,206941,115204096,0,115204096,60565424,210297,10000.876,0,0,0,1
mutation,3467,1,206943,115204096,0,115204096,60392048,209695,10000.855,0,0,0,1
mutation,3468,1,206945,115204096,0,115204096,60442736,209871,10000.899,0,0,0,1
mutation,3469,1,206947,115204096,0,115204096,60381056,209656,10000.876,0,0,0,1
mutation,3470,1,206949,115204096,0,115204096,60461744,209937,10000.860,0,0,0,1
mutation,3471,1,206951,115204096,0,115204096,60352304,209557,10000.886,0,0,0,1
mutation,3472,1,206953,115204096,0,115204096,60467504,209957,10000.868,0,0,0,1
mutation,3473,1,206955,115204096,0,115204096,60409856,209756,10000.872,0,0,0,1
mutation,3474,1,206957,115204096,0,115204096,60317744,209437,10000.909,0,0,0,1
mutation,3475,1,206959,115204096,0,115204096,60477296,209991,10000.891,0,0,0,1
mutation,3476,1,206961,115204096,0,115204096,60483008,210010,10000.843,0,0,0,1
mutation,3477,1,206963,115204096,0,115204096,60321200,209449,10000.877,0,0,0,1
mutation,3478,1,206965,115204096,0,115204096,60391424,209692,10000.893,0,0,0,1
mutation,3479,1,206967,115204096,0,115204096,60450800,209899,10000.896,0,0,0,1
mutation,3480,1,206969,115204096,0,115204096,60416816,209781,10000.883,0,0,0,1
mutation,3481,1,206971,115204096,0,115204096,60460592,209933,10000.864,0,0,0,1
mutation,3482,1,206973,115204096,0,115204096,60398384,209717,10000.860,0,0,0,1
mutation,3483,1,206975,115204096,0,115204096,60462896,209941,10000.908,0,0,0,1
mutation,3484,1,206977,115204096,0,115204096,60446768,209885,10000.886,0,0,0,1
mutation,3485,1,206979,115204096,0,115204096,60533120,210184,10000.888,0,0,0,1
mutation,3486,1,206981,115204096,0,115204096,60407600,209749,10000.911,0,0,0,1
mutation,3487,1,206983,115204096,0,115204096,60444464,209877,10000.878,0,0,0,1
mutation,3488,1,206985,115204096,0,115204096,60458816,209926,10000.913,0,0,0,1
mutation,3489,1,206987,115204096,0,115204096,60515888,210125,10000.869,0,0,0,1
mutation,3490,1,206989,115204096,0,115204096,60479600,209999,10000.918,0,0,0,1
mutation,3491,1,206991,115204096,0,115204096,60494576,210051,10000.883,0,0,0,1
mutation,3492,1,206993,115204096,0,115204096,60567152,210303,10000.898,0,0,0,1
mutation,3493,1,206995,115204096,0,115204096,60460544,209932,10000.904,0,0,0,1
mutation,3494,1,206997,115204096,0,115204096,60458864,209927,10000.891,0,0,0,1
mutation,3495,1,206999,115204096,0,115204096,60399536,209721,10000.891,0,0,0,1
mutation,3496,1,207001,115204096,0,115204096,60345392,209533,10000.904,0,0,0,1
mutation,3497,1,207003,115204096,0,115204096,60541232,210213,10000.887,0,0,0,1
mutation,3498,1,207005,115204096,0,115204096,60484784,210017,10000.895,0,0,0,1
mutation,3499,1,207007,115204096,0,115204096,60540080,210209,10000.947,0,0,0,1
mutation,3500,1,207009,115204096,0,115204096,60460016,209931,10000.866,0,0,0,1
mutation,3501,1,207011,115204096,0,115204096,60481856,210006,10000.880,0,0,0,1
mutation,3502,1,207013,115204096,0,115204096,60453680,209909,10000.921,0,0,0,1
mutation,3503,1,207015,115204096,0,115204096,60486512,210023,10000.892,0,0,0,1
mutation,3504,1,207017,115204096,0,115204096,60470912,209968,10000.895,0,0,0,1
mutation,3505,1,207019,115204096,0,115204096,60464624,209947,10000.924,0,0,0,1
mutation,3506,1,207021,115204096,0,115204096,60479024,209997,10000.906,0,0,0,1
mutation,3507,1,207023,115204096,0,115204096,61012352,211848,10000.876,0,0,0,1
mutation,3508,1,207025,115204096,0,115204096,60453056,209906,10001.368,0,0,0,1
mutation,3509,1,207027,115204096,0,115204096,60323504,209457,10000.886,0,0,0,1
mutation,3510,1,207029,115204096,0,115204096,60414512,209773,10000.904,0,0,0,1
mutation,3511,1,207031,115204096,0,115204096,60404720,209739,10000.936,0,0,0,1
mutation,3512,1,207033,115204096,0,115204096,60404720,209739,10000.908,0,0,0,1
mutation,3513,1,207035,115204096,0,115204096,60442688,209870,10000.904,0,0,0,1
mutation,3514,1,207037,115204096,0,115204096,60461744,209937,10000.909,0,0,0,1
mutation,3515,1,207039,115204096,0,115204096,60515312,210123,10000.891,0,0,0,1
mutation,3516,1,207041,115204096,0,115204096,60402416,209731,10000.916,0,0,0,1
mutation,3517,1,207043,115204096,0,115204096,60371312,209623,10000.904,0,0,0,1
mutation,3518,1,207045,115204096,0,115204096,60488192,210028,10000.907,0,0,0,1
mutation,3519,1,207047,115204096,0,115204096,60449024,209892,10000.887,0,0,0,1
mutation,3520,1,207049,115204096,0,115204096,60492848,210045,10000.927,0,0,0,1
mutation,3521,1,207051,115204096,0,115204096,60469232,209963,10000.913,0,0,0,1
mutation,3522,1,207053,115204096,0,115204096,60390896,209691,10000.893,0,0,0,1
mutation,3523,1,207055,115204096,0,115204096,60443312,209873,10000.926,0,0,0,1
mutation,3524,1,207057,115204096,0,115204096,60500912,210073,10000.925,0,0,0,1
mutation,3525,1,207059,115204096,0,115204096,60468080,209959,10000.930,0,0,0,1
mutation,3526,1,207061,115204096,0,115204096,60517040,210129,10000.874,0,0,0,1
mutation,3527,1,207063,115204096,0,115204096,60500336,210071,10000.904,0,0,0,1
mutation,3528,1,207065,115204096,0,115204096,60447344,209887,10000.901,0,0,0,1
mutation,3529,1,207067,115204096,0,115204096,60381104,209657,10000.931,0,0,0,1
mutation,3530,1,207069,115204096,0,115204096,60435776,209846,10000.908,0,0,0,1
mutation,3531,1,207071,115204096,0,115204096,60491696,210041,10000.899,0,0,0,1
mutation,3532,1,207073,115204096,0,115204096,60476720,209989,10000.893,0,0,0,1
mutation,3533,1,207075,115204096,0,115204096,60444464,209877,10000.871,0,0,0,1
mutation,3534,1,207077,115204096,0,115204096,60422000,209799,10000.925,0,0,0,1
mutation,3535,1,207079,115204096,0,115204096,60452528,209905,10000.917,0,0,0,1
mutation,3536,1,207081,115204096,0,115204096,60483632,210013,10000.902,0,0,0,1
mutation,3537,1,207083,115204096,0,115204096,60488816,210031,10000.912,0,0,0,1
mutation,3538,1,207085,115204096,0,115204096,60485936,210021,10000.962,0,0,0,1
mutation,3539,1,207087,115204096,0,115204096,60491696,210041,10000.923,0,0,0,1
mutation,3540,1,207089,115204096,0,115204096,60489920,210034,10000.884,0,0,0,1
mutation,3541,1,207091,115204096,0,115204096,60463472,209943,10000.920,0,0,0,1
mutation,3542,1,207093,115204096,0,115204096,60449648,209895,10000.899,0,0,0,1
mutation,3543,1,207095,115204096,0,115204096,60430064,209827,10000.921,0,0,0,1
mutation,3544,1,207097,115204096,0,115204096,60557888,210270,10000.883,0,0,0,1
mutation,3545,1,207099,115204096,0,115204096,60460016,209931,10000.887,0,0,0,1
mutation,3546,1,207101,115204096,0,115204096,60415616,209776,10000.903,0,0,0,1
mutation,3547,1,207103,115204096,0,115204096,60560816,210281,10000.917,0,0,0,1
mutation,3548,1,207105,115204096,0,115204096,60375872,209638,10000.898,0,0,0,1
mutation,3549,1,207107,115204096,0,115204096,60446192,209883,10000.909,0,0,0,1
mutation,3550,1,207109,115204096,0,115204096,60503792,210083,10000.882,0,0,0,1
mutation,3551,1,207111,115204096,0,115204096,60441584,209867,10000.898,0,0,0,1
mutation,3552,1,207113,115204096,0,115204096,60447872,209888,10000.908,0,0,0,1
mutation,3553,1,207115,115204096,0,115204096,60513584,210117,10000.896,0,0,0,1
mutation,3554,1,207117,115204096,0,115204096,60435776,209846,10000.902,0,0,0,1
mutation,3555,1,207119,115204096,0,115204096,60525104,210157,10000.894,0,0,0,1
mutation,3556,1,207121,115204096,0,115204096,60411056,209761,10000.910,0,0,0,1
mutation,3557,1,207123,115204096,0,115204096,60417392,209783,10000.928,0,0,0,1
mutation,3558,1,207125,115204096,0,115204096,60420272,209793,10000.993,0,0,0,1
mutation,3559,1,207127,115204096,0,115204096,60515888,210125,10000.920,0,0,0,1
mutation,3560,1,207129,115204096,0,115204096,60480752,210003,10000.897,0,0,0,1
mutation,3561,1,207131,115204096,0,115204096,60447920,209889,10000.949,0,0,0,1
mutation,3562,1,207133,115204096,0,115204096,60492224,210042,10000.868,0,0,0,1
mutation,3563,1,207135,115204096,0,115204096,60487664,210027,10000.895,0,0,0,1
mutation,3564,1,207137,115204096,0,115204096,60374192,209633,10000.926,0,0,0,1
mutation,3565,1,207139,115204096,0,115204096,60501488,210075,10000.908,0,0,0,1
mutation,3566,1,207141,115204096,0,115204096,60462320,209939,10000.944,0,0,0,1
mutation,3567,1,207143,115204096,0,115204096,60534272,210188,10000.919,0,0,0,1
mutation,3568,1,207145,115204096,0,115204096,60447920,209889,10000.908,0,0,0,1
mutation,3569,1,207147,115204096,0,115204096,60546944,210232,10000.882,0,0,0,1
mutation,3570,1,207149,115204096,0,115204096,60445616,209881,10000.884,0,0,0,1
mutation,3571,1,207151,115204096,0,115204096,60435824,209847,10000.922,0,0,0,1
mutation,3572,1,207153,115204096,0,115204096,60385712,209673,10000.898,0,0,0,1
mutation,3573,1,207155,115204096,0,115204096,60492848,210045,10000.894,0,0,0,1
mutation,3574,1,207157,115204096,0,115204096,60488816,210031,10000.875,0,0,0,1
mutation,3575,1,207159,115204096,0,115204096,60347696,209541,10000.883,0,0,0,1
mutation,3576,1,207161,115204096,0,115204096,60372464,209627,10000.923,0,0,0,1
mutation,3577,1,207163,115204096,0,115204096,60301616,209381,10000.952,0,0,0,1
mutation,3578,1,207165,115204096,0,115204096,60573488,210325,10000.931,0,0,0,1
mutation,3579,1,207167,115204096,0,115204096,60483056,210011,10000.924,0,0,0,1
mutation,3580,1,207169,115204096,0,115204096,60402416,209731,10000.929,0,0,0,1
mutation,3581,1,207171,115204096,0,115204096,60484784,210017,10000.910,0,0,0,1
mutation,3582,1,207173,115204096,0,115204096,60409856,209756,10000.923,0,0,0,1
mutation,3583,1,207175,115204096,0,115204096,60381104,209657,10000.936,0,0,0,1
mutation,3584,1,207177,115204096,0,115204096,60386864,209677,10000.889,0,0,0,1
mutation,3585,1,207179,115204096,0,115204096,60434672,209843,10000.884,0,0,0,1
mutation,3586,1,207181,115204096,0,115204096,60506672,210093,10000.883,0,0,0,1
mutation,3587,1,207183,115204096,0,115204096,60425408,209810,10001.117,0,0,0,1
mutation,3588,1,207185,115204096,0,115204096,60351728,209555,10000.961,0,0,0,1
mutation,3589,1,207187,115204096,0,115204096,60372464,209627,10000.893,0,0,0,1
mutation,3590,1,207189,115204096,0,115204096,60453104,209907,10000.882,0,0,0,1
mutation,3591,1,207191,115204096,0,115204096,60479600,209999,10000.914,0,0,0,1
mutation,3592,1,207193,115204096,0,115204096,60418544,209787,10000.886,0,0,0,1
mutation,3593,1,207195,115204096,0,115204096,60382784,209662,10000.892,0,0,0,1
mutation,3594,1,207197,115204096,0,115204096,60411056,209761,10000.876,0,0,0,1
mutation,3595,1,207199,115204096,0,115204096,60511856,210111,10000.889,0,0,0,1
mutation,3596,1,207201,115204096,0,115204096,60492224,210042,10000.879,0,0,0,1
mutation,3597,1,207203,115204096,0,115204096,60411056,209761,10000.932,0,0,0,1
mutation,3598,1,207205,115204096,0,115204096,60518192,210133,10000.920,0,0,0,1
mutation,3599,1,207207,115204096,0,115204096,60378224,209647,10000.926,0,0,0,1
mutation,3600,1,207209,115204096,0,115204096,60492272,210043,10000.923,0,0,0,1
mutation,3601,1,207211,115204096,0,115204096,60476096,209986,10000.884,0,0,0,1
mutation,3602,1,207213,115204096,0,115204096,60466928,209955,10000.929,0,0,0,1
mutation,3603,1,207215,115204096,0,115204096,60450176,209896,10000.905,0,0,0,1
mutation,3604,1,207217,115204096,0,115204096,60495680,210054,10000.884,0,0,0,1
mutation,3605,1,207219,115204096,0,115204096,60131696,208791,10000.888,0,0,0,1
mutation,3606,1,207221,115204096,0,115204096,60430064,209827,10000.900,0,0,0,1
mutation,3607,1,207223,115204096,0,115204096,60487664,210027,10000.897,0,0,0,1
mutation,3608,1,207225,115204096,0,115204096,60427184,209817,10001.141,0,0,0,1
mutation,3609,1,207227,115204096,0,115204096,60583280,210359,10000.890,0,0,0,1
mutation,3610,1,207229,115204096,0,115204096,60498032,210063,10000.954,0,0,0,1
mutation,3611,1,207231,115204096,0,115204096,60439232,209858,10000.887,0,0,0,1
mutation,3612,1,207233,115204096,0,115204096,60509552,210103,10000.876,0,0,0,1
mutation,3613,1,207235,115204096,0,115204096,60453104,209907,10000.964,0,0,0,1
mutation,3614,1,207237,115204096,0,115204096,60412160,209764,10000.931,0,0,0,1
mutation,3615,1,207239,115204096,0,115204096,60428912,209823,10000.914,0,0,0,1
mutation,3616,1,207241,115204096,0,115204096,60504368,210085,10000.894,0,0,0,1
mutation,3617,1,207243,115204096,0,115204096,60329840,209479,10000.875,0,0,0,1
mutation,3618,1,207245,115204096,0,115204096,60514160,210119,10000.921,0,0,0,1
mutation,3619,1,207247,115204096,0,115204096,60451376,209901,10000.902,0,0,0,1
mutation,3620,1,207249,115204096,0,115204096,60417968,209785,10000.886,0,0,0,1
mutation,3621,1,207251,115204096,0,115204096,60366128,209605,10000.891,0,0,0,1
mutation,3622,1,207253,115204096,0,115204096,60411056,209761,10000.934,0,0,0,1
mutation,3623,1,207255,115204096,0,115204096,60359216,209581,10000.910,0,0,0,1
mutation,3624,1,207257,115204096,0,115204096,60442736,209871,10000.887,0,0,0,1
mutation,3625,1,207259,115204096,0,115204096,60483584,210012,10000.910,0,0,0,1
mutation,3626,1,207261,115204096,0,115204096,60519872,210138,10000.905,0,0,0,1
mutation,3627,1,207263,115204096,0,115204096,60506096,210091,10000.887,0,0,0,1
mutation,3628,1,207265,115204096,0,115204096,60422528,209800,10000.901,0,0,0,1
mutation,3629,1,207267,115204096,0,115204096,60336176,209501,10000.929,0,0,0,1
mutation,3630,1,207269,115204096,0,115204096,60422000,209799,10000.914,0,0,0,1
mutation,3631,1,207271,115204096,0,115204096,60551024,210247,10000.906,0,0,0,1
mutation,3632,1,207273,115204096,0,115204096,60331520,209484,10000.890,0,0,0,1
mutation,3633,1,207275,115204096,0,115204096,60253232,209213,10000.889,0,0,0,1
mutation,3634,1,207277,115204096,0,115204096,60465200,209949,10000.902,0,0,0,1
mutation,3635,1,207279,115204096,0,115204096,60409904,209757,10000.923,0,0,0,1
mutation,3636,1,207281,115204096,0,115204096,60468608,209960,10000.915,0,0,0,1
mutation,3637,1,207283,115204096,0,115204096,60425456,209811,10000.913,0,0,0,1
mutation,3638,1,207285,115204096,0,115204096,60458864,209927,10000.933,0,0,0,1
mutation,3639,1,207287,115204096,0,115204096,60447872,209888,10000.916,0,0,0,1
mutation,3640,1,207289,115204096,0,115204096,60527984,210167,10000.931,0,0,0,1
mutation,3641,1,207291,115204096,0,115204096,60509504,210102,10000.900,0,0,0,1
mutation,3642,1,207293,115204096,0,115204096,60442736,209871,10000.883,0,0,0,1
mutation,3643,1,207295,115204096,0,115204096,60459440,209929,10000.903,0,0,0,1
mutation,3644,1,207297,115204096,0,115204096,60489968,210035,10000.892,0,0,0,1
mutation,3645,1,207299,115204096,0,115204096,60527408,210165,10000.933,0,0,0,1
mutation,3646,1,207301,115204096,0,115204096,60492224,210042,10000.892,0,0,0,1
mutation,3647,1,207303,115204096,0,115204096,60477872,209993,10000.926,0,0,0,1
mutation,3648,1,207305,115204096,0,115204096,60538352,210203,10000.927,0,0,0,1
mutation,3649,1,207307,115204096,0,115204096,60378224,209647,10000.918,0,0,0,1
mutation,3650,1,207309,115204096,0,115204096,60458288,209925,10000.939,0,0,0,1
mutation,3651,1,207311,115204096,0,115204096,60425456,209811,10000.898,0,0,0,1
mutation,3652,1,207313,115204096,0,115204096,60536624,210197,10000.910,0,0,0,1
mutation,3653,1,207315,115204096,0,115204096,60415616,209776,10000.911,0,0,0,1
mutation,3654,1,207317,115204096,0,115204096,60355760,209569,10000.923,0,0,0,1
mutation,3655,1,207319,115204096,0,115204096,60468080,209959,10000.920,0,0,0,1
mutation,3656,1,207321,115204096,0,115204096,60523952,210153,10000.874,0,0,0,1
mutation,3657,1,207323,115204096,0,115204096,60551600,210249,10000.914,0,0,0,1
mutation,3658,1,207325,115204096,0,115204096,60464624,209947,10000.915,0,0,0,1
mutation,3659,1,207327,115204096,0,115204096,60470912,209968,10000.915,0,0,0,1
mutation,3660,1,207329,115204096,0,115204096,60461744,209937,10000.940,0,0,0,1
mutation,3661,1,207331,115204096,0,115204096,60455408,209915,10000.885,0,0,0,1
mutation,3662,1,207333,115204096,0,115204096,61142000,212299,10000.957,0,0,0,1
mutation,3663,1,207335,115204096,0,115204096,60485936,210021,10000.899,0,0,0,1
mutation,3664,1,207337,115204096,0,115204096,60444464,209877,10000.875,0,0,0,1
mutation,3665,1,207339,115204096,0,115204096,60548144,210237,10000.912,0,0,0,1
mutation,3666,1,207341,115204096,0,115204096,60467504,209957,10000.916,0,0,0,1
mutation,3667,1,207343,115204096,0,115204096,60462896,209941,10000.904,0,0,0,1
mutation,3668,1,207345,115204096,0,115204096,60467504,209957,10000.905,0,0,0,1
mutation,3669,1,207347,115204096,0,115204096,60469232,209963,10000.876,0,0,0,1
mutation,3670,1,207349,115204096,0,115204096,60383984,209667,10000.883,0,0,0,1
mutation,3671,1,207351,115204096,0,115204096,60515264,210122,10000.876,0,0,0,1
mutation,3672,1,207353,115204096,0,115204096,60502640,210079,10000.888,0,0,0,1
mutation,3673,1,207355,115204096,0,115204096,60535424,210192,10000.895,0,0,0,1
mutation,3674,1,207357,115204096,0,115204096,60436928,209850,10000.895,0,0,0,1
mutation,3675,1,207359,115204096,0,115204096,60517040,210129,10000.892,0,0,0,1
mutation,3676,1,207361,115204096,0,115204096,60383984,209667,10000.892,0,0,0,1
mutation,3677,1,207363,115204096,0,115204096,60446192,209883,10000.940,0,0,0,1
mutation,3678,1,207365,115204096,0,115204096,60492272,210043,10000.885,0,0,0,1
mutation,3679,1,207367,115204096,0,115204096,60495680,210054,10000.880,0,0,0,1
mutation,3680,1,207369,115204096,0,115204096,60350000,209549,10000.915,0,0,0,1
mutation,3681,1,207371,115204096,0,115204096,60468656,209961,10000.912,0,0,0,1
mutation,3682,1,207373,115204096,0,115204096,60361472,209588,10000.918,0,0,0,1
mutation,3683,1,207375,115204096,0,115204096,60580400,210349,10000.972,0,0,0,1
mutation,3684,1,207377,115204096,0,115204096,60294704,209357,10000.893,0,0,0,1
mutation,3685,1,207379,115204096,0,115204096,60500336,210071,10000.948,0,0,0,1
mutation,3686,1,207381,115204096,0,115204096,60264176,209251,10000.904,0,0,0,1
mutation,3687,1,207383,115204096,0,115204096,60401216,209726,10000.884,0,0,0,1
mutation,3688,1,207385,115204096,0,115204096,60171392,208928,10000.884,0,0,0,1
mutation,3689,1,207387,115204096,0,115204096,60386240,209674,10000.873,0,0,0,1
mutation,3690,1,207389,115204096,0,115204096,60407600,209749,10000.895,0,0,0,1
mutation,3691,1,207391,115204096,0,115204096,60486512,210023,10000.910,0,0,0,1
mutation,3692,1,207393,115204096,0,115204096,60454256,209911,10000.882,0,0,0,1
mutation,3693,1,207395,115204096,0,115204096,60402368,209730,10000.921,0,0,0,1
mutation,3694,1,207397,115204096,0,115204096,60544640,210224,10000.901,0,0,0,1
mutation,3695,1,207399,115204096,0,115204096,60449072,209893,10000.880,0,0,0,1
mutation,3696,1,207401,115204096,0,115204096,60297584,209367,10000.941,0,0,0,1
mutation,3697,1,207403,115204096,0,115204096,60408176,209751,10000.993,0,0,0,1
mutation,3698,1,207405,115204096,0,115204096,60547568,210235,10000.932,0,0,0,1
mutation,3699,1,207407,115204096,0,115204096,60544640,210224,10000.882,0,0,0,1
mutation,3700,1,207409,115204096,0,115204096,60419696,209791,10000.898,0,0,0,1
mutation,3701,1,207411,115204096,0,115204096,60468032,209958,10000.888,0,0,0,1
mutation,3702,1,207413,115204096,0,115204096,60374768,209635,10000.923,0,0,0,1
mutation,3703,1,207415,115204096,0,115204096,60507824,210097,10000.915,0,0,0,1
mutation,3704,1,207417,115204096,0,115204096,60549296,210241,10000.898,0,0,0,1
mutation,3705,1,207419,115204096,0,115204096,60406448,209745,10000.940,0,0,0,1
mutation,3706,1,207421,115204096,0,115204096,60427184,209817,10000.918,0,0,0,1
mutation,3707,1,207423,115204096,0,115204096,60593648,210395,10000.957,0,0,0,1
mutation,3708,1,207425,115204096,0,115204096,60425456,209811,10001.120,0,0,0,1
mutation,3709,1,207427,115204096,0,115204096,60550448,210245,10000.914,0,0,0,1
mutation,3710,1,207429,115204096,0,115204096,60461168,209935,10000.880,0,0,0,1
mutation,3711,1,207431,115204096,0,115204096,60386240,209674,10000.903,0,0,0,1
mutation,3712,1,207433,115204096,0,115204096,60376496,209641,10000.918,0,0,0,1
mutation,3713,1,207435,115204096,0,115204096,60394352,209703,10000.910,0,0,0,1
mutation,3714,1,207437,115204096,0,115204096,60457712,209923,10000.883,0,0,0,1
mutation,3715,1,207439,115204096,0,115204096,60299888,209375,10000.931,0,0,0,1
mutation,3716,1,207441,115204096,0,115204096,60480752,210003,10000.915,0,0,0,1
mutation,3717,1,207443,115204096,0,115204096,60449648,209895,10000.920,0,0,0,1
mutation,3718,1,207445,115204096,0,115204096,60324080,209459,10000.921,0,0,0,1
mutation,3719,1,207447,115204096,0,115204096,59605232,206963,10006.715,0,0,0,1
mutation,3720,1,207449,115204096,0,115204096,59880560,207919,10000.934,0,0,0,1
mutation,3721,1,207451,115204096,0,115204096,59960048,208195,10000.983,0,0,0,1
mutation,3722,1,207453,115204096,0,115204096,60366656,209606,10000.899,0,0,0,1
mutation,3723,1,207455,115204096,0,115204096,60454256,209911,10000.921,0,0,0,1
mutation,3724,1,207457,115204096,0,115204096,60275072,209288,10000.913,0,0,0,1
mutation,3725,1,207459,115204096,0,115204096,60546944,210232,10000.903,0,0,0,1
mutation,3726,1,207461,115204096,0,115204096,60445616,209881,10000.903,0,0,0,1
mutation,3727,1,207463,115204096,0,115204096,60536624,210197,10000.890,0,0,0,1
mutation,3728,1,207465,115204096,0,115204096,60458288,209925,10000.915,0,0,0,1
mutation,3729,1,207467,115204096,0,115204096,60417392,209783,10000.903,0,0,0,1
mutation,3730,1,207469,115204096,0,115204096,60409328,209755,10000.908,0,0,0,1
mutation,3731,1,207471,115204096,0,115204096,60415616,209776,10000.882,0,0,0,1
mutation,3732,1,207473,115204096,0,115204096,60594224,210397,10000.887,0,0,0,1
mutation,3733,1,207475,115204096,0,115204096,60223856,209111,10000.924,0,0,0,1
mutation,3734,1,207477,115204096,0,115204096,60463424,209942,10000.882,0,0,0,1
mutation,3735,1,207479,115204096,0,115204096,60265328,209255,10000.911,0,0,0,1
mutation,3736,1,207481,115204096,0,115204096,60479600,209999,10000.916,0,0,0,1
mutation,3737,1,207483,115204096,0,115204096,60400112,209723,10000.904,0,0,0,1
mutation,3738,1,207485,115204096,0,115204096,60368432,209613,10000.879,0,0,0,1
mutation,3739,1,207487,115204096,0,115204096,60505520,210089,10000.888,0,0,0,1
mutation,3740,1,207489,115204096,0,115204096,60462272,209938,10000.900,0,0,0,1
mutation,3741,1,207491,115204096,0,115204096,60437552,209853,10000.889,0,0,0,1
mutation,3742,1,207493,115204096,0,115204096,60451328,209900,10000.897,0,0,0,1
mutation,3743,1,207495,115204096,0,115204096,60435824,209847,10000.908,0,0,0,1
mutation,3744,1,207497,115204096,0,115204096,60347648,209540,10000.879,0,0,0,1
mutation,3745,1,207499,115204096,0,115204096,60334448,209495,10000.909,0,0,0,1
mutation,3746,1,207501,115204096,0,115204096,60463424,209942,10000.898,0,0,0,1
mutation,3747,1,207503,115204096,0,115204096,60497984,210062,10000.894,0,0,0,1
mutation,3748,1,207505,115204096,0,115204096,60494000,210049,10000.917,0,0,0,1
mutation,3749,1,207507,115204096,0,115204096,60552128,210250,10000.878,0,0,0,1
mutation,3750,1,207509,115204096,0,115204096,60336176,209501,10000.929,0,0,0,1
mutation,3751,1,207511,115204096,0,115204096,60453056,209906,10000.889,0,0,0,1
mutation,3752,1,207513,115204096,0,115204096,60515888,210125,10000.939,0,0,0,1
mutation,3753,1,207515,115204096,0,115204096,60277376,209296,10000.905,0,0,0,1
mutation,3754,1,207517,115204096,0,115204096,60429488,209825,10000.951,0,0,0,1
mutation,3755,1,207519,115204096,0,115204096,60457664,209922,10000.885,0,0,0,1
mutation,3756,1,207521,115204096,0,115204096,60434624,209842,10000.892,0,0,0,1
mutation,3757,1,207523,115204096,0,115204096,60458864,209927,10000.938,0,0,0,1
mutation,3758,1,207525,115204096,0,115204096,60447344,209887,10000.906,0,0,0,1
mutation,3759,1,207527,115204096,0,115204096,60463472,209943,10000.896,0,0,0,1
mutation,3760,1,207529,115204096,0,115204096,60165056,208906,10000.876,0,0,0,1
mutation,3761,1,207531,115204096,0,115204096,60443312,209873,10000.876,0,0,0,1
mutation,3762,1,207533,115204096,0,115204096,60530864,210177,10000.884,0,0,0,1
mutation,3763,1,207535,115204096,0,115204096,60167360,208914,10000.896,0,0,0,1
mutation,3764,1,207537,115204096,0,115204096,60312560,209419,10000.900,0,0,0,1
mutation,3765,1,207539,115204096,0,115204096,60500864,210072,10000.907,0,0,0,1
mutation,3766,1,207541,115204096,0,115204096,60477296,209991,10000.918,0,0,0,1
mutation,3767,1,207543,115204096,0,115204096,60435248,209845,10000.880,0,0,0,1
mutation,3768,1,207545,115204096,0,115204096,60197312,209018,10000.894,0,0,0,1
mutation,3769,1,207547,115204096,0,115204096,60255488,209220,10000.907,0,0,0,1
mutation,3770,1,207549,115204096,0,115204096,60596528,210405,10000.956,0,0,0,1
mutation,3771,1,207551,115204096,0,115204096,60397808,209715,10000.905,0,0,0,1
mutation,3772,1,207553,115204096,0,115204096,60381104,209657,10000.905,0,0,0,1
mutation,3773,1,207555,115204096,0,115204096,60402416,209731,10000.911,0,0,0,1
mutation,3774,1,207557,115204096,0,115204096,60482480,210009,10000.897,0,0,0,1
mutation,3775,1,207559,115204096,0,115204096,60367280,209609,10000.968,0,0,0,1
mutation,3776,1,207561,115204096,0,115204096,60454784,209912,10000.897,0,0,0,1
mutation,3777,1,207563,115204096,0,115204096,60450800,209899,10000.903,0,0,0,1
mutation,3778,1,207565,115204096,0,115204096,60250928,209205,10000.912,0,0,0,1
mutation,3779,1,207567,115204096,0,115204096,60493424,210047,10000.885,0,0,0,1
mutation,3780,1,207569,115204096,0,115204096,60420272,209793,10000.977,0,0,0,1
mutation,3781,1,207571,115204096,0,115204096,60465152,209948,10000.906,0,0,0,1
mutation,3782,1,207573,115204096,0,115204096,60551600,210249,10000.930,0,0,0,1
mutation,3783,1,207575,115204096,0,115204096,60498560,210064,10000.901,0,0,0,1
mutation,3784,1,207577,115204096,0,115204096,60451376,209901,10000.917,0,0,0,1
mutation,3785,1,207579,115204096,0,115204096,60423104,209802,10000.884,0,0,0,1
mutation,3786,1,207581,115204096,0,115204096,60428288,209820,10000.876,0,0,0,1
mutation,3787,1,207583,115204096,0,115204096,60496880,210059,10000.894,0,0,0,1
mutation,3788,1,207585,115204096,0,115204096,60152960,208864,10000.881,0,0,0,1
mutation,3789,1,207587,115204096,0,115204096,60270512,209273,10000.919,0,0,0,1
mutation,3790,1,207589,115204096,0,115204096,60393152,209698,10000.884,0,0,0,1
mutation,3791,1,207591,115204096,0,115204096,60417392,209783,10000.915,0,0,0,1
mutation,3792,1,207593,115204096,0,115204096,60430064,209827,10000.902,0,0,0,1
mutation,3793,1,207595,115204096,0,115204096,60460016,209931,10000.920,0,0,0,1
mutation,3794,1,207597,115204096,0,115204096,60409904,209757,10000.941,0,0,0,1
mutation,3795,1,207599,115204096,0,115204096,60211184,209067,10000.947,0,0,0,1
mutation,3796,1,207601,115204096,0,115204096,60385088,209670,10000.904,0,0,0,1
mutation,3797,1,207603,115204096,0,115204096,60533168,210185,10000.910,0,0,0,1
mutation,3798,1,207605,115204096,0,115204096,60587312,210373,10000.921,0,0,0,1
mutation,3799,1,207607,115204096,0,115204096,60487088,210025,10000.883,0,0,0,1
mutation,3800,1,207609,115204096,0,115204096,60461744,209937,10000.890,0,0,0,1
mutation,3801,1,207611,115204096,0,115204096,60528560,210169,10000.927,0,0,0,1
mutation,3802,1,207613,115204096,0,115204096,60554480,210259,10000.909,0,0,0,1
mutation,3803,1,207615,115204096,0,115204096,60398960,209719,10000.880,0,0,0,1
mutation,3804,1,207617,115204096,0,115204096,60402944,209732,10000.908,0,0,0,1
mutation,3805,1,207619,115204096,0,115204096,60442736,209871,10000.900,0,0,0,1
mutation,3806,1,207621,115204096,0,115204096,60484784,210017,10000.907,0,0,0,1
mutation,3807,1,207623,115204096,0,115204096,59715824,207347,10000.918,0,0,0,1
mutation,3808,1,207625,115204096,0,115204096,59578160,206869,10001.134,0,0,0,1
mutation,3809,1,207627,115204096,0,115204096,59901248,207990,10000.871,0,0,0,1
mutation,3810,1,207629,115204096,0,115204096,60322880,209454,10000.877,0,0,0,1
mutation,3811,1,207631,115204096,0,115204096,60467504,209957,10000.862,0,0,0,1
mutation,3812,1,207633,115204096,0,115204096,60469232,209963,10000.883,0,0,0,1
mutation,3813,1,207635,115204096,0,115204096,60597680,210409,10000.910,0,0,0,1
mutation,3814,1,207637,115204096,0,115204096,60579200,210344,10000.856,0,0,0,1
mutation,3815,1,207639,115204096,0,115204096,60449600,209894,10000.904,0,0,0,1
mutation,3816,1,207641,115204096,0,115204096,60425984,209812,10000.852,0,0,0,1
mutation,3817,1,207643,115204096,0,115204096,60435200,209844,10000.867,0,0,0,1
mutation,3818,1,207645,115204096,0,115204096,60082688,208620,10000.869,0,0,0,1
mutation,3819,1,207647,115204096,0,115204096,60466352,209953,10000.908,0,0,0,1
mutation,3820,1,207649,115204096,0,115204096,60532016,210181,10000.917,0,0,0,1
mutation,3821,1,207651,115204096,0,115204096,60461744,209937,10000.921,0,0,0,1
mutation,3822,1,207653,115204096,0,115204096,60506096,210091,10000.948,0,0,0,1
mutation,3823,1,207655,115204096,0,115204096,60380480,209654,10000.912,0,0,0,1
mutation,3824,1,207657,115204096,0,115204096,60404720,209739,10000.908,0,0,0,1
mutation,3825,1,207659,115204096,0,115204096,60516992,210128,10000.888,0,0,0,1
mutation,3826,1,207661,115204096,0,115204096,60510080,210104,10000.892,0,0,0,1
mutation,3827,1,207663,115204096,0,115204096,60423152,209803,10000.895,0,0,0,1
mutation,3828,1,207665,115204096,0,115204096,60287792,209333,10000.906,0,0,0,1
mutation,3829,1,207667,115204096,0,115204096,60497456,210061,10000.904,0,0,0,1
mutation,3830,1,207669,115204096,0,115204096,60350576,209551,10000.908,0,0,0,1
mutation,3831,1,207671,115204096,0,115204096,60462272,209938,10000.900,0,0,0,1
mutation,3832,1,207673,115204096,0,115204096,60256064,209222,10000.891,0,0,0,1
mutation,3833,1,207675,115204096,0,115204096,60442688,209870,10000.903,0,0,0,1
mutation,3834,1,207677,115204096,0,115204096,60435824,209847,10000.932,0,0,0,1
mutation,3835,1,207679,115204096,0,115204096,60458864,209927,10000.887,0,0,0,1
mutation,3836,1,207681,115204096,0,115204096,60010160,208369,10000.912,0,0,0,1
mutation,3837,1,207683,115204096,0,115204096,60526208,210160,10000.889,0,0,0,1
mutation,3838,1,207685,115204096,0,115204096,60476720,209989,10000.907,0,0,0,1
mutation,3839,1,207687,115204096,0,115204096,60393776,209701,10000.922,0,0,0,1
mutation,3840,1,207689,115204096,0,115204096,60508976,210101,10000.899,0,0,0,1
mutation,3841,1,207691,115204096,0,115204096,60489968,210035,10000.889,0,0,0,1
mutation,3842,1,207693,115204096,0,115204096,60457712,209923,10000.890,0,0,0,1
mutation,3843,1,207695,115204096,0,115204096,60161648,208895,10000.898,0,0,0,1
mutation,3844,1,207697,115204096,0,115204096,60500336,210071,10000.904,0,0,0,1
mutation,3845,1,207699,115204096,0,115204096,60418496,209786,10000.885,0,0,0,1
mutation,3846,1,207701,115204096,0,115204096,60506624,210092,10000.884,0,0,0,1
mutation,3847,1,207703,115204096,0,115204096,60432944,209837,10000.932,0,0,0,1
mutation,3848,1,207705,115204096,0,115204096,60485360,210019,10000.924,0,0,0,1
mutation,3849,1,207707,115204096,0,115204096,60473216,209976,10000.892,0,0,0,1
mutation,3850,1,207709,115204096,0,115204096,60346544,209537,10000.916,0,0,0,1
mutation,3851,1,207711,115204096,0,115204096,60392000,209694,10000.907,0,0,0,1
mutation,3852,1,207713,115204096,0,115204096,60557888,210270,10000.913,0,0,0,1
mutation,3853,1,207715,115204096,0,115204096,60484736,210016,10000.888,0,0,0,1
mutation,3854,1,207717,115204096,0,115204096,60506624,210092,10000.896,0,0,0,1
mutation,3855,1,207719,115204096,0,115204096,60504944,210087,10000.930,0,0,0,1
mutation,3856,1,207721,115204096,0,115204096,60571760,210319,10000.913,0,0,0,1
mutation,3857,1,207723,115204096,0,115204096,60473264,209977,10000.898,0,0,0,1
mutation,3858,1,207725,115204096,0,115204096,60507248,210095,10000.902,0,0,0,1
mutation,3859,1,207727,115204096,0,115204096,60527984,210167,10000.877,0,0,0,1
mutation,3860,1,207729,115204096,0,115204096,60454832,209913,10000.924,0,0,0,1
mutation,3861,1,207731,115204096,0,115204096,60545264,210227,10000.881,0,0,0,1
mutation,3862,1,207733,115204096,0,115204096,60490544,210037,10000.914,0,0,0,1
mutation,3863,1,207735,115204096,0,115204096,60522176,210146,10000.886,0,0,0,1
mutation,3864,1,207737,115204096,0,115204096,60534272,210188,10000.894,0,0,0,1
mutation,3865,1,207739,115204096,0,115204096,60567728,210305,10000.897,0,0,0,1
mutation,3866,1,207741,115204096,0,115204096,60554432,210258,10000.890,0,0,0,1
mutation,3867,1,207743,115204096,0,115204096,60532592,210183,10000.883,0,0,0,1
mutation,3868,1,207745,115204096,0,115204096,60299264,209372,10000.926,0,0,0,1
mutation,3869,1,207747,115204096,0,115204096,60204848,209045,10000.892,0,0,0,1
mutation,3870,1,207749,115204096,0,115204096,60459440,209929,10000.898,0,0,0,1
mutation,3871,1,207751,115204096,0,115204096,60436400,209849,10000.923,0,0,0,1
mutation,3872,1,207753,115204096,0,115204096,60333824,209492,10000.902,0,0,0,1
mutation,3873,1,207755,115204096,0,115204096,60329792,209478,10000.898,0,0,0,1
mutation,3874,1,207757,115204096,0,115204096,60439232,209858,10000.891,0,0,0,1
mutation,3875,1,207759,115204096,0,115204096,60434672,209843,10000.936,0,0,0,1
mutation,3876,1,207761,115204096,0,115204096,60339008,209510,10000.895,0,0,0,1
mutation,3877,1,207763,115204096,0,115204096,60487664,210027,10000.911,0,0,0,1
mutation,3878,1,207765,115204096,0,115204096,60494576,210051,10000.897,0,0,0,1
mutation,3879,1,207767,115204096,0,115204096,60413936,209771,10000.898,0,0,0,1
mutation,3880,1,207769,115204096,0,115204096,60322928,209455,10000.957,0,0,0,1
mutation,3881,1,207771,115204096,0,115204096,60558512,210273,10000.897,0,0,0,1
mutation,3882,1,207773,115204096,0,115204096,60494000,210049,10000.894,0,0,0,1
mutation,3883,1,207775,115204096,0,115204096,60605168,210435,10000.941,0,0,0,1
mutation,3884,1,207777,115204096,0,115204096,60455408,209915,10000.906,0,0,0,1
mutation,3885,1,207779,115204096,0,115204096,60529136,210171,10000.930,0,0,0,1
mutation,3886,1,207781,115204096,0,115204096,60434672,209843,10000.908,0,0,0,1
mutation,3887,1,207783,115204096,0,115204096,60465728,209950,10000.901,0,0,0,1
mutation,3888,1,207785,115204096,0,115204096,60429488,209825,10000.928,0,0,0,1
mutation,3889,1,207787,115204096,0,115204096,60468080,209959,10000.914,0,0,0,1
mutation,3890,1,207789,115204096,0,115204096,60526784,210162,10000.895,0,0,0,1
mutation,3891,1,207791,115204096,0,115204096,60519920,210139,10000.895,0,0,0,1
mutation,3892,1,207793,115204096,0,115204096,60396656,209711,10000.946,0,0,0,1
mutation,3893,1,207795,115204096,0,115204096,60557888,210270,10000.896,0,0,0,1
mutation,3894,1,207797,115204096,0,115204096,60441584,209867,10000.908,0,0,0,1
mutation,3895,1,207799,115204096,0,115204096,60461696,209936,10000.890,0,0,0,1
mutation,3896,1,207801,115204096,0,115204096,60607472,210443,10000.917,0,0,0,1
mutation,3897,1,207803,115204096,0,115204096,60238208,209160,10000.900,0,0,0,1
mutation,3898,1,207805,115204096,0,115204096,60504944,210087,10000.931,0,0,0,1
mutation,3899,1,207807,115204096,0,115204096,60532016,210181,10000.880,0,0,0,1
mutation,3900,1,207809,115204096,0,115204096,60472112,209973,10000.897,0,0,0,1
mutation,3901,1,207811,115204096,0,115204096,60370736,209621,10000.916,0,0,0,1
mutation,3902,1,207813,115204096,0,115204096,60404144,209737,10000.882,0,0,0,1
mutation,3903,1,207815,115204096,0,115204096,60529664,210172,10000.913,0,0,0,1
mutation,3904,1,207817,115204096,0,115204096,60454256,209911,10000.898,0,0,0,1
mutation,3905,1,207819,115204096,0,115204096,60526208,210160,10000.902,0,0,0,1
mutation,3906,1,207821,115204096,0,115204096,60146624,208842,10000.897,0,0,0,1
mutation,3907,1,207823,115204096,0,115204096,60373568,209630,10000.879,0,0,0,1
mutation,3908,1,207825,115204096,0,115204096,60493376,210046,10001.149,0,0,0,1
mutation,3909,1,207827,115204096,0,115204096,60482480,210009,10000.862,0,0,0,1
mutation,3910,1,207829,115204096,0,115204096,60470384,209967,10000.862,0,0,0,1
mutation,3911,1,207831,115204096,0,115204096,60549296,210241,10000.894,0,0,0,1
mutation,3912,1,207833,115204096,0,115204096,60465776,209951,10000.887,0,0,0,1
mutation,3913,1,207835,115204096,0,115204096,60400688,209725,10000.871,0,0,0,1
mutation,3914,1,207837,115204096,0,115204096,60516464,210127,10000.922,0,0,0,1
mutation,3915,1,207839,115204096,0,115204096,60360896,209586,10000.909,0,0,0,1
mutation,3916,1,207841,115204096,0,115204096,60323504,209457,10000.938,0,0,0,1
mutation,3917,1,207843,115204096,0,115204096,60444464,209877,10000.905,0,0,0,1
mutation,3918,1,207845,115204096,0,115204096,60513008,210115,10000.931,0,0,0,1
mutation,3919,1,207847,115204096,0,115204096,60499184,210067,10000.897,0,0,0,1
mutation,3920,1,207849,115204096,0,115204096,60337904,209507,10000.945,0,0,0,1
mutation,3921,1,207851,115204096,0,115204096,60485936,210021,10000.972,0,0,0,1
mutation,3922,1,207853,115204096,0,115204096,60435248,209845,10000.940,0,0,0,1
mutation,3923,1,207855,115204096,0,115204096,60489392,210033,10000.887,0,0,0,1
mutation,3924,1,207857,115204096,0,115204096,60434096,209841,10000.889,0,0,0,1
mutation,3925,1,207859,115204096,0,115204096,60438080,209854,10000.910,0,0,0,1
mutation,3926,1,207861,115204096,0,115204096,60503216,210081,10000.941,0,0,0,1
mutation,3927,1,207863,115204096,0,115204096,60357488,209575,10000.886,0,0,0,1
mutation,3928,1,207865,115204096,0,115204096,60171392,208928,10000.883,0,0,0,1
mutation,3929,1,207867,115204096,0,115204096,60486464,210022,10000.874,0,0,0,1
mutation,3930,1,207869,115204096,0,115204096,60521072,210143,10000.895,0,0,0,1
mutation,3931,1,207871,115204096,0,115204096,60435824,209847,10000.892,0,0,0,1
mutation,3932,1,207873,115204096,0,115204096,60469808,209965,10000.931,0,0,0,1
mutation,3933,1,207875,115204096,0,115204096,60423152,209803,10000.891,0,0,0,1
mutation,3934,1,207877,115204096,0,115204096,60498032,210063,10000.942,0,0,0,1
mutation,3935,1,207879,115204096,0,115204096,60502016,210076,10000.898,0,0,0,1
mutation,3936,1,207881,115204096,0,115204096,60247424,209192,10000.874,0,0,0,1
mutation,3937,1,207883,115204096,0,115204096,59820080,207709,10000.934,0,0,0,1
mutation,3938,1,207885,115204096,0,115204096,59911616,208026,10000.904,0,0,0,1
mutation,3939,1,207887,115204096,0,115204096,59847152,207803,10000.986,0,0,0,1
mutation,3940,1,207889,115204096,0,115204096,60257264,209227,10000.930,0,0,0,1
mutation,3941,1,207891,115204096,0,115204096,60493376,210046,10000.921,0,0,0,1
mutation,3942,1,207893,115204096,0,115204096,60445616,209881,10000.922,0,0,0,1
mutation,3943,1,207895,115204096,0,115204096,60324032,209458,10000.890,0,0,0,1
mutation,3944,1,207897,115204096,0,115204096,60496832,210058,10000.877,0,0,0,1
mutation,3945,1,207899,115204096,0,115204096,60515264,210122,10000.890,0,0,0,1
mutation,3946,1,207901,115204096,0,115204096,60571760,210319,10000.931,0,0,0,1
mutation,3947,1,207903,115204096,0,115204096,60427184,209817,10000.901,0,0,0,1
mutation,3948,1,207905,115204096,0,115204096,60477296,209991,10000.941,0,0,0,1
mutation,3949,1,207907,115204096,0,115204096,60485936,210021,10000.936,0,0,0,1
mutation,3950,1,207909,115204096,0,115204096,60481856,210006,10000.890,0,0,0,1
mutation,3951,1,207911,115204096,0,115204096,60530240,210174,10000.900,0,0,0,1
mutation,3952,1,207913,115204096,0,115204096,60541184,210212,10000.891,0,0,0,1
mutation,3953,1,207915,115204096,0,115204096,60466880,209954,10000.913,0,0,0,1
mutation,3954,1,207917,115204096,0,115204096,60428336,209821,10000.918,0,0,0,1
mutation,3955,1,207919,115204096,0,115204096,60337904,209507,10000.895,0,0,0,1
mutation,3956,1,207921,115204096,0,115204096,60473840,209979,10000.991,0,0,0,1
mutation,3957,1,207923,115204096,0,115204096,60135728,208805,10000.941,0,0,0,1
mutation,3958,1,207925,115204096,0,115204096,60284912,209323,10000.883,0,0,0,1
mutation,3959,1,207927,115204096,0,115204096,60558512,210273,10000.907,0,0,0,1
mutation,3960,1,207929,115204096,0,115204096,60260720,209239,10000.921,0,0,0,1
mutation,3961,1,207931,115204096,0,115204096,60405872,209743,10000.881,0,0,0,1
mutation,3962,1,207933,115204096,0,115204096,60419120,209789,10000.917,0,0,0,1
mutation,3963,1,207935,115204096,0,115204096,60439856,209861,10000.921,0,0,0,1
mutation,3964,1,207937,115204096,0,115204096,60329792,209478,10000.892,0,0,0,1
mutation,3965,1,207939,115204096,0,115204096,60488768,210030,10000.893,0,0,0,1
mutation,3966,1,207941,115204096,0,115204096,60401216,209726,10000.901,0,0,0,1
mutation,3967,1,207943,115204096,0,115204096,60491696,210041,10000.898,0,0,0,1
mutation,3968,1,207945,115204096,0,115204096,60423152,209803,10000.918,0,0,0,1
mutation,3969,1,207947,115204096,0,115204096,60529136,210171,10000.926,0,0,0,1
mutation,3970,1,207949,115204096,0,115204096,60500912,210073,10000.905,0,0,0,1
mutation,3971,1,207951,115204096,0,115204096,60371312,209623,10000.908,0,0,0,1
mutation,3972,1,207953,115204096,0,115204096,60433472,209838,10000.887,0,0,0,1
mutation,3973,1,207955,115204096,0,115204096,60473840,209979,10000.987,0,0,0,1
mutation,3974,1,207957,115204096,0,115204096,60531968,210180,10000.892,0,0,0,1
mutation,3975,1,207959,115204096,0,115204096,60533168,210185,10000.933,0,0,0,1
mutation,3976,1,207961,115204096,0,115204096,60443888,209875,10000.933,0,0,0,1
mutation,3977,1,207963,115204096,0,115204096,60483584,210012,10000.903,0,0,0,1
mutation,3978,1,207965,115204096,0,115204096,60453104,209907,10000.934,0,0,0,1
mutation,3979,1,207967,115204096,0,115204096,60492848,210045,10000.947,0,0,0,1
mutation,3980,1,207969,115204096,0,115204096,60462320,209939,10000.918,0,0,0,1
mutation,3981,1,207971,115204096,0,115204096,60177776,208951,10000.874,0,0,0,1
mutation,3982,1,207973,115204096,0,115204096,60496304,210057,10000.918,0,0,0,1
mutation,3983,1,207975,115204096,0,115204096,60446144,209882,10000.869,0,0,0,1
mutation,3984,1,207977,115204096,0,115204096,60480752,210003,10000.923,0,0,0,1
mutation,3985,1,207979,115204096,0,115204096,60489392,210033,10000.880,0,0,0,1
mutation,3986,1,207981,115204096,0,115204096,60489920,210034,10000.898,0,0,0,1
mutation,3987,1,207983,115204096,0,115204096,60401840,209729,10001.389,0,0,0,1
mutation,3988,1,207985,115204096,0,115204096,60442112,209868,10000.893,0,0,0,1
mutation,3989,1,207987,115204096,0,115204096,60252608,209210,10000.918,0,0,0,1
mutation,3990,1,207989,115204096,0,115204096,60432368,209835,10000.910,0,0,0,1
mutation,3991,1,207991,115204096,0,115204096,60185792,208978,10000.891,0,0,0,1
mutation,3992,1,207993,115204096,0,115204096,60489968,210035,10000.950,0,0,0,1
mutation,3993,1,207995,115204096,0,115204096,60295280,209359,10000.929,0,0,0,1
mutation,3994,1,207997,115204096,0,115204096,59824640,207724,10000.914,0,0,0,1
mutation,3995,1,207999,115204096,0,115204096,59961200,208199,10000.938,0,0,0,1
mutation,3996,1,208001,115204096,0,115204096,60040112,208473,10000.901,0,0,0,1
mutation,3997,1,208003,115204096,0,115204096,59818928,207705,10000.921,0,0,0,1
mutation,3998,1,208005,115204096,0,115204096,60462896,209941,10000.928,0,0,0,1
mutation,3999,1,208007,115204096,0,115204096,60479600,209999,10000.908,0,0,0,1
recovery,0,0,208007,115204096,60479600,115204096,95947904,123153,10000.900,0,0,0,1
recovery,1,0,208007,115204096,95947904,115204096,115201280,66853,5438.752,0,1,0,1
summary,churn_every=1,mutation_iterations=4000,arrived_during_mutation=0,scheduled_mutations=4000,generation_resets=4000,recovery_iterations=2,recovery_required=1,recovered_same_cursor=1,deep_reached=1,deep_target=115204096
