phase,quantum,state,advised_kb,obs_drop_kb,quantum_ran,next_delay_ms,scan,cursor_generation,next_generation,topology_before,topology_after,free_before,free_after,topology_changed,validation_reset,target_rewound,target_in,target_out,validation_in,validation_out,visited_chunks,reached_end
churn,0,Trimming,4096,4096,1,0,1,206,206,206,206,70,70,0,0,0,0,4341760,0,4326464,9,0
churn,1,Trimming,4096,4096,1,0,1,222,222,222,222,78,78,1,1,0,4341760,8605696,0,8586432,11,0
churn,2,Trimming,4096,4096,1,0,1,238,238,238,238,86,86,1,1,0,8605696,12869632,0,12846400,13,0
churn,3,Trimming,4096,4096,1,0,1,254,254,254,254,94,94,1,1,0,12869632,17133568,0,17106368,15,0
churn,4,Trimming,4096,4096,1,0,1,270,270,270,270,102,102,1,1,0,17133568,21397504,0,21366336,17,0
churn,5,Trimming,4096,4096,1,0,1,286,286,286,286,110,110,1,1,0,21397504,25661440,0,25626304,19,0
churn,6,Trimming,4096,4096,1,0,1,302,302,302,302,118,118,1,1,0,25661440,29925376,0,29886272,21,0
churn,7,Trimming,4096,4096,1,0,1,318,318,318,318,126,126,1,1,0,29925376,34189312,0,34146240,23,0
churn,8,Trimming,4096,4096,1,0,1,334,334,334,334,134,134,1,1,0,34189312,38453248,0,38406208,25,0
churn,9,Trimming,4096,4096,1,0,1,350,350,350,350,142,142,1,1,0,38453248,42717184,0,42666176,27,0
churn,10,Trimming,4096,4096,1,0,1,366,366,366,366,150,150,1,1,0,42717184,46981120,0,46926144,29,0
churn,11,Trimming,4096,4096,1,0,1,382,382,382,382,158,158,1,1,0,46981120,51245056,0,51186112,31,0
churn,12,Trimming,4096,4096,1,0,1,398,398,398,398,166,166,1,1,0,51245056,55508992,0,55446080,33,0
churn,13,Trimming,4096,4096,1,0,1,414,414,414,414,174,174,1,1,0,55508992,59772928,0,59706048,35,0
churn,14,Trimming,4096,4096,1,0,1,430,430,430,430,182,182,1,1,0,59772928,64036864,0,63966016,37,0
churn,15,Trimming,4096,4096,1,0,1,446,446,446,446,190,190,1,1,0,64036864,68300800,0,68225984,39,0
churn,16,Trimming,4096,4096,1,0,1,462,462,462,462,198,198,1,1,0,68300800,72564736,0,72485952,41,0
churn,17,Trimming,4096,4096,1,0,1,478,478,478,478,206,206,1,1,0,72564736,76828672,0,76745920,43,0
churn,18,Trimming,4096,4096,1,0,1,494,494,494,494,214,214,1,1,0,76828672,81092608,0,81005888,45,0
churn,19,Trimming,4096,4096,1,0,1,510,510,510,510,222,222,1,1,0,81092608,85356544,0,85265856,47,0
churn,20,Trimming,4096,4096,1,0,1,526,526,526,526,230,230,1,1,0,85356544,89620480,0,89525824,49,0
churn,21,Trimming,4096,4096,1,0,1,542,542,542,542,238,238,1,1,0,89620480,93884416,0,93785792,51,0
churn,22,Trimming,4096,4096,1,0,1,558,558,558,558,246,246,1,1,0,93884416,98148352,0,98045760,53,0
churn,23,Trimming,4096,4096,1,0,1,574,574,574,574,254,254,1,1,0,98148352,102412288,0,102305728,55,0
churn,24,Trimming,4096,4096,1,0,1,590,590,590,590,262,262,1,1,0,102412288,106676224,0,106565696,57,0
churn,25,Trimming,4096,4096,1,0,1,606,606,606,606,270,270,1,1,0,106676224,110940160,0,110825664,59,0
churn,26,Trimming,4096,4096,1,0,1,622,622,622,622,278,278,1,1,0,110940160,115204096,0,115085632,61,0
churn,27,Trimming,4096,4096,1,0,1,638,638,638,638,286,286,1,1,0,115204096,119468032,0,119345600,63,0
churn,28,Trimming,4096,4096,1,0,1,654,654,654,654,294,294,1,1,0,119468032,123731968,0,123605568,65,0
churn,29,Trimming,4096,4096,1,0,1,670,670,670,670,302,302,1,1,0,123731968,127995904,0,127865536,67,0
churn,30,Trimming,4096,4096,1,0,1,686,686,686,686,310,310,1,1,0,127995904,132259840,0,132125504,69,0
churn,31,Trimming,4096,4096,1,0,1,702,702,702,702,318,318,1,1,0,132259840,136523776,0,136385472,71,0
churn,32,Trimming,4096,4096,1,0,1,718,718,718,718,326,326,1,1,0,136523776,140787712,0,140645440,73,0
churn,33,Trimming,4096,4096,1,0,1,734,734,734,734,334,334,1,1,0,140787712,145051648,0,144905408,75,0
churn,34,Trimming,4096,4096,1,0,1,750,750,750,750,342,342,1,1,0,145051648,149315584,0,149165376,77,0
churn,35,Trimming,4096,4096,1,0,1,766,766,766,766,350,350,1,1,0,149315584,153579520,0,153425344,79,0
churn,36,Trimming,4096,4096,1,0,1,782,782,782,782,358,358,1,1,0,153579520,157843456,0,157685312,81,0
churn,37,Trimming,4096,4096,1,0,1,798,798,798,798,366,366,1,1,0,157843456,162107392,0,161945280,83,0
churn,38,Trimming,4096,4096,1,0,1,814,814,814,814,374,374,1,1,0,162107392,166371328,0,166205248,85,0
churn,39,Trimming,4096,4096,1,0,1,830,830,830,830,382,382,1,1,0,166371328,170635264,0,170465216,87,0
churn,40,Trimming,4096,4096,1,0,1,846,846,846,846,390,390,1,1,0,170635264,174899200,0,174725184,89,0
churn,41,Trimming,4096,4096,1,0,1,862,862,862,862,398,398,1,1,0,174899200,179163136,0,178985152,91,0
churn,42,Trimming,4096,4096,1,0,1,878,878,878,878,406,406,1,1,0,179163136,183427072,0,183245120,93,0
churn,43,Trimming,4096,4096,1,0,1,894,894,894,894,414,414,1,1,0,183427072,187691008,0,187505088,95,0
churn,44,Trimming,4096,4096,1,0,1,910,910,910,910,422,422,1,1,0,187691008,191954944,0,191765056,97,0
churn,45,Trimming,4096,4096,1,0,1,926,926,926,926,430,430,1,1,0,191954944,196218880,0,196025024,99,0
churn,46,Trimming,4096,4096,1,0,1,942,942,942,942,438,438,1,1,0,196218880,200482816,0,200284992,101,0
churn,47,Trimming,4096,4096,1,0,1,958,958,958,958,446,446,1,1,0,200482816,204746752,0,204544960,103,0
churn,48,Trimming,4096,4096,1,0,1,974,974,974,974,454,454,1,1,0,204746752,209010688,0,208804928,105,0
churn,49,Trimming,4096,4096,1,0,1,990,990,990,990,462,462,1,1,0,209010688,213274624,0,213064896,107,0
churn,50,Trimming,4096,4096,1,0,1,1006,1006,1006,1006,470,470,1,1,0,213274624,217538560,0,217324864,109,0
churn,51,Trimming,4096,4096,1,0,1,1022,1022,1022,1022,478,478,1,1,0,217538560,221802496,0,221584832,111,0
churn,52,Trimming,4096,4096,1,0,1,1038,1038,1038,1038,486,486,1,1,0,221802496,226066432,0,225844800,113,0
churn,53,Trimming,4096,4096,1,0,1,1054,1054,1054,1054,494,494,1,1,0,226066432,230330368,0,230104768,115,0
churn,54,Trimming,4096,4096,1,0,1,1070,1070,1070,1070,502,502,1,1,0,230330368,234594304,0,234364736,117,0
churn,55,Trimming,4096,4096,1,0,1,1086,1086,1086,1086,510,510,1,1,0,234594304,238858240,0,238624704,119,0
churn,56,Trimming,4096,4096,1,0,1,1102,1102,1102,1102,518,518,1,1,0,238858240,243122176,0,242884672,121,0
churn,57,Trimming,4096,4096,1,0,1,1118,1118,1118,1118,526,526,1,1,0,243122176,247386112,0,247144640,123,0
churn,58,Trimming,4096,4096,1,0,1,1134,1134,1134,1134,534,534,1,1,0,247386112,251650048,0,251404608,125,0
churn,59,Trimming,4096,4096,1,0,1,1150,1150,1150,1150,542,542,1,1,0,251650048,255913984,0,255664576,127,0
churn,60,Trimming,4096,4096,1,0,1,1166,1166,1166,1166,550,550,1,1,0,255913984,260177920,0,259924544,129,0
churn,61,Trimming,4096,4096,1,0,1,1182,1182,1182,1182,558,558,1,1,0,260177920,264441856,0,264184512,131,0
churn,62,Trimming,4096,4096,1,0,1,1198,1198,1198,1198,566,566,1,1,0,264441856,268705792,0,268444480,133,0
churn,63,Trimming,4096,3844,1,0,1,1214,1214,1214,1214,574,574,1,1,0,268705792,272900096,0,268444480,133,0
churn,64,Trimming,4096,0,1,0,1,1230,1230,1230,1230,582,582,1,1,0,272900096,277094400,0,268444480,133,0
churn,65,Trimming,4096,0,1,0,1,1246,1246,1246,1246,590,590,1,1,0,277094400,281288704,0,268444480,133,0
churn,66,Trimming,4096,0,1,0,1,1262,1262,1262,1262,598,598,1,1,0,281288704,285483008,0,268444480,133,0
churn,67,Trimming,4096,0,1,0,1,1278,1278,1278,1278,606,606,1,1,0,285483008,289677312,0,268444480,133,0
churn,68,Trimming,4096,0,1,0,1,1294,1294,1294,1294,614,614,1,1,0,289677312,293871616,0,268444480,133,0
churn,69,Trimming,4096,0,1,0,1,1310,1310,1310,1310,622,622,1,1,0,293871616,298065920,0,268444480,133,0
churn,70,Trimming,4096,0,1,0,1,1326,1326,1326,1326,630,630,1,1,0,298065920,302260224,0,268444480,133,0
churn,71,Trimming,4096,0,1,0,1,1342,1342,1342,1342,638,638,1,1,0,302260224,306454528,0,268444480,133,0
churn,72,Trimming,4096,0,1,0,1,1358,1358,1358,1358,646,646,1,1,0,306454528,310648832,0,268444480,133,0
churn,73,Trimming,4096,0,1,0,1,1374,1374,1374,1374,654,654,1,1,0,310648832,314843136,0,268444480,133,0
churn,74,Trimming,4096,0,1,0,1,1390,1390,1390,1390,662,662,1,1,0,314843136,319037440,0,268444480,133,0
churn,75,Trimming,4096,0,1,0,1,1406,1406,1406,1406,670,670,1,1,0,319037440,323231744,0,268444480,133,0
churn,76,Trimming,4096,0,1,0,1,1422,1422,1422,1422,678,678,1,1,0,323231744,327426048,0,268444480,133,0
churn,77,Trimming,4096,0,1,0,1,1438,1438,1438,1438,686,686,1,1,0,327426048,331620352,0,268444480,133,0
churn,78,Trimming,4096,0,1,0,1,1454,1454,1454,1454,694,694,1,1,0,331620352,335814656,0,268444480,133,0
churn,79,Trimming,4096,0,1,0,1,1470,1470,1470,1470,702,702,1,1,0,335814656,340008960,0,268444480,133,0
churn,80,Trimming,4096,0,1,0,1,1486,1486,1486,1486,710,710,1,1,0,340008960,344203264,0,268444480,133,0
churn,81,Trimming,4096,0,1,0,1,1502,1502,1502,1502,718,718,1,1,0,344203264,348397568,0,268444480,133,0
churn,82,Trimming,4096,0,1,0,1,1518,1518,1518,1518,726,726,1,1,0,348397568,352591872,0,268444480,133,0
churn,83,Trimming,4096,0,1,0,1,1534,1534,1534,1534,734,734,1,1,0,352591872,356786176,0,268444480,133,0
churn,84,Trimming,4096,0,1,0,1,1550,1550,1550,1550,742,742,1,1,0,356786176,360980480,0,268444480,133,0
churn,85,Trimming,4096,0,1,0,1,1566,1566,1566,1566,750,750,1,1,0,360980480,365174784,0,268444480,133,0
churn,86,Trimming,4096,0,1,0,1,1582,1582,1582,1582,758,758,1,1,0,365174784,369369088,0,268444480,133,0
churn,87,Trimming,4096,0,1,0,1,1598,1598,1598,1598,766,766,1,1,0,369369088,373563392,0,268444480,133,0
churn,88,Trimming,4096,0,1,0,1,1614,1614,1614,1614,774,774,1,1,0,373563392,377757696,0,268444480,133,0
churn,89,Trimming,4096,0,1,0,1,1630,1630,1630,1630,782,782,1,1,0,377757696,381952000,0,268444480,133,0
churn,90,Trimming,4096,0,1,0,1,1646,1646,1646,1646,790,790,1,1,0,381952000,386146304,0,268444480,133,0
churn,91,Trimming,4096,0,1,0,1,1662,1662,1662,1662,798,798,1,1,0,386146304,390340608,0,268444480,133,0
churn,92,Trimming,4096,0,1,0,1,1678,1678,1678,1678,806,806,1,1,0,390340608,394534912,0,268444480,133,0
churn,93,Trimming,4096,0,1,0,1,1694,1694,1694,1694,814,814,1,1,0,394534912,398729216,0,268444480,133,0
churn,94,Trimming,4096,0,1,0,1,1710,1710,1710,1710,822,822,1,1,0,398729216,402923520,0,268444480,133,0
churn,95,Trimming,4096,0,1,0,1,1726,1726,1726,1726,830,830,1,1,0,402923520,407117824,0,268444480,133,0
churn,96,Trimming,4096,0,1,0,1,1742,1742,1742,1742,838,838,1,1,0,407117824,411312128,0,268444480,133,0
churn,97,Trimming,4096,0,1,0,1,1758,1758,1758,1758,846,846,1,1,0,411312128,415506432,0,268444480,133,0
churn,98,Trimming,4096,0,1,0,1,1774,1774,1774,1774,854,854,1,1,0,415506432,419700736,0,268444480,133,0
churn,99,Trimming,4096,0,1,0,1,1790,1790,1790,1790,862,862,1,1,0,419700736,423895040,0,268444480,133,0
churn,100,Trimming,4096,0,1,0,1,1806,1806,1806,1806,870,870,1,1,0,423895040,428089344,0,268444480,133,0
churn,101,Trimming,4096,0,1,0,1,1822,1822,1822,1822,878,878,1,1,0,428089344,432283648,0,268444480,133,0
churn,102,Trimming,4096,0,1,0,1,1838,1838,1838,1838,886,886,1,1,0,432283648,436477952,0,268444480,133,0
churn,103,Trimming,4096,0,1,0,1,1854,1854,1854,1854,894,894,1,1,0,436477952,440672256,0,268444480,133,0
churn,104,Trimming,4096,0,1,0,1,1870,1870,1870,1870,902,902,1,1,0,440672256,444866560,0,268444480,133,0
churn,105,Trimming,4096,0,1,0,1,1886,1886,1886,1886,910,910,1,1,0,444866560,449060864,0,268444480,133,0
churn,106,Trimming,4096,0,1,0,1,1902,1902,1902,1902,918,918,1,1,0,449060864,453255168,0,268444480,133,0
churn,107,Trimming,4096,0,1,0,1,1918,1918,1918,1918,926,926,1,1,0,453255168,457449472,0,268444480,133,0
churn,108,Trimming,4096,0,1,0,1,1934,1934,1934,1934,934,934,1,1,0,457449472,461643776,0,268444480,133,0
churn,109,Trimming,4096,0,1,0,1,1950,1950,1950,1950,942,942,1,1,0,461643776,465838080,0,268444480,133,0
churn,110,Trimming,4096,0,1,0,1,1966,1966,1966,1966,950,950,1,1,0,465838080,470032384,0,268444480,133,0
churn,111,Trimming,4096,0,1,0,1,1982,1982,1982,1982,958,958,1,1,0,470032384,474226688,0,268444480,133,0
churn,112,Trimming,4096,0,1,0,1,1998,1998,1998,1998,966,966,1,1,0,474226688,478420992,0,268444480,133,0
churn,113,Trimming,4096,0,1,0,1,2014,2014,2014,2014,974,974,1,1,0,478420992,482615296,0,268444480,133,0
churn,114,Trimming,4096,0,1,0,1,2030,2030,2030,2030,982,982,1,1,0,482615296,486809600,0,268444480,133,0
churn,115,Trimming,4096,0,1,0,1,2046,2046,2046,2046,990,990,1,1,0,486809600,491003904,0,268444480,133,0
churn,116,Trimming,4096,0,1,0,1,2062,2062,2062,2062,998,998,1,1,0,491003904,495198208,0,268444480,133,0
churn,117,Trimming,4096,0,1,0,1,2078,2078,2078,2078,1006,1006,1,1,0,495198208,499392512,0,268444480,133,0
churn,118,Trimming,4096,0,1,0,1,2094,2094,2094,2094,1014,1014,1,1,0,499392512,503586816,0,268444480,133,0
churn,119,Trimming,4096,0,1,0,1,2110,2110,2110,2110,1022,1022,1,1,0,503586816,507781120,0,268444480,133,0
churn,120,Trimming,4096,0,1,0,1,2126,2126,2126,2126,1030,1030,1,1,0,507781120,511975424,0,268444480,133,0
churn,121,Trimming,4096,0,1,0,1,2142,2142,2142,2142,1038,1038,1,1,0,511975424,516169728,0,268444480,133,0
churn,122,Trimming,4096,0,1,0,1,2158,2158,2158,2158,1046,1046,1,1,0,516169728,520364032,0,268444480,133,0
churn,123,Trimming,4096,0,1,0,1,2174,2174,2174,2174,1054,1054,1,1,0,520364032,524558336,0,268444480,133,0
churn,124,Trimming,4096,0,1,0,1,2190,2190,2190,2190,1062,1062,1,1,0,524558336,528752640,0,268444480,133,0
churn,125,Trimming,4096,0,1,0,1,2206,2206,2206,2206,1070,1070,1,1,0,528752640,532946944,0,268444480,133,0
churn,126,Trimming,4096,0,1,0,1,2222,2222,2222,2222,1078,1078,1,1,0,532946944,537141248,0,268444480,133,0
churn,127,Trimming,4096,0,1,0,1,2238,2238,2238,2238,1086,1086,1,1,0,537141248,541335552,0,268444480,133,0
churn,128,Trimming,4096,0,1,0,1,2254,2254,2254,2254,1094,1094,1,1,0,541335552,545529856,0,268444480,133,0
churn,129,Trimming,4096,0,1,0,1,2270,2270,2270,2270,1102,1102,1,1,0,545529856,549724160,0,268444480,133,0
churn,130,Trimming,4096,0,1,0,1,2286,2286,2286,2286,1110,1110,1,1,0,549724160,553918464,0,268444480,133,0
churn,131,Trimming,4096,0,1,0,1,2302,2302,2302,2302,1118,1118,1,1,0,553918464,558112768,0,268444480,133,0
churn,132,Trimming,4096,0,1,0,1,2318,2318,2318,2318,1126,1126,1,1,0,558112768,562307072,0,268444480,133,0
churn,133,Trimming,4096,0,1,0,1,2334,2334,2334,2334,1134,1134,1,1,0,562307072,566501376,0,268444480,133,0
churn,134,Trimming,4096,0,1,0,1,2350,2350,2350,2350,1142,1142,1,1,0,566501376,570695680,0,268444480,133,0
churn,135,Trimming,4096,0,1,0,1,2366,2366,2366,2366,1150,1150,1,1,0,570695680,574889984,0,268444480,133,0
churn,136,Trimming,4096,0,1,0,1,2382,2382,2382,2382,1158,1158,1,1,0,574889984,579084288,0,268444480,133,0
churn,137,Trimming,4096,0,1,0,1,2398,2398,2398,2398,1166,1166,1,1,0,579084288,583278592,0,268444480,133,0
churn,138,Trimming,4096,0,1,0,1,2414,2414,2414,2414,1174,1174,1,1,0,583278592,587472896,0,268444480,133,0
churn,139,Trimming,4096,0,1,0,1,2430,2430,2430,2430,1182,1182,1,1,0,587472896,591667200,0,268444480,133,0
churn,140,Trimming,4096,0,1,0,1,2446,2446,2446,2446,1190,1190,1,1,0,591667200,595861504,0,268444480,133,0
churn,141,Trimming,4096,0,1,0,1,2462,2462,2462,2462,1198,1198,1,1,0,595861504,600055808,0,268444480,133,0
churn,142,Trimming,4096,0,1,0,1,2478,2478,2478,2478,1206,1206,1,1,0,600055808,604250112,0,268444480,133,0
churn,143,Trimming,4096,0,1,0,1,2494,2494,2494,2494,1214,1214,1,1,0,604250112,608444416,0,268444480,133,0
churn,144,Trimming,3828,0,1,0,1,2510,2510,2510,2510,1222,1222,1,1,0,608444416,612368304,0,612368304,133,1
churn,145,Trimming,4096,16,1,0,1,2526,2526,2526,2526,1230,1230,1,1,1,0,4333568,0,4326464,5,0
churn,146,Trimming,4096,16,1,0,1,2542,2542,2542,2542,1238,1238,1,1,0,4333568,8597504,0,8586432,7,0
churn,147,Trimming,4096,16,1,0,1,2558,2558,2558,2558,1246,1246,1,1,0,8597504,12861440,0,12846400,9,0
churn,148,Trimming,4096,12,1,0,1,2574,2574,2574,2574,1254,1254,1,1,0,12861440,17125376,0,17106368,11,0
churn,149,Trimming,4096,12,1,0,1,2590,2590,2590,2590,1262,1262,1,1,0,17125376,21389312,0,21366336,13,0
churn,150,Trimming,4096,12,1,0,1,2606,2606,2606,2606,1270,1270,1,1,0,21389312,25653248,0,25626304,15,0
churn,151,Trimming,4096,12,1,0,1,2622,2622,2622,2622,1278,1278,1,1,0,25653248,29917184,0,29886272,17,0
churn,152,Trimming,4096,12,1,0,1,2638,2638,2638,2638,1286,1286,1,1,0,29917184,34181120,0,34146240,19,0
churn,153,Trimming,4096,12,1,0,1,2654,2654,2654,2654,1294,1294,1,1,0,34181120,38445056,0,38406208,21,0
churn,154,Trimming,4096,12,1,0,1,2670,2670,2670,2670,1302,1302,1,1,0,38445056,42708992,0,42666176,23,0
churn,155,Trimming,4096,12,1,0,1,2686,2686,2686,2686,1310,1310,1,1,0,42708992,46972928,0,46926144,25,0
churn,156,Trimming,4096,12,1,0,1,2702,2702,2702,2702,1318,1318,1,1,0,46972928,51236864,0,51186112,27,0
churn,157,Trimming,4096,12,1,0,1,2718,2718,2718,2718,1326,1326,1,1,0,51236864,55500800,0,55446080,29,0
churn,158,Trimming,4096,12,1,0,1,2734,2734,2734,2734,1334,1334,1,1,0,55500800,59764736,0,59706048,31,0
churn,159,Trimming,4096,12,1,0,1,2750,2750,2750,2750,1342,1342,1,1,0,59764736,64028672,0,63966016,33,0
churn,160,Trimming,4096,12,1,0,1,2766,2766,2766,2766,1350,1350,1,1,0,64028672,68292608,0,68225984,35,0
churn,161,Trimming,4096,12,1,0,1,2782,2782,2782,2782,1358,1358,1,1,0,68292608,72556544,0,72485952,37,0
churn,162,Trimming,4096,12,1,0,1,2798,2798,2798,2798,1366,1366,1,1,0,72556544,76820480,0,76745920,39,0
churn,163,Trimming,4096,12,1,0,1,2814,2814,2814,2814,1374,1374,1,1,0,76820480,81084416,0,81005888,41,0
churn,164,Trimming,4096,12,1,0,1,2830,2830,2830,2830,1382,1382,1,1,0,81084416,85348352,0,85265856,43,0
churn,165,Trimming,4096,12,1,0,1,2846,2846,2846,2846,1390,1390,1,1,0,85348352,89612288,0,89525824,45,0
churn,166,Trimming,4096,12,1,0,1,2862,2862,2862,2862,1398,1398,1,1,0,89612288,93876224,0,93785792,47,0
churn,167,Trimming,4096,16,1,0,1,2878,2878,2878,2878,1406,1406,1,1,0,93876224,98140160,0,98045760,49,0
churn,168,Trimming,4096,16,1,0,1,2894,2894,2894,2894,1414,1414,1,1,0,98140160,102404096,0,102305728,51,0
churn,169,Trimming,4096,12,1,0,1,2910,2910,2910,2910,1422,1422,1,1,0,102404096,106668032,0,106565696,53,0
churn,170,Trimming,4096,12,1,0,1,2926,2926,2926,2926,1430,1430,1,1,0,106668032,110931968,0,110825664,55,0
churn,171,Trimming,4096,12,1,0,1,2942,2942,2942,2942,1438,1438,1,1,0,110931968,115195904,0,115085632,57,0
churn,172,Trimming,4096,12,1,0,1,2958,2958,2958,2958,1446,1446,1,1,0,115195904,119459840,0,119345600,59,0
churn,173,Trimming,4096,12,1,0,1,2974,2974,2974,2974,1454,1454,1,1,0,119459840,123723776,0,123605568,61,0
churn,174,Trimming,4096,12,1,0,1,2990,2990,2990,2990,1462,1462,1,1,0,123723776,127987712,0,127865536,63,0
churn,175,Trimming,4096,12,1,0,1,3006,3006,3006,3006,1470,1470,1,1,0,127987712,132251648,0,132125504,65,0
churn,176,Trimming,4096,12,1,0,1,3022,3022,3022,3022,1478,1478,1,1,0,132251648,136515584,0,136385472,67,0
churn,177,Trimming,4096,12,1,0,1,3038,3038,3038,3038,1486,1486,1,1,0,136515584,140779520,0,140645440,69,0
churn,178,Trimming,4096,12,1,0,1,3054,3054,3054,3054,1494,1494,1,1,0,140779520,145043456,0,144905408,71,0
churn,179,Trimming,4096,12,1,0,1,3070,3070,3070,3070,1502,1502,1,1,0,145043456,149307392,0,149165376,73,0
churn,180,Trimming,4096,12,1,0,1,3086,3086,3086,3086,1510,1510,1,1,0,149307392,153571328,0,153425344,75,0
churn,181,Trimming,4096,12,1,0,1,3102,3102,3102,3102,1518,1518,1,1,0,153571328,157835264,0,157685312,77,0
churn,182,Trimming,4096,12,1,0,1,3118,3118,3118,3118,1526,1526,1,1,0,157835264,162099200,0,161945280,79,0
churn,183,Trimming,4096,12,1,0,1,3134,3134,3134,3134,1534,1534,1,1,0,162099200,166363136,0,166205248,81,0
churn,184,Trimming,4096,12,1,0,1,3150,3150,3150,3150,1542,1542,1,1,0,166363136,170627072,0,170465216,83,0
churn,185,Trimming,4096,12,1,0,1,3166,3166,3166,3166,1550,1550,1,1,0,170627072,174891008,0,174725184,85,0
churn,186,Trimming,4096,12,1,0,1,3182,3182,3182,3182,1558,1558,1,1,0,174891008,179154944,0,178985152,87,0
churn,187,Trimming,4096,12,1,0,1,3198,3198,3198,3198,1566,1566,1,1,0,179154944,183418880,0,183245120,89,0
churn,188,Trimming,4096,12,1,0,1,3214,3214,3214,3214,1574,1574,1,1,0,183418880,187682816,0,187505088,91,0
churn,189,Trimming,4096,12,1,0,1,3230,3230,3230,3230,1582,1582,1,1,0,187682816,191946752,0,191765056,97,0
churn,190,Trimming,4096,12,1,0,1,3246,3246,3246,3246,1590,1590,1,1,0,191946752,196210688,0,196025024,99,0
churn,191,Trimming,4096,12,1,0,1,3262,3262,3262,3262,1598,1598,1,1,0,196210688,200474624,0,200284992,101,0
churn,192,Trimming,4096,12,1,0,1,3278,3278,3278,3278,1606,1606,1,1,0,200474624,204738560,0,204544960,103,0
churn,193,Trimming,4096,12,1,0,1,3294,3294,3294,3294,1614,1614,1,1,0,204738560,209002496,0,208804928,105,0
churn,194,Trimming,4096,12,1,0,1,3310,3310,3310,3310,1622,1622,1,1,0,209002496,213266432,0,213064896,107,0
churn,195,Trimming,4096,12,1,0,1,3326,3326,3326,3326,1630,1630,1,1,0,213266432,217530368,0,217324864,109,0
churn,196,Trimming,4096,12,1,0,1,3342,3342,3342,3342,1638,1638,1,1,0,217530368,221794304,0,221584832,111,0
churn,197,Trimming,4096,12,1,0,1,3358,3358,3358,3358,1646,1646,1,1,0,221794304,226058240,0,225844800,113,0
churn,198,Trimming,4096,12,1,0,1,3374,3374,3374,3374,1654,1654,1,1,0,226058240,230322176,0,230104768,115,0
churn,199,Trimming,4096,16,1,0,1,3390,3390,3390,3390,1662,1662,1,1,0,230322176,234586112,0,234364736,117,0
churn,200,Trimming,4096,16,1,0,1,3406,3406,3406,3406,1670,1670,1,1,0,234586112,238850048,0,238624704,119,0
churn,201,Trimming,4096,12,1,0,1,3422,3422,3422,3422,1678,1678,1,1,0,238850048,243113984,0,242884672,121,0
churn,202,Trimming,4096,12,1,0,1,3438,3438,3438,3438,1686,1686,1,1,0,243113984,247377920,0,247144640,123,0
churn,203,Trimming,4096,12,1,0,1,3454,3454,3454,3454,1694,1694,1,1,0,247377920,251641856,0,251404608,125,0
churn,204,Trimming,4096,12,1,0,1,3470,3470,3470,3470,1702,1702,1,1,0,251641856,255905792,0,255664576,127,0
churn,205,Trimming,4096,12,1,0,1,3486,3486,3486,3486,1710,1710,1,1,0,255905792,260169728,0,259924544,129,0
churn,206,Trimming,4096,12,1,0,1,3502,3502,3502,3502,1718,1718,1,1,0,260169728,264433664,0,264184512,131,0
churn,207,Trimming,4096,0,1,0,1,3518,3518,3518,3518,1726,1726,1,1,0,264433664,268697600,0,268444480,133,0
churn,208,Trimming,4096,0,1,0,1,3534,3534,3534,3534,1734,1734,1,1,0,268697600,272891904,0,268444480,133,0
churn,209,Trimming,4096,0,1,0,1,3550,3550,3550,3550,1742,1742,1,1,0,272891904,277086208,0,268444480,133,0
churn,210,Trimming,4096,0,1,0,1,3566,3566,3566,3566,1750,1750,1,1,0,277086208,281280512,0,268444480,133,0
churn,211,Trimming,4096,0,1,0,1,3582,3582,3582,3582,1758,1758,1,1,0,281280512,285474816,0,268444480,133,0
churn,212,Trimming,4096,0,1,0,1,3598,3598,3598,3598,1766,1766,1,1,0,285474816,289669120,0,268444480,133,0
churn,213,Trimming,4096,0,1,0,1,3614,3614,3614,3614,1774,1774,1,1,0,289669120,293863424,0,268444480,133,0
churn,214,Trimming,4096,0,1,0,1,3630,3630,3630,3630,1782,1782,1,1,0,293863424,298057728,0,268444480,133,0
churn,215,Trimming,4096,0,1,0,1,3646,3646,3646,3646,1790,1790,1,1,0,298057728,302252032,0,268444480,133,0
churn,216,Trimming,4096,0,1,0,1,3662,3662,3662,3662,1798,1798,1,1,0,302252032,306446336,0,268444480,133,0
churn,217,Trimming,4096,0,1,0,1,3678,3678,3678,3678,1806,1806,1,1,0,306446336,310640640,0,268444480,133,0
churn,218,Trimming,4096,0,1,0,1,3694,3694,3694,3694,1814,1814,1,1,0,310640640,314834944,0,268444480,133,0
churn,219,Trimming,4096,0,1,0,1,3710,3710,3710,3710,1822,1822,1,1,0,314834944,319029248,0,268444480,133,0
churn,220,Trimming,4096,0,1,0,1,3726,3726,3726,3726,1830,1830,1,1,0,319029248,323223552,0,268444480,133,0
churn,221,Trimming,4096,0,1,0,1,3742,3742,3742,3742,1838,1838,1,1,0,323223552,327417856,0,268444480,133,0
churn,222,Trimming,4096,0,1,0,1,3758,3758,3758,3758,1846,1846,1,1,0,327417856,331612160,0,268444480,133,0
churn,223,Trimming,4096,0,1,0,1,3774,3774,3774,3774,1854,1854,1,1,0,331612160,335806464,0,268444480,133,0
churn,224,Trimming,4096,0,1,0,1,3790,3790,3790,3790,1862,1862,1,1,0,335806464,340000768,0,268444480,133,0
churn,225,Trimming,4096,0,1,0,1,3806,3806,3806,3806,1870,1870,1,1,0,340000768,344195072,0,268444480,133,0
churn,226,Trimming,4096,0,1,0,1,3822,3822,3822,3822,1878,1878,1,1,0,344195072,348389376,0,268444480,133,0
churn,227,Trimming,4096,0,1,0,1,3838,3838,3838,3838,1886,1886,1,1,0,348389376,352583680,0,268444480,133,0
churn,228,Trimming,4096,0,1,0,1,3854,3854,3854,3854,1894,1894,1,1,0,352583680,356777984,0,268444480,133,0
churn,229,Trimming,4096,0,1,0,1,3870,3870,3870,3870,1902,1902,1,1,0,356777984,360972288,0,268444480,133,0
churn,230,Trimming,4096,0,1,0,1,3886,3886,3886,3886,1910,1910,1,1,0,360972288,365166592,0,268444480,133,0
churn,231,Trimming,4096,0,1,0,1,3902,3902,3902,3902,1918,1918,1,1,0,365166592,369360896,0,268444480,133,0
churn,232,Trimming,4096,0,1,0,1,3918,3918,3918,3918,1926,1926,1,1,0,369360896,373555200,0,268444480,133,0
churn,233,Trimming,4096,0,1,0,1,3934,3934,3934,3934,1934,1934,1,1,0,373555200,377749504,0,268444480,133,0
churn,234,Trimming,4096,0,1,0,1,3950,3950,3950,3950,1942,1942,1,1,0,377749504,381943808,0,268444480,133,0
churn,235,Trimming,4096,0,1,0,1,3966,3966,3966,3966,1950,1950,1,1,0,381943808,386138112,0,268444480,133,0
churn,236,Trimming,4096,0,1,0,1,3982,3982,3982,3982,1958,1958,1,1,0,386138112,390332416,0,268444480,133,0
churn,237,Trimming,4096,0,1,0,1,3998,3998,3998,3998,1966,1966,1,1,0,390332416,394526720,0,268444480,133,0
churn,238,Trimming,4096,0,1,0,1,4014,4014,4014,4014,1974,1974,1,1,0,394526720,398721024,0,268444480,133,0
churn,239,Trimming,4096,0,1,0,1,4030,4030,4030,4030,1982,1982,1,1,0,398721024,402915328,0,268444480,133,0
churn,240,Trimming,4096,0,1,0,1,4046,4046,4046,4046,1990,1990,1,1,0,402915328,407109632,0,268444480,133,0
churn,241,Trimming,4096,0,1,0,1,4062,4062,4062,4062,1998,1998,1,1,0,407109632,411303936,0,268444480,133,0
churn,242,Trimming,4096,0,1,0,1,4078,4078,4078,4078,2006,2006,1,1,0,411303936,415498240,0,268444480,133,0
churn,243,Trimming,4096,0,1,0,1,4094,4094,4094,4094,2014,2014,1,1,0,415498240,419692544,0,268444480,133,0
churn,244,Trimming,4096,0,1,0,1,4110,4110,4110,4110,2022,2022,1,1,0,419692544,423886848,0,268444480,133,0
churn,245,Trimming,4096,0,1,0,1,4126,4126,4126,4126,2030,2030,1,1,0,423886848,428081152,0,268444480,133,0
churn,246,Trimming,4096,0,1,0,1,4142,4142,4142,4142,2038,2038,1,1,0,428081152,432275456,0,268444480,133,0
churn,247,Trimming,4096,0,1,0,1,4158,4158,4158,4158,2046,2046,1,1,0,432275456,436469760,0,268444480,133,0
churn,248,Trimming,4096,0,1,0,1,4174,4174,4174,4174,2054,2054,1,1,0,436469760,440664064,0,268444480,133,0
churn,249,Trimming,4096,0,1,0,1,4190,4190,4190,4190,2062,2062,1,1,0,440664064,444858368,0,268444480,133,0
churn,250,Trimming,4096,0,1,0,1,4206,4206,4206,4206,2070,2070,1,1,0,444858368,449052672,0,268444480,133,0
churn,251,Trimming,4096,0,1,0,1,4222,4222,4222,4222,2078,2078,1,1,0,449052672,453246976,0,268444480,133,0
churn,252,Trimming,4096,0,1,0,1,4238,4238,4238,4238,2086,2086,1,1,0,453246976,457441280,0,268444480,133,0
churn,253,Trimming,4096,0,1,0,1,4254,4254,4254,4254,2094,2094,1,1,0,457441280,461635584,0,268444480,133,0
churn,254,Trimming,4096,0,1,0,1,4270,4270,4270,4270,2102,2102,1,1,0,461635584,465829888,0,268444480,133,0
churn,255,Trimming,4096,0,1,0,1,4286,4286,4286,4286,2110,2110,1,1,0,465829888,470024192,0,268444480,133,0
churn,256,Trimming,4096,0,1,0,1,4302,4302,4302,4302,2118,2118,1,1,0,470024192,474218496,0,268444480,133,0
churn,257,Trimming,4096,0,1,0,1,4318,4318,4318,4318,2126,2126,1,1,0,474218496,478412800,0,268444480,133,0
churn,258,Trimming,4096,0,1,0,1,4334,4334,4334,4334,2134,2134,1,1,0,478412800,482607104,0,268444480,133,0
churn,259,Trimming,4096,0,1,0,1,4350,4350,4350,4350,2142,2142,1,1,0,482607104,486801408,0,268444480,133,0
churn,260,Trimming,4096,0,1,0,1,4366,4366,4366,4366,2150,2150,1,1,0,486801408,490995712,0,268444480,133,0
churn,261,Trimming,4096,0,1,0,1,4382,4382,4382,4382,2158,2158,1,1,0,490995712,495190016,0,268444480,133,0
churn,262,Trimming,4096,0,1,0,1,4398,4398,4398,4398,2166,2166,1,1,0,495190016,499384320,0,268444480,133,0
churn,263,Trimming,4096,0,1,0,1,4414,4414,4414,4414,2174,2174,1,1,0,499384320,503578624,0,268444480,133,0
churn,264,Trimming,4096,0,1,0,1,4430,4430,4430,4430,2182,2182,1,1,0,503578624,507772928,0,268444480,133,0
churn,265,Trimming,4096,0,1,0,1,4446,4446,4446,4446,2190,2190,1,1,0,507772928,511967232,0,268444480,133,0
churn,266,Trimming,4096,0,1,0,1,4462,4462,4462,4462,2198,2198,1,1,0,511967232,516161536,0,268444480,133,0
churn,267,Trimming,4096,0,1,0,1,4478,4478,4478,4478,2206,2206,1,1,0,516161536,520355840,0,268444480,133,0
churn,268,Trimming,4096,0,1,0,1,4494,4494,4494,4494,2214,2214,1,1,0,520355840,524550144,0,268444480,133,0
churn,269,Trimming,4096,0,1,0,1,4510,4510,4510,4510,2222,2222,1,1,0,524550144,528744448,0,268444480,133,0
churn,270,Trimming,4096,0,1,0,1,4526,4526,4526,4526,2230,2230,1,1,0,528744448,532938752,0,268444480,133,0
churn,271,Trimming,4096,0,1,0,1,4542,4542,4542,4542,2238,2238,1,1,0,532938752,537133056,0,268444480,133,0
churn,272,Trimming,4096,0,1,0,1,4558,4558,4558,4558,2246,2246,1,1,0,537133056,541327360,0,268444480,133,0
churn,273,Trimming,4096,0,1,0,1,4574,4574,4574,4574,2254,2254,1,1,0,541327360,545521664,0,268444480,133,0
churn,274,Trimming,4096,0,1,0,1,4590,4590,4590,4590,2262,2262,1,1,0,545521664,549715968,0,268444480,133,0
churn,275,Trimming,4096,0,1,0,1,4606,4606,4606,4606,2270,2270,1,1,0,549715968,553910272,0,268444480,133,0
churn,276,Trimming,4096,0,1,0,1,4622,4622,4622,4622,2278,2278,1,1,0,553910272,558104576,0,268444480,133,0
churn,277,Trimming,4096,0,1,0,1,4638,4638,4638,4638,2286,2286,1,1,0,558104576,562298880,0,268444480,133,0
churn,278,Trimming,4096,0,1,0,1,4654,4654,4654,4654,2294,2294,1,1,0,562298880,566493184,0,268444480,133,0
churn,279,Trimming,4096,0,1,0,1,4670,4670,4670,4670,2302,2302,1,1,0,566493184,570687488,0,268444480,133,0
churn,280,Trimming,4096,0,1,0,1,4686,4686,4686,4686,2310,2310,1,1,0,570687488,574881792,0,268444480,133,0
churn,281,Trimming,4096,0,1,0,1,4702,4702,4702,4702,2318,2318,1,1,0,574881792,579076096,0,268444480,133,0
churn,282,Trimming,4096,0,1,0,1,4718,4718,4718,4718,2326,2326,1,1,0,579076096,583270400,0,268444480,133,0
churn,283,Trimming,4096,0,1,0,1,4734,4734,4734,4734,2334,2334,1,1,0,583270400,587464704,0,268444480,133,0
churn,284,Trimming,4096,0,1,0,1,4750,4750,4750,4750,2342,2342,1,1,0,587464704,591659008,0,268444480,133,0
churn,285,Trimming,4096,0,1,0,1,4766,4766,4766,4766,2350,2350,1,1,0,591659008,595853312,0,268444480,133,0
churn,286,Trimming,4096,0,1,0,1,4782,4782,4782,4782,2358,2358,1,1,0,595853312,600047616,0,268444480,133,0
churn,287,Trimming,4096,0,1,0,1,4798,4798,4798,4798,2366,2366,1,1,0,600047616,604241920,0,268444480,133,0
churn,288,Trimming,4096,0,1,0,1,4814,4814,4814,4814,2374,2374,1,1,0,604241920,608436224,0,268444480,133,0
churn,289,Trimming,3836,0,1,0,1,4830,4830,4830,4830,2382,2382,1,1,0,608436224,612368304,0,612368304,133,1
churn,290,Trimming,4096,16,1,0,1,4846,4846,4846,4846,2390,2390,1,1,1,0,4333568,0,4326464,5,0
churn,291,Trimming,4096,16,1,0,1,4862,4862,4862,4862,2398,2398,1,1,0,4333568,8597504,0,8586432,7,0
churn,292,Trimming,4096,16,1,0,1,4878,4878,4878,4878,2406,2406,1,1,0,8597504,12861440,0,12846400,9,0
churn,293,Trimming,4096,12,1,0,1,4894,4894,4894,4894,2414,2414,1,1,0,12861440,17125376,0,17106368,11,0
churn,294,Trimming,4096,12,1,0,1,4910,4910,4910,4910,2422,2422,1,1,0,17125376,21389312,0,21366336,13,0
churn,295,Trimming,4096,12,1,0,1,4926,4926,4926,4926,2430,2430,1,1,0,21389312,25653248,0,25626304,15,0
churn,296,Trimming,4096,12,1,0,1,4942,4942,4942,4942,2438,2438,1,1,0,25653248,29917184,0,29886272,17,0
churn,297,Trimming,4096,12,1,0,1,4958,4958,4958,4958,2446,2446,1,1,0,29917184,34181120,0,34146240,19,0
churn,298,Trimming,4096,12,1,0,1,4974,4974,4974,4974,2454,2454,1,1,0,34181120,38445056,0,38406208,21,0
churn,299,Trimming,4096,12,1,0,1,4990,4990,4990,4990,2462,2462,1,1,0,38445056,42708992,0,42666176,23,0
churn,300,Trimming,4096,12,1,0,1,5006,5006,5006,5006,2470,2470,1,1,0,42708992,46972928,0,46926144,25,0
churn,301,Trimming,4096,12,1,0,1,5022,5022,5022,5022,2478,2478,1,1,0,46972928,51236864,0,51186112,27,0
churn,302,Trimming,4096,12,1,0,1,5038,5038,5038,5038,2486,2486,1,1,0,51236864,55500800,0,55446080,29,0
churn,303,Trimming,4096,12,1,0,1,5054,5054,5054,5054,2494,2494,1,1,0,55500800,59764736,0,59706048,31,0
churn,304,Trimming,4096,12,1,0,1,5070,5070,5070,5070,2502,2502,1,1,0,59764736,64028672,0,63966016,33,0
churn,305,Trimming,4096,12,1,0,1,5086,5086,5086,5086,2510,2510,1,1,0,64028672,68292608,0,68225984,35,0
churn,306,Trimming,4096,12,1,0,1,5102,5102,5102,5102,2518,2518,1,1,0,68292608,72556544,0,72485952,37,0
churn,307,Trimming,4096,12,1,0,1,5118,5118,5118,5118,2526,2526,1,1,0,72556544,76820480,0,76745920,39,0
churn,308,Trimming,4096,12,1,0,1,5134,5134,5134,5134,2534,2534,1,1,0,76820480,81084416,0,81005888,41,0
churn,309,Trimming,4096,12,1,0,1,5150,5150,5150,5150,2542,2542,1,1,0,81084416,85348352,0,85265856,43,0
churn,310,Trimming,4096,12,1,0,1,5166,5166,5166,5166,2550,2550,1,1,0,85348352,89612288,0,89525824,45,0
churn,311,Trimming,4096,12,1,0,1,5182,5182,5182,5182,2558,2558,1,1,0,89612288,93876224,0,93785792,47,0
churn,312,Trimming,4096,16,1,0,1,5198,5198,5198,5198,2566,2566,1,1,0,93876224,98140160,0,98045760,49,0
churn,313,Trimming,4096,16,1,0,1,5214,5214,5214,5214,2574,2574,1,1,0,98140160,102404096,0,102305728,51,0
churn,314,Trimming,4096,12,1,0,1,5230,5230,5230,5230,2582,2582,1,1,0,102404096,106668032,0,106565696,53,0
churn,315,Trimming,4096,12,1,0,1,5246,5246,5246,5246,2590,2590,1,1,0,106668032,110931968,0,110825664,59,0
churn,316,Trimming,4096,12,1,0,1,5262,5262,5262,5262,2598,2598,1,1,0,110931968,115195904,0,115085632,61,0
churn,317,Trimming,4096,12,1,0,1,5278,5278,5278,5278,2606,2606,1,1,0,115195904,119459840,0,119345600,63,0
churn,318,Trimming,4096,12,1,0,1,5294,5294,5294,5294,2614,2614,1,1,0,119459840,123723776,0,123605568,65,0
churn,319,Trimming,4096,12,1,0,1,5310,5310,5310,5310,2622,2622,1,1,0,123723776,127987712,0,127865536,67,0
churn,320,Trimming,4096,12,1,0,1,5326,5326,5326,5326,2630,2630,1,1,0,127987712,132251648,0,132125504,69,0
churn,321,Trimming,4096,12,1,0,1,5342,5342,5342,5342,2638,2638,1,1,0,132251648,136515584,0,136385472,71,0
churn,322,Trimming,4096,12,1,0,1,5358,5358,5358,5358,2646,2646,1,1,0,136515584,140779520,0,140645440,73,0
churn,323,Trimming,4096,12,1,0,1,5374,5374,5374,5374,2654,2654,1,1,0,140779520,145043456,0,144905408,75,0
churn,324,Trimming,4096,12,1,0,1,5390,5390,5390,5390,2662,2662,1,1,0,145043456,149307392,0,149165376,77,0
churn,325,Trimming,4096,12,1,0,1,5406,5406,5406,5406,2670,2670,1,1,0,149307392,153571328,0,153425344,79,0
churn,326,Trimming,4096,12,1,0,1,5422,5422,5422,5422,2678,2678,1,1,0,153571328,157835264,0,157685312,81,0
churn,327,Trimming,4096,12,1,0,1,5438,5438,5438,5438,2686,2686,1,1,0,157835264,162099200,0,161945280,83,0
churn,328,Trimming,4096,12,1,0,1,5454,5454,5454,5454,2694,2694,1,1,0,162099200,166363136,0,166205248,85,0
churn,329,Trimming,4096,12,1,0,1,5470,5470,5470,5470,2702,2702,1,1,0,166363136,170627072,0,170465216,87,0
churn,330,Trimming,4096,12,1,0,1,5486,5486,5486,5486,2710,2710,1,1,0,170627072,174891008,0,174725184,89,0
churn,331,Trimming,4096,12,1,0,1,5502,5502,5502,5502,2718,2718,1,1,0,174891008,179154944,0,178985152,91,0
churn,332,Trimming,4096,12,1,0,1,5518,5518,5518,5518,2726,2726,1,1,0,179154944,183418880,0,183245120,93,0
churn,333,Trimming,4096,12,1,0,1,5534,5534,5534,5534,2734,2734,1,1,0,183418880,187682816,0,187505088,95,0
churn,334,Trimming,4096,12,1,0,1,5550,5550,5550,5550,2742,2742,1,1,0,187682816,191946752,0,191765056,97,0
churn,335,Trimming,4096,12,1,0,1,5566,5566,5566,5566,2750,2750,1,1,0,191946752,196210688,0,196025024,99,0
churn,336,Trimming,4096,12,1,0,1,5582,5582,5582,5582,2758,2758,1,1,0,196210688,200474624,0,200284992,101,0
churn,337,Trimming,4096,12,1,0,1,5598,5598,5598,5598,2766,2766,1,1,0,200474624,204738560,0,204544960,103,0
churn,338,Trimming,4096,12,1,0,1,5614,5614,5614,5614,2774,2774,1,1,0,204738560,209002496,0,208804928,105,0
churn,339,Trimming,4096,12,1,0,1,5630,5630,5630,5630,2782,2782,1,1,0,209002496,213266432,0,213064896,107,0
churn,340,Trimming,4096,12,1,0,1,5646,5646,5646,5646,2790,2790,1,1,0,213266432,217530368,0,217324864,109,0
churn,341,Trimming,4096,12,1,0,1,5662,5662,5662,5662,2798,2798,1,1,0,217530368,221794304,0,221584832,111,0
churn,342,Trimming,4096,12,1,0,1,5678,5678,5678,5678,2806,2806,1,1,0,221794304,226058240,0,225844800,113,0
churn,343,Trimming,4096,12,1,0,1,5694,5694,5694,5694,2814,2814,1,1,0,226058240,230322176,0,230104768,115,0
churn,344,Trimming,4096,16,1,0,1,5710,5710,5710,5710,2822,2822,1,1,0,230322176,234586112,0,234364736,117,0
churn,345,Trimming,4096,16,1,0,1,5726,5726,5726,5726,2830,2830,1,1,0,234586112,238850048,0,238624704,119,0
churn,346,Trimming,4096,12,1,0,1,5742,5742,5742,5742,2838,2838,1,1,0,238850048,243113984,0,242884672,121,0
churn,347,Trimming,4096,12,1,0,1,5758,5758,5758,5758,2846,2846,1,1,0,243113984,247377920,0,247144640,123,0
churn,348,Trimming,4096,12,1,0,1,5774,5774,5774,5774,2854,2854,1,1,0,247377920,251641856,0,251404608,125,0
churn,349,Trimming,4096,12,1,0,1,5790,5790,5790,5790,2862,2862,1,1,0,251641856,255905792,0,255664576,127,0
churn,350,Trimming,4096,12,1,0,1,5806,5806,5806,5806,2870,2870,1,1,0,255905792,260169728,0,259924544,129,0
churn,351,Trimming,4096,12,1,0,1,5822,5822,5822,5822,2878,2878,1,1,0,260169728,264433664,0,264184512,131,0
churn,352,Trimming,4096,0,1,0,1,5838,5838,5838,5838,2886,2886,1,1,0,264433664,268697600,0,268444480,133,0
churn,353,Trimming,4096,0,1,0,1,5854,5854,5854,5854,2894,2894,1,1,0,268697600,272891904,0,268444480,133,0
churn,354,Trimming,4096,0,1,0,1,5870,5870,5870,5870,2902,2902,1,1,0,272891904,277086208,0,268444480,133,0
churn,355,Trimming,4096,0,1,0,1,5886,5886,5886,5886,2910,2910,1,1,0,277086208,281280512,0,268444480,133,0
churn,356,Trimming,4096,0,1,0,1,5902,5902,5902,5902,2918,2918,1,1,0,281280512,285474816,0,268444480,133,0
churn,357,Trimming,4096,0,1,0,1,5918,5918,5918,5918,2926,2926,1,1,0,285474816,289669120,0,268444480,133,0
churn,358,Trimming,4096,0,1,0,1,5934,5934,5934,5934,2934,2934,1,1,0,289669120,293863424,0,268444480,133,0
churn,359,Trimming,4096,0,1,0,1,5950,5950,5950,5950,2942,2942,1,1,0,293863424,298057728,0,268444480,133,0
churn,360,Trimming,4096,0,1,0,1,5966,5966,5966,5966,2950,2950,1,1,0,298057728,302252032,0,268444480,133,0
churn,361,Trimming,4096,0,1,0,1,5982,5982,5982,5982,2958,2958,1,1,0,302252032,306446336,0,268444480,133,0
churn,362,Trimming,4096,0,1,0,1,5998,5998,5998,5998,2966,2966,1,1,0,306446336,310640640,0,268444480,133,0
churn,363,Trimming,4096,0,1,0,1,6014,6014,6014,6014,2974,2974,1,1,0,310640640,314834944,0,268444480,133,0
churn,364,Trimming,4096,0,1,0,1,6030,6030,6030,6030,2982,2982,1,1,0,314834944,319029248,0,268444480,133,0
churn,365,Trimming,4096,0,1,0,1,6046,6046,6046,6046,2990,2990,1,1,0,319029248,323223552,0,268444480,133,0
churn,366,Trimming,4096,0,1,0,1,6062,6062,6062,6062,2998,2998,1,1,0,323223552,327417856,0,268444480,133,0
churn,367,Trimming,4096,0,1,0,1,6078,6078,6078,6078,3006,3006,1,1,0,327417856,331612160,0,268444480,133,0
churn,368,Trimming,4096,0,1,0,1,6094,6094,6094,6094,3014,3014,1,1,0,331612160,335806464,0,268444480,133,0
churn,369,Trimming,4096,0,1,0,1,6110,6110,6110,6110,3022,3022,1,1,0,335806464,340000768,0,268444480,133,0
churn,370,Trimming,4096,0,1,0,1,6126,6126,6126,6126,3030,3030,1,1,0,340000768,344195072,0,268444480,133,0
churn,371,Trimming,4096,0,1,0,1,6142,6142,6142,6142,3038,3038,1,1,0,344195072,348389376,0,268444480,133,0
churn,372,Trimming,4096,0,1,0,1,6158,6158,6158,6158,3046,3046,1,1,0,348389376,352583680,0,268444480,133,0
churn,373,Trimming,4096,0,1,0,1,6174,6174,6174,6174,3054,3054,1,1,0,352583680,356777984,0,268444480,133,0
churn,374,Trimming,4096,0,1,0,1,6190,6190,6190,6190,3062,3062,1,1,0,356777984,360972288,0,268444480,133,0
churn,375,Trimming,4096,0,1,0,1,6206,6206,6206,6206,3070,3070,1,1,0,360972288,365166592,0,268444480,133,0
churn,376,Trimming,4096,0,1,0,1,6222,6222,6222,6222,3078,3078,1,1,0,365166592,369360896,0,268444480,133,0
churn,377,Trimming,4096,0,1,0,1,6238,6238,6238,6238,3086,3086,1,1,0,369360896,373555200,0,268444480,133,0
churn,378,Trimming,4096,0,1,0,1,6254,6254,6254,6254,3094,3094,1,1,0,373555200,377749504,0,268444480,133,0
churn,379,Trimming,4096,0,1,0,1,6270,6270,6270,6270,3102,3102,1,1,0,377749504,381943808,0,268444480,133,0
churn,380,Trimming,4096,0,1,0,1,6286,6286,6286,6286,3110,3110,1,1,0,381943808,386138112,0,268444480,133,0
churn,381,Trimming,4096,0,1,0,1,6302,6302,6302,6302,3118,3118,1,1,0,386138112,390332416,0,268444480,133,0
churn,382,Trimming,4096,0,1,0,1,6318,6318,6318,6318,3126,3126,1,1,0,390332416,394526720,0,268444480,133,0
churn,383,Trimming,4096,0,1,0,1,6334,6334,6334,6334,3134,3134,1,1,0,394526720,398721024,0,268444480,133,0
churn,384,Trimming,4096,0,1,0,1,6350,6350,6350,6350,3142,3142,1,1,0,398721024,402915328,0,268444480,133,0
churn,385,Trimming,4096,0,1,0,1,6366,6366,6366,6366,3150,3150,1,1,0,402915328,407109632,0,268444480,133,0
churn,386,Trimming,4096,0,1,0,1,6382,6382,6382,6382,3158,3158,1,1,0,407109632,411303936,0,268444480,133,0
churn,387,Trimming,4096,0,1,0,1,6398,6398,6398,6398,3166,3166,1,1,0,411303936,415498240,0,268444480,133,0
churn,388,Trimming,4096,0,1,0,1,6414,6414,6414,6414,3174,3174,1,1,0,415498240,419692544,0,268444480,133,0
churn,389,Trimming,4096,0,1,0,1,6430,6430,6430,6430,3182,3182,1,1,0,419692544,423886848,0,268444480,133,0
churn,390,Trimming,4096,0,1,0,1,6446,6446,6446,6446,3190,3190,1,1,0,423886848,428081152,0,268444480,133,0
churn,391,Trimming,4096,0,1,0,1,6462,6462,6462,6462,3198,3198,1,1,0,428081152,432275456,0,268444480,133,0
churn,392,Trimming,4096,0,1,0,1,6478,6478,6478,6478,3206,3206,1,1,0,432275456,436469760,0,268444480,133,0
churn,393,Trimming,4096,0,1,0,1,6494,6494,6494,6494,3214,3214,1,1,0,436469760,440664064,0,268444480,133,0
churn,394,Trimming,4096,0,1,0,1,6510,6510,6510,6510,3222,3222,1,1,0,440664064,444858368,0,268444480,133,0
churn,395,Trimming,4096,0,1,0,1,6526,6526,6526,6526,3230,3230,1,1,0,444858368,449052672,0,268444480,133,0
churn,396,Trimming,4096,0,1,0,1,6542,6542,6542,6542,3238,3238,1,1,0,449052672,453246976,0,268444480,133,0
churn,397,Trimming,4096,0,1,0,1,6558,6558,6558,6558,3246,3246,1,1,0,453246976,457441280,0,268444480,133,0
churn,398,Trimming,4096,0,1,0,1,6574,6574,6574,6574,3254,3254,1,1,0,457441280,461635584,0,268444480,133,0
churn,399,Trimming,4096,0,1,0,1,6590,6590,6590,6590,3262,3262,1,1,0,461635584,465829888,0,268444480,133,0
churn,400,Trimming,4096,0,1,0,1,6606,6606,6606,6606,3270,3270,1,1,0,465829888,470024192,0,268444480,133,0
churn,401,Trimming,4096,0,1,0,1,6622,6622,6622,6622,3278,3278,1,1,0,470024192,474218496,0,268444480,133,0
churn,402,Trimming,4096,0,1,0,1,6638,6638,6638,6638,3286,3286,1,1,0,474218496,478412800,0,268444480,133,0
churn,403,Trimming,4096,0,1,0,1,6654,6654,6654,6654,3294,3294,1,1,0,478412800,482607104,0,268444480,133,0
churn,404,Trimming,4096,0,1,0,1,6670,6670,6670,6670,3302,3302,1,1,0,482607104,486801408,0,268444480,133,0
churn,405,Trimming,4096,0,1,0,1,6686,6686,6686,6686,3310,3310,1,1,0,486801408,490995712,0,268444480,133,0
churn,406,Trimming,4096,0,1,0,1,6702,6702,6702,6702,3318,3318,1,1,0,490995712,495190016,0,268444480,133,0
churn,407,Trimming,4096,0,1,0,1,6718,6718,6718,6718,3326,3326,1,1,0,495190016,499384320,0,268444480,133,0
churn,408,Trimming,4096,0,1,0,1,6734,6734,6734,6734,3334,3334,1,1,0,499384320,503578624,0,268444480,133,0
churn,409,Trimming,4096,0,1,0,1,6750,6750,6750,6750,3342,3342,1,1,0,503578624,507772928,0,268444480,133,0
churn,410,Trimming,4096,0,1,0,1,6766,6766,6766,6766,3350,3350,1,1,0,507772928,511967232,0,268444480,133,0
churn,411,Trimming,4096,0,1,0,1,6782,6782,6782,6782,3358,3358,1,1,0,511967232,516161536,0,268444480,133,0
churn,412,Trimming,4096,0,1,0,1,6798,6798,6798,6798,3366,3366,1,1,0,516161536,520355840,0,268444480,133,0
churn,413,Trimming,4096,0,1,0,1,6814,6814,6814,6814,3374,3374,1,1,0,520355840,524550144,0,268444480,133,0
churn,414,Trimming,4096,0,1,0,1,6830,6830,6830,6830,3382,3382,1,1,0,524550144,528744448,0,268444480,133,0
churn,415,Trimming,4096,0,1,0,1,6846,6846,6846,6846,3390,3390,1,1,0,528744448,532938752,0,268444480,133,0
churn,416,Trimming,4096,0,1,0,1,6862,6862,6862,6862,3398,3398,1,1,0,532938752,537133056,0,268444480,133,0
churn,417,Trimming,4096,0,1,0,1,6878,6878,6878,6878,3406,3406,1,1,0,537133056,541327360,0,268444480,133,0
churn,418,Trimming,4096,0,1,0,1,6894,6894,6894,6894,3414,3414,1,1,0,541327360,545521664,0,268444480,133,0
churn,419,Trimming,4096,0,1,0,1,6910,6910,6910,6910,3422,3422,1,1,0,545521664,549715968,0,268444480,133,0
churn,420,Trimming,4096,0,1,0,1,6926,6926,6926,6926,3430,3430,1,1,0,549715968,553910272,0,268444480,133,0
churn,421,Trimming,4096,0,1,0,1,6942,6942,6942,6942,3438,3438,1,1,0,553910272,558104576,0,268444480,133,0
churn,422,Trimming,4096,0,1,0,1,6958,6958,6958,6958,3446,3446,1,1,0,558104576,562298880,0,268444480,133,0
churn,423,Trimming,4096,0,1,0,1,6974,6974,6974,6974,3454,3454,1,1,0,562298880,566493184,0,268444480,133,0
churn,424,Trimming,4096,0,1,0,1,6990,6990,6990,6990,3462,3462,1,1,0,566493184,570687488,0,268444480,133,0
churn,425,Trimming,4096,0,1,0,1,7006,7006,7006,7006,3470,3470,1,1,0,570687488,574881792,0,268444480,133,0
churn,426,Trimming,4096,0,1,0,1,7022,7022,7022,7022,3478,3478,1,1,0,574881792,579076096,0,268444480,133,0
churn,427,Trimming,4096,0,1,0,1,7038,7038,7038,7038,3486,3486,1,1,0,579076096,583270400,0,268444480,133,0
churn,428,Trimming,4096,0,1,0,1,7054,7054,7054,7054,3494,3494,1,1,0,583270400,587464704,0,268444480,133,0
churn,429,Trimming,4096,0,1,0,1,7070,7070,7070,7070,3502,3502,1,1,0,587464704,591659008,0,268444480,133,0
churn,430,Trimming,4096,0,1,0,1,7086,7086,7086,7086,3510,3510,1,1,0,591659008,595853312,0,268444480,133,0
churn,431,Trimming,4096,0,1,0,1,7102,7102,7102,7102,3518,3518,1,1,0,595853312,600047616,0,268444480,133,0
churn,432,Trimming,4096,0,1,0,1,7118,7118,7118,7118,3526,3526,1,1,0,600047616,604241920,0,268444480,133,0
churn,433,Trimming,4096,0,1,0,1,7134,7134,7134,7134,3534,3534,1,1,0,604241920,608436224,0,268444480,133,0
churn,434,Trimming,3836,0,1,0,1,7150,7150,7150,7150,3542,3542,1,1,0,608436224,612368304,0,612368304,133,1
churn,435,Trimming,4096,16,1,0,1,7166,7166,7166,7166,3550,3550,1,1,1,0,4333568,0,4326464,5,0
churn,436,Trimming,4096,16,1,0,1,7182,7182,7182,7182,3558,3558,1,1,0,4333568,8597504,0,8586432,7,0
churn,437,Trimming,4096,16,1,0,1,7198,7198,7198,7198,3566,3566,1,1,0,8597504,12861440,0,12846400,9,0
churn,438,Trimming,4096,12,1,0,1,7214,7214,7214,7214,3574,3574,1,1,0,12861440,17125376,0,17106368,11,0
churn,439,Trimming,4096,12,1,0,1,7230,7230,7230,7230,3582,3582,1,1,0,17125376,21389312,0,21366336,13,0
churn,440,Trimming,4096,12,1,0,1,7246,7246,7246,7246,3590,3590,1,1,0,21389312,25653248,0,25626304,15,0
churn,441,Trimming,4096,12,1,0,1,7262,7262,7262,7262,3598,3598,1,1,0,25653248,29917184,0,29886272,21,0
churn,442,Trimming,4096,12,1,0,1,7278,7278,7278,7278,3606,3606,1,1,0,29917184,34181120,0,34146240,23,0
churn,443,Trimming,4096,12,1,0,1,7294,7294,7294,7294,3614,3614,1,1,0,34181120,38445056,0,38406208,25,0
churn,444,Trimming,4096,12,1,0,1,7310,7310,7310,7310,3622,3622,1,1,0,38445056,42708992,0,42666176,27,0
churn,445,Trimming,4096,12,1,0,1,7326,7326,7326,7326,3630,3630,1,1,0,42708992,46972928,0,46926144,29,0
churn,446,Trimming,4096,12,1,0,1,7342,7342,7342,7342,3638,3638,1,1,0,46972928,51236864,0,51186112,31,0
churn,447,Trimming,4096,12,1,0,1,7358,7358,7358,7358,3646,3646,1,1,0,51236864,55500800,0,55446080,33,0
churn,448,Trimming,4096,12,1,0,1,7374,7374,7374,7374,3654,3654,1,1,0,55500800,59764736,0,59706048,35,0
churn,449,Trimming,4096,12,1,0,1,7390,7390,7390,7390,3662,3662,1,1,0,59764736,64028672,0,63966016,37,0
churn,450,Trimming,4096,12,1,0,1,7406,7406,7406,7406,3670,3670,1,1,0,64028672,68292608,0,68225984,39,0
churn,451,Trimming,4096,12,1,0,1,7422,7422,7422,7422,3678,3678,1,1,0,68292608,72556544,0,72485952,41,0
churn,452,Trimming,4096,12,1,0,1,7438,7438,7438,7438,3686,3686,1,1,0,72556544,76820480,0,76745920,43,0
churn,453,Trimming,4096,12,1,0,1,7454,7454,7454,7454,3694,3694,1,1,0,76820480,81084416,0,81005888,45,0
churn,454,Trimming,4096,12,1,0,1,7470,7470,7470,7470,3702,3702,1,1,0,81084416,85348352,0,85265856,47,0
churn,455,Trimming,4096,12,1,0,1,7486,7486,7486,7486,3710,3710,1,1,0,85348352,89612288,0,89525824,49,0
churn,456,Trimming,4096,12,1,0,1,7502,7502,7502,7502,3718,3718,1,1,0,89612288,93876224,0,93785792,51,0
churn,457,Trimming,4096,16,1,0,1,7518,7518,7518,7518,3726,3726,1,1,0,93876224,98140160,0,98045760,53,0
churn,458,Trimming,4096,16,1,0,1,7534,7534,7534,7534,3734,3734,1,1,0,98140160,102404096,0,102305728,55,0
churn,459,Trimming,4096,12,1,0,1,7550,7550,7550,7550,3742,3742,1,1,0,102404096,106668032,0,106565696,57,0
churn,460,Trimming,4096,12,1,0,1,7566,7566,7566,7566,3750,3750,1,1,0,106668032,110931968,0,110825664,59,0
churn,461,Trimming,4096,12,1,0,1,7582,7582,7582,7582,3758,3758,1,1,0,110931968,115195904,0,115085632,61,0
churn,462,Trimming,4096,12,1,0,1,7598,7598,7598,7598,3766,3766,1,1,0,115195904,119459840,0,119345600,63,0
churn,463,Trimming,4096,12,1,0,1,7614,7614,7614,7614,3774,3774,1,1,0,119459840,123723776,0,123605568,65,0
churn,464,Trimming,4096,12,1,0,1,7630,7630,7630,7630,3782,3782,1,1,0,123723776,127987712,0,127865536,67,0
churn,465,Trimming,4096,12,1,0,1,7646,7646,7646,7646,3790,3790,1,1,0,127987712,132251648,0,132125504,69,0
churn,466,Trimming,4096,12,1,0,1,7662,7662,7662,7662,3798,3798,1,1,0,132251648,136515584,0,136385472,71,0
churn,467,Trimming,4096,12,1,0,1,7678,7678,7678,7678,3806,3806,1,1,0,136515584,140779520,0,140645440,73,0
churn,468,Trimming,4096,12,1,0,1,7694,7694,7694,7694,3814,3814,1,1,0,140779520,145043456,0,144905408,75,0
churn,469,Trimming,4096,12,1,0,1,7710,7710,7710,7710,3822,3822,1,1,0,145043456,149307392,0,149165376,77,0
churn,470,Trimming,4096,12,1,0,1,7726,7726,7726,7726,3830,3830,1,1,0,149307392,153571328,0,153425344,79,0
churn,471,Trimming,4096,12,1,0,1,7742,7742,7742,7742,3838,3838,1,1,0,153571328,157835264,0,157685312,81,0
churn,472,Trimming,4096,12,1,0,1,7758,7758,7758,7758,3846,3846,1,1,0,157835264,162099200,0,161945280,83,0
churn,473,Trimming,4096,12,1,0,1,7774,7774,7774,7774,3854,3854,1,1,0,162099200,166363136,0,166205248,85,0
churn,474,Trimming,4096,12,1,0,1,7790,7790,7790,7790,3862,3862,1,1,0,166363136,170627072,0,170465216,87,0
churn,475,Trimming,4096,12,1,0,1,7806,7806,7806,7806,3870,3870,1,1,0,170627072,174891008,0,174725184,89,0
churn,476,Trimming,4096,12,1,0,1,7822,7822,7822,7822,3878,3878,1,1,0,174891008,179154944,0,178985152,91,0
churn,477,Trimming,4096,12,1,0,1,7838,7838,7838,7838,3886,3886,1,1,0,179154944,183418880,0,183245120,93,0
churn,478,Trimming,4096,12,1,0,1,7854,7854,7854,7854,3894,3894,1,1,0,183418880,187682816,0,187505088,95,0
churn,479,Trimming,4096,12,1,0,1,7870,7870,7870,7870,3902,3902,1,1,0,187682816,191946752,0,191765056,97,0
churn,480,Trimming,4096,12,1,0,1,7886,7886,7886,7886,3910,3910,1,1,0,191946752,196210688,0,196025024,99,0
churn,481,Trimming,4096,12,1,0,1,7902,7902,7902,7902,3918,3918,1,1,0,196210688,200474624,0,200284992,101,0
churn,482,Trimming,4096,12,1,0,1,7918,7918,7918,7918,3926,3926,1,1,0,200474624,204738560,0,204544960,103,0
churn,483,Trimming,4096,12,1,0,1,7934,7934,7934,7934,3934,3934,1,1,0,204738560,209002496,0,208804928,105,0
churn,484,Trimming,4096,12,1,0,1,7950,7950,7950,7950,3942,3942,1,1,0,209002496,213266432,0,213064896,107,0
churn,485,Trimming,4096,12,1,0,1,7966,7966,7966,7966,3950,3950,1,1,0,213266432,217530368,0,217324864,109,0
churn,486,Trimming,4096,12,1,0,1,7982,7982,7982,7982,3958,3958,1,1,0,217530368,221794304,0,221584832,111,0
churn,487,Trimming,4096,12,1,0,1,7998,7998,7998,7998,3966,3966,1,1,0,221794304,226058240,0,225844800,113,0
churn,488,Trimming,4096,12,1,0,1,8014,8014,8014,8014,3974,3974,1,1,0,226058240,230322176,0,230104768,115,0
churn,489,Trimming,4096,16,1,0,1,8030,8030,8030,8030,3982,3982,1,1,0,230322176,234586112,0,234364736,117,0
churn,490,Trimming,4096,16,1,0,1,8046,8046,8046,8046,3990,3990,1,1,0,234586112,238850048,0,238624704,119,0
churn,491,Trimming,4096,12,1,0,1,8062,8062,8062,8062,3998,3998,1,1,0,238850048,243113984,0,242884672,121,0
churn,492,Trimming,4096,12,1,0,1,8078,8078,8078,8078,4006,4006,1,1,0,243113984,247377920,0,247144640,123,0
churn,493,Trimming,4096,12,1,0,1,8094,8094,8094,8094,4014,4014,1,1,0,247377920,251641856,0,251404608,125,0
churn,494,Trimming,4096,12,1,0,1,8110,8110,8110,8110,4022,4022,1,1,0,251641856,255905792,0,255664576,127,0
churn,495,Trimming,4096,12,1,0,1,8126,8126,8126,8126,4030,4030,1,1,0,255905792,260169728,0,259924544,129,0
churn,496,Trimming,4096,12,1,0,1,8142,8142,8142,8142,4038,4038,1,1,0,260169728,264433664,0,264184512,131,0
churn,497,Trimming,4096,0,1,0,1,8158,8158,8158,8158,4046,4046,1,1,0,264433664,268697600,0,268444480,133,0
churn,498,Trimming,4096,0,1,0,1,8174,8174,8174,8174,4054,4054,1,1,0,268697600,272891904,0,268444480,133,0
churn,499,Trimming,4096,0,1,0,1,8190,8190,8190,8190,4062,4062,1,1,0,272891904,277086208,0,268444480,133,0
churn,500,Trimming,4096,0,1,0,1,8206,8206,8206,8206,4070,4070,1,1,0,277086208,281280512,0,268444480,133,0
churn,501,Trimming,4096,0,1,0,1,8222,8222,8222,8222,4078,4078,1,1,0,281280512,285474816,0,268444480,133,0
churn,502,Trimming,4096,0,1,0,1,8238,8238,8238,8238,4086,4086,1,1,0,285474816,289669120,0,268444480,133,0
churn,503,Trimming,4096,0,1,0,1,8254,8254,8254,8254,4094,4094,1,1,0,289669120,293863424,0,268444480,133,0
churn,504,Trimming,4096,0,1,0,1,8270,8270,8270,8270,4102,4102,1,1,0,293863424,298057728,0,268444480,133,0
churn,505,Trimming,4096,0,1,0,1,8286,8286,8286,8286,4110,4110,1,1,0,298057728,302252032,0,268444480,133,0
churn,506,Trimming,4096,0,1,0,1,8302,8302,8302,8302,4118,4118,1,1,0,302252032,306446336,0,268444480,133,0
churn,507,Trimming,4096,0,1,0,1,8318,8318,8318,8318,4126,4126,1,1,0,306446336,310640640,0,268444480,133,0
churn,508,Trimming,4096,0,1,0,1,8334,8334,8334,8334,4134,4134,1,1,0,310640640,314834944,0,268444480,133,0
churn,509,Trimming,4096,0,1,0,1,8350,8350,8350,8350,4142,4142,1,1,0,314834944,319029248,0,268444480,133,0
churn,510,Trimming,4096,0,1,0,1,8366,8366,8366,8366,4150,4150,1,1,0,319029248,323223552,0,268444480,133,0
churn,511,Trimming,4096,0,1,0,1,8382,8382,8382,8382,4158,4158,1,1,0,323223552,327417856,0,268444480,133,0
churn,512,Trimming,4096,0,1,0,1,8398,8398,8398,8398,4166,4166,1,1,0,327417856,331612160,0,268444480,133,0
churn,513,Trimming,4096,0,1,0,1,8414,8414,8414,8414,4174,4174,1,1,0,331612160,335806464,0,268444480,133,0
churn,514,Trimming,4096,0,1,0,1,8430,8430,8430,8430,4182,4182,1,1,0,335806464,340000768,0,268444480,133,0
churn,515,Trimming,4096,0,1,0,1,8446,8446,8446,8446,4190,4190,1,1,0,340000768,344195072,0,268444480,133,0
churn,516,Trimming,4096,0,1,0,1,8462,8462,8462,8462,4198,4198,1,1,0,344195072,348389376,0,268444480,133,0
churn,517,Trimming,4096,0,1,0,1,8478,8478,8478,8478,4206,4206,1,1,0,348389376,352583680,0,268444480,133,0
churn,518,Trimming,4096,0,1,0,1,8494,8494,8494,8494,4214,4214,1,1,0,352583680,356777984,0,268444480,133,0
churn,519,Trimming,4096,0,1,0,1,8510,8510,8510,8510,4222,4222,1,1,0,356777984,360972288,0,268444480,133,0
churn,520,Trimming,4096,0,1,0,1,8526,8526,8526,8526,4230,4230,1,1,0,360972288,365166592,0,268444480,133,0
churn,521,Trimming,4096,0,1,0,1,8542,8542,8542,8542,4238,4238,1,1,0,365166592,369360896,0,268444480,133,0
churn,522,Trimming,4096,0,1,0,1,8558,8558,8558,8558,4246,4246,1,1,0,369360896,373555200,0,268444480,133,0
churn,523,Trimming,4096,0,1,0,1,8574,8574,8574,8574,4254,4254,1,1,0,373555200,377749504,0,268444480,133,0
churn,524,Trimming,4096,0,1,0,1,8590,8590,8590,8590,4262,4262,1,1,0,377749504,381943808,0,268444480,133,0
churn,525,Trimming,4096,0,1,0,1,8606,8606,8606,8606,4270,4270,1,1,0,381943808,386138112,0,268444480,133,0
churn,526,Trimming,4096,0,1,0,1,8622,8622,8622,8622,4278,4278,1,1,0,386138112,390332416,0,268444480,133,0
churn,527,Trimming,4096,0,1,0,1,8638,8638,8638,8638,4286,4286,1,1,0,390332416,394526720,0,268444480,133,0
churn,528,Trimming,4096,0,1,0,1,8654,8654,8654,8654,4294,4294,1,1,0,394526720,398721024,0,268444480,133,0
churn,529,Trimming,4096,0,1,0,1,8670,8670,8670,8670,4302,4302,1,1,0,398721024,402915328,0,268444480,133,0
churn,530,Trimming,4096,0,1,0,1,8686,8686,8686,8686,4310,4310,1,1,0,402915328,407109632,0,268444480,133,0
churn,531,Trimming,4096,0,1,0,1,8702,8702,8702,8702,4318,4318,1,1,0,407109632,411303936,0,268444480,133,0
churn,532,Trimming,4096,0,1,0,1,8718,8718,8718,8718,4326,4326,1,1,0,411303936,415498240,0,268444480,133,0
churn,533,Trimming,4096,0,1,0,1,8734,8734,8734,8734,4334,4334,1,1,0,415498240,419692544,0,268444480,133,0
churn,534,Trimming,4096,0,1,0,1,8750,8750,8750,8750,4342,4342,1,1,0,419692544,423886848,0,268444480,133,0
churn,535,Trimming,4096,0,1,0,1,8766,8766,8766,8766,4350,4350,1,1,0,423886848,428081152,0,268444480,133,0
churn,536,Trimming,4096,0,1,0,1,8782,8782,8782,8782,4358,4358,1,1,0,428081152,432275456,0,268444480,133,0
churn,537,Trimming,4096,0,1,0,1,8798,8798,8798,8798,4366,4366,1,1,0,432275456,436469760,0,268444480,133,0
churn,538,Trimming,4096,0,1,0,1,8814,8814,8814,8814,4374,4374,1,1,0,436469760,440664064,0,268444480,133,0
churn,539,Trimming,4096,0,1,0,1,8830,8830,8830,8830,4382,4382,1,1,0,440664064,444858368,0,268444480,133,0
churn,540,Trimming,4096,0,1,0,1,8846,8846,8846,8846,4390,4390,1,1,0,444858368,449052672,0,268444480,133,0
churn,541,Trimming,4096,0,1,0,1,8862,8862,8862,8862,4398,4398,1,1,0,449052672,453246976,0,268444480,133,0
churn,542,Trimming,4096,0,1,0,1,8878,8878,8878,8878,4406,4406,1,1,0,453246976,457441280,0,268444480,133,0
churn,543,Trimming,4096,0,1,0,1,8894,8894,8894,8894,4414,4414,1,1,0,457441280,461635584,0,268444480,133,0
churn,544,Trimming,4096,0,1,0,1,8910,8910,8910,8910,4422,4422,1,1,0,461635584,465829888,0,268444480,133,0
churn,545,Trimming,4096,0,1,0,1,8926,8926,8926,8926,4430,4430,1,1,0,465829888,470024192,0,268444480,133,0
churn,546,Trimming,4096,0,1,0,1,8942,8942,8942,8942,4438,4438,1,1,0,470024192,474218496,0,268444480,133,0
churn,547,Trimming,4096,0,1,0,1,8958,8958,8958,8958,4446,4446,1,1,0,474218496,478412800,0,268444480,133,0
churn,548,Trimming,4096,0,1,0,1,8974,8974,8974,8974,4454,4454,1,1,0,478412800,482607104,0,268444480,133,0
churn,549,Trimming,4096,0,1,0,1,8990,8990,8990,8990,4462,4462,1,1,0,482607104,486801408,0,268444480,133,0
churn,550,Trimming,4096,0,1,0,1,9006,9006,9006,9006,4470,4470,1,1,0,486801408,490995712,0,268444480,133,0
churn,551,Trimming,4096,0,1,0,1,9022,9022,9022,9022,4478,4478,1,1,0,490995712,495190016,0,268444480,133,0
churn,552,Trimming,4096,0,1,0,1,9038,9038,9038,9038,4486,4486,1,1,0,495190016,499384320,0,268444480,133,0
churn,553,Trimming,4096,0,1,0,1,9054,9054,9054,9054,4494,4494,1,1,0,499384320,503578624,0,268444480,133,0
churn,554,Trimming,4096,0,1,0,1,9070,9070,9070,9070,4502,4502,1,1,0,503578624,507772928,0,268444480,133,0
churn,555,Trimming,4096,0,1,0,1,9086,9086,9086,9086,4510,4510,1,1,0,507772928,511967232,0,268444480,133,0
churn,556,Trimming,4096,0,1,0,1,9102,9102,9102,9102,4518,4518,1,1,0,511967232,516161536,0,268444480,133,0
churn,557,Trimming,4096,0,1,0,1,9118,9118,9118,9118,4526,4526,1,1,0,516161536,520355840,0,268444480,133,0
churn,558,Trimming,4096,0,1,0,1,9134,9134,9134,9134,4534,4534,1,1,0,520355840,524550144,0,268444480,133,0
churn,559,Trimming,4096,0,1,0,1,9150,9150,9150,9150,4542,4542,1,1,0,524550144,528744448,0,268444480,133,0
churn,560,Trimming,4096,0,1,0,1,9166,9166,9166,9166,4550,4550,1,1,0,528744448,532938752,0,268444480,133,0
churn,561,Trimming,4096,0,1,0,1,9182,9182,9182,9182,4558,4558,1,1,0,532938752,537133056,0,268444480,133,0
churn,562,Trimming,4096,0,1,0,1,9198,9198,9198,9198,4566,4566,1,1,0,537133056,541327360,0,268444480,133,0
churn,563,Trimming,4096,0,1,0,1,9214,9214,9214,9214,4574,4574,1,1,0,541327360,545521664,0,268444480,133,0
churn,564,Trimming,4096,0,1,0,1,9230,9230,9230,9230,4582,4582,1,1,0,545521664,549715968,0,268444480,133,0
churn,565,Trimming,4096,0,1,0,1,9246,9246,9246,9246,4590,4590,1,1,0,549715968,553910272,0,268444480,133,0
churn,566,Trimming,4096,0,1,0,1,9262,9262,9262,9262,4598,4598,1,1,0,553910272,558104576,0,268444480,133,0
churn,567,Trimming,4096,0,1,0,1,9278,9278,9278,9278,4606,4606,1,1,0,558104576,562298880,0,268444480,133,0
churn,568,Trimming,4096,0,1,0,1,9294,9294,9294,9294,4614,4614,1,1,0,562298880,566493184,0,268444480,133,0
churn,569,Trimming,4096,0,1,0,1,9310,9310,9310,9310,4622,4622,1,1,0,566493184,570687488,0,268444480,133,0
churn,570,Trimming,4096,0,1,0,1,9326,9326,9326,9326,4630,4630,1,1,0,570687488,574881792,0,268444480,133,0
churn,571,Trimming,4096,0,1,0,1,9342,9342,9342,9342,4638,4638,1,1,0,574881792,579076096,0,268444480,133,0
churn,572,Trimming,4096,0,1,0,1,9358,9358,9358,9358,4646,4646,1,1,0,579076096,583270400,0,268444480,133,0
churn,573,Trimming,4096,0,1,0,1,9374,9374,9374,9374,4654,4654,1,1,0,583270400,587464704,0,268444480,133,0
churn,574,Trimming,4096,0,1,0,1,9390,9390,9390,9390,4662,4662,1,1,0,587464704,591659008,0,268444480,133,0
churn,575,Trimming,4096,0,1,0,1,9406,9406,9406,9406,4670,4670,1,1,0,591659008,595853312,0,268444480,133,0
churn,576,Trimming,4096,0,1,0,1,9422,9422,9422,9422,4678,4678,1,1,0,595853312,600047616,0,268444480,133,0
churn,577,Trimming,4096,0,1,0,1,9438,9438,9438,9438,4686,4686,1,1,0,600047616,604241920,0,268444480,133,0
churn,578,Trimming,4096,0,1,0,1,9454,9454,9454,9454,4694,4694,1,1,0,604241920,608436224,0,268444480,133,0
churn,579,Trimming,3836,0,1,0,1,9470,9470,9470,9470,4702,4702,1,1,0,608436224,612368304,0,612368304,133,1
churn,580,Trimming,4096,16,1,0,1,9486,9486,9486,9486,4710,4710,1,1,1,0,4333568,0,4326464,5,0
churn,581,Trimming,4096,16,1,0,1,9502,9502,9502,9502,4718,4718,1,1,0,4333568,8597504,0,8586432,7,0
churn,582,Trimming,4096,16,1,0,1,9518,9518,9518,9518,4726,4726,1,1,0,8597504,12861440,0,12846400,9,0
churn,583,Trimming,4096,12,1,0,1,9534,9534,9534,9534,4734,4734,1,1,0,12861440,17125376,0,17106368,11,0
churn,584,Trimming,4096,12,1,0,1,9550,9550,9550,9550,4742,4742,1,1,0,17125376,21389312,0,21366336,13,0
churn,585,Trimming,4096,12,1,0,1,9566,9566,9566,9566,4750,4750,1,1,0,21389312,25653248,0,25626304,15,0
churn,586,Trimming,4096,12,1,0,1,9582,9582,9582,9582,4758,4758,1,1,0,25653248,29917184,0,29886272,17,0
churn,587,Trimming,4096,12,1,0,1,9598,9598,9598,9598,4766,4766,1,1,0,29917184,34181120,0,34146240,19,0
churn,588,Trimming,4096,12,1,0,1,9614,9614,9614,9614,4774,4774,1,1,0,34181120,38445056,0,38406208,21,0
churn,589,Trimming,4096,12,1,0,1,9630,9630,9630,9630,4782,4782,1,1,0,38445056,42708992,0,42666176,23,0
churn,590,Trimming,4096,12,1,0,1,9646,9646,9646,9646,4790,4790,1,1,0,42708992,46972928,0,46926144,25,0
churn,591,Trimming,4096,12,1,0,1,9662,9662,9662,9662,4798,4798,1,1,0,46972928,51236864,0,51186112,27,0
churn,592,Trimming,4096,12,1,0,1,9678,9678,9678,9678,4806,4806,1,1,0,51236864,55500800,0,55446080,29,0
churn,593,Trimming,4096,12,1,0,1,9694,9694,9694,9694,4814,4814,1,1,0,55500800,59764736,0,59706048,31,0
churn,594,Trimming,4096,12,1,0,1,9710,9710,9710,9710,4822,4822,1,1,0,59764736,64028672,0,63966016,33,0
churn,595,Trimming,4096,12,1,0,1,9726,9726,9726,9726,4830,4830,1,1,0,64028672,68292608,0,68225984,35,0
churn,596,Trimming,4096,12,1,0,1,9742,9742,9742,9742,4838,4838,1,1,0,68292608,72556544,0,72485952,37,0
churn,597,Trimming,4096,12,1,0,1,9758,9758,9758,9758,4846,4846,1,1,0,72556544,76820480,0,76745920,39,0
churn,598,Trimming,4096,12,1,0,1,9774,9774,9774,9774,4854,4854,1,1,0,76820480,81084416,0,81005888,41,0
churn,599,Trimming,4096,12,1,0,1,9790,9790,9790,9790,4862,4862,1,1,0,81084416,85348352,0,85265856,43,0
churn,600,Trimming,4096,12,1,0,1,9806,9806,9806,9806,4870,4870,1,1,0,85348352,89612288,0,89525824,45,0
churn,601,Trimming,4096,12,1,0,1,9822,9822,9822,9822,4878,4878,1,1,0,89612288,93876224,0,93785792,47,0
churn,602,Trimming,4096,16,1,0,1,9838,9838,9838,9838,4886,4886,1,1,0,93876224,98140160,0,98045760,49,0
churn,603,Trimming,4096,16,1,0,1,9854,9854,9854,9854,4894,4894,1,1,0,98140160,102404096,0,102305728,51,0
churn,604,Trimming,4096,12,1,0,1,9870,9870,9870,9870,4902,4902,1,1,0,102404096,106668032,0,106565696,53,0
churn,605,Trimming,4096,12,1,0,1,9886,9886,9886,9886,4910,4910,1,1,0,106668032,110931968,0,110825664,55,0
churn,606,Trimming,4096,12,1,0,1,9902,9902,9902,9902,4918,4918,1,1,0,110931968,115195904,0,115085632,57,0
churn,607,Trimming,4096,12,1,0,1,9918,9918,9918,9918,4926,4926,1,1,0,115195904,119459840,0,119345600,59,0
churn,608,Trimming,4096,12,1,0,1,9934,9934,9934,9934,4934,4934,1,1,0,119459840,123723776,0,123605568,61,0
churn,609,Trimming,4096,12,1,0,1,9950,9950,9950,9950,4942,4942,1,1,0,123723776,127987712,0,127865536,63,0
churn,610,Trimming,4096,12,1,0,1,9966,9966,9966,9966,4950,4950,1,1,0,127987712,132251648,0,132125504,65,0
churn,611,Trimming,4096,12,1,0,1,9982,9982,9982,9982,4958,4958,1,1,0,132251648,136515584,0,136385472,67,0
churn,612,Trimming,4096,12,1,0,1,9998,9998,9998,9998,4966,4966,1,1,0,136515584,140779520,0,140645440,69,0
churn,613,Trimming,4096,12,1,0,1,10014,10014,10014,10014,4974,4974,1,1,0,140779520,145043456,0,144905408,71,0
churn,614,Trimming,4096,12,1,0,1,10030,10030,10030,10030,4982,4982,1,1,0,145043456,149307392,0,149165376,73,0
churn,615,Trimming,4096,12,1,0,1,10046,10046,10046,10046,4990,4990,1,1,0,149307392,153571328,0,153425344,75,0
churn,616,Trimming,4096,12,1,0,1,10062,10062,10062,10062,4998,4998,1,1,0,153571328,157835264,0,157685312,77,0
churn,617,Trimming,4096,12,1,0,1,10078,10078,10078,10078,5006,5006,1,1,0,157835264,162099200,0,161945280,79,0
churn,618,Trimming,4096,12,1,0,1,10094,10094,10094,10094,5014,5014,1,1,0,162099200,166363136,0,166205248,81,0
churn,619,Trimming,4096,12,1,0,1,10110,10110,10110,10110,5022,5022,1,1,0,166363136,170627072,0,170465216,83,0
churn,620,Trimming,4096,12,1,0,1,10126,10126,10126,10126,5030,5030,1,1,0,170627072,174891008,0,174725184,85,0
churn,621,Trimming,4096,12,1,0,1,10142,10142,10142,10142,5038,5038,1,1,0,174891008,179154944,0,178985152,87,0
churn,622,Trimming,4096,12,1,0,1,10158,10158,10158,10158,5046,5046,1,1,0,179154944,183418880,0,183245120,89,0
churn,623,Trimming,4096,12,1,0,1,10174,10174,10174,10174,5054,5054,1,1,0,183418880,187682816,0,187505088,91,0
churn,624,Trimming,4096,12,1,0,1,10190,10190,10190,10190,5062,5062,1,1,0,187682816,191946752,0,191765056,93,0
churn,625,Trimming,4096,12,1,0,1,10206,10206,10206,10206,5070,5070,1,1,0,191946752,196210688,0,196025024,95,0
churn,626,Trimming,4096,12,1,0,1,10222,10222,10222,10222,5078,5078,1,1,0,196210688,200474624,0,200284992,97,0
churn,627,Trimming,4096,12,1,0,1,10238,10238,10238,10238,5086,5086,1,1,0,200474624,204738560,0,204544960,99,0
churn,628,Trimming,4096,12,1,0,1,10254,10254,10254,10254,5094,5094,1,1,0,204738560,209002496,0,208804928,101,0
churn,629,Trimming,4096,12,1,0,1,10270,10270,10270,10270,5102,5102,1,1,0,209002496,213266432,0,213064896,103,0
churn,630,Trimming,4096,12,1,0,1,10286,10286,10286,10286,5110,5110,1,1,0,213266432,217530368,0,217324864,109,0
churn,631,Trimming,4096,12,1,0,1,10302,10302,10302,10302,5118,5118,1,1,0,217530368,221794304,0,221584832,111,0
churn,632,Trimming,4096,12,1,0,1,10318,10318,10318,10318,5126,5126,1,1,0,221794304,226058240,0,225844800,113,0
churn,633,Trimming,4096,12,1,0,1,10334,10334,10334,10334,5134,5134,1,1,0,226058240,230322176,0,230104768,115,0
churn,634,Trimming,4096,16,1,0,1,10350,10350,10350,10350,5142,5142,1,1,0,230322176,234586112,0,234364736,117,0
churn,635,Trimming,4096,16,1,0,1,10366,10366,10366,10366,5150,5150,1,1,0,234586112,238850048,0,238624704,119,0
churn,636,Trimming,4096,12,1,0,1,10382,10382,10382,10382,5158,5158,1,1,0,238850048,243113984,0,242884672,121,0
churn,637,Trimming,4096,12,1,0,1,10398,10398,10398,10398,5166,5166,1,1,0,243113984,247377920,0,247144640,123,0
churn,638,Trimming,4096,12,1,0,1,10414,10414,10414,10414,5174,5174,1,1,0,247377920,251641856,0,251404608,125,0
churn,639,Trimming,4096,12,1,0,1,10430,10430,10430,10430,5182,5182,1,1,0,251641856,255905792,0,255664576,127,0
churn,640,Trimming,4096,12,1,0,1,10446,10446,10446,10446,5190,5190,1,1,0,255905792,260169728,0,259924544,129,0
churn,641,Trimming,4096,12,1,0,1,10462,10462,10462,10462,5198,5198,1,1,0,260169728,264433664,0,264184512,131,0
churn,642,Trimming,4096,0,1,0,1,10478,10478,10478,10478,5206,5206,1,1,0,264433664,268697600,0,268444480,133,0
churn,643,Trimming,4096,0,1,0,1,10494,10494,10494,10494,5214,5214,1,1,0,268697600,272891904,0,268444480,133,0
churn,644,Trimming,4096,0,1,0,1,10510,10510,10510,10510,5222,5222,1,1,0,272891904,277086208,0,268444480,133,0
churn,645,Trimming,4096,0,1,0,1,10526,10526,10526,10526,5230,5230,1,1,0,277086208,281280512,0,268444480,133,0
churn,646,Trimming,4096,0,1,0,1,10542,10542,10542,10542,5238,5238,1,1,0,281280512,285474816,0,268444480,133,0
churn,647,Trimming,4096,0,1,0,1,10558,10558,10558,10558,5246,5246,1,1,0,285474816,289669120,0,268444480,133,0
churn,648,Trimming,4096,0,1,0,1,10574,10574,10574,10574,5254,5254,1,1,0,289669120,293863424,0,268444480,133,0
churn,649,Trimming,4096,0,1,0,1,10590,10590,10590,10590,5262,5262,1,1,0,293863424,298057728,0,268444480,133,0
churn,650,Trimming,4096,0,1,0,1,10606,10606,10606,10606,5270,5270,1,1,0,298057728,302252032,0,268444480,133,0
churn,651,Trimming,4096,0,1,0,1,10622,10622,10622,10622,5278,5278,1,1,0,302252032,306446336,0,268444480,133,0
churn,652,Trimming,4096,0,1,0,1,10638,10638,10638,10638,5286,5286,1,1,0,306446336,310640640,0,268444480,133,0
churn,653,Trimming,4096,0,1,0,1,10654,10654,10654,10654,5294,5294,1,1,0,310640640,314834944,0,268444480,133,0
churn,654,Trimming,4096,0,1,0,1,10670,10670,10670,10670,5302,5302,1,1,0,314834944,319029248,0,268444480,133,0
churn,655,Trimming,4096,0,1,0,1,10686,10686,10686,10686,5310,5310,1,1,0,319029248,323223552,0,268444480,133,0
churn,656,Trimming,4096,0,1,0,1,10702,10702,10702,10702,5318,5318,1,1,0,323223552,327417856,0,268444480,133,0
churn,657,Trimming,4096,0,1,0,1,10718,10718,10718,10718,5326,5326,1,1,0,327417856,331612160,0,268444480,133,0
churn,658,Trimming,4096,0,1,0,1,10734,10734,10734,10734,5334,5334,1,1,0,331612160,335806464,0,268444480,133,0
churn,659,Trimming,4096,0,1,0,1,10750,10750,10750,10750,5342,5342,1,1,0,335806464,340000768,0,268444480,133,0
churn,660,Trimming,4096,0,1,0,1,10766,10766,10766,10766,5350,5350,1,1,0,340000768,344195072,0,268444480,133,0
churn,661,Trimming,4096,0,1,0,1,10782,10782,10782,10782,5358,5358,1,1,0,344195072,348389376,0,268444480,133,0
churn,662,Trimming,4096,0,1,0,1,10798,10798,10798,10798,5366,5366,1,1,0,348389376,352583680,0,268444480,133,0
churn,663,Trimming,4096,0,1,0,1,10814,10814,10814,10814,5374,5374,1,1,0,352583680,356777984,0,268444480,133,0
churn,664,Trimming,4096,0,1,0,1,10830,10830,10830,10830,5382,5382,1,1,0,356777984,360972288,0,268444480,133,0
churn,665,Trimming,4096,0,1,0,1,10846,10846,10846,10846,5390,5390,1,1,0,360972288,365166592,0,268444480,133,0
churn,666,Trimming,4096,0,1,0,1,10862,10862,10862,10862,5398,5398,1,1,0,365166592,369360896,0,268444480,133,0
churn,667,Trimming,4096,0,1,0,1,10878,10878,10878,10878,5406,5406,1,1,0,369360896,373555200,0,268444480,133,0
churn,668,Trimming,4096,0,1,0,1,10894,10894,10894,10894,5414,5414,1,1,0,373555200,377749504,0,268444480,133,0
churn,669,Trimming,4096,0,1,0,1,10910,10910,10910,10910,5422,5422,1,1,0,377749504,381943808,0,268444480,133,0
churn,670,Trimming,4096,0,1,0,1,10926,10926,10926,10926,5430,5430,1,1,0,381943808,386138112,0,268444480,133,0
churn,671,Trimming,4096,0,1,0,1,10942,10942,10942,10942,5438,5438,1,1,0,386138112,390332416,0,268444480,133,0
churn,672,Trimming,4096,0,1,0,1,10958,10958,10958,10958,5446,5446,1,1,0,390332416,394526720,0,268444480,133,0
churn,673,Trimming,4096,0,1,0,1,10974,10974,10974,10974,5454,5454,1,1,0,394526720,398721024,0,268444480,133,0
churn,674,Trimming,4096,0,1,0,1,10990,10990,10990,10990,5462,5462,1,1,0,398721024,402915328,0,268444480,133,0
churn,675,Trimming,4096,0,1,0,1,11006,11006,11006,11006,5470,5470,1,1,0,402915328,407109632,0,268444480,133,0
churn,676,Trimming,4096,0,1,0,1,11022,11022,11022,11022,5478,5478,1,1,0,407109632,411303936,0,268444480,133,0
churn,677,Trimming,4096,0,1,0,1,11038,11038,11038,11038,5486,5486,1,1,0,411303936,415498240,0,268444480,133,0
churn,678,Trimming,4096,0,1,0,1,11054,11054,11054,11054,5494,5494,1,1,0,415498240,419692544,0,268444480,133,0
churn,679,Trimming,4096,0,1,0,1,11070,11070,11070,11070,5502,5502,1,1,0,419692544,423886848,0,268444480,133,0
churn,680,Trimming,4096,0,1,0,1,11086,11086,11086,11086,5510,5510,1,1,0,423886848,428081152,0,268444480,133,0
churn,681,Trimming,4096,0,1,0,1,11102,11102,11102,11102,5518,5518,1,1,0,428081152,432275456,0,268444480,133,0
churn,682,Trimming,4096,0,1,0,1,11118,11118,11118,11118,5526,5526,1,1,0,432275456,436469760,0,268444480,133,0
churn,683,Trimming,4096,0,1,0,1,11134,11134,11134,11134,5534,5534,1,1,0,436469760,440664064,0,268444480,133,0
churn,684,Trimming,4096,0,1,0,1,11150,11150,11150,11150,5542,5542,1,1,0,440664064,444858368,0,268444480,133,0
churn,685,Trimming,4096,0,1,0,1,11166,11166,11166,11166,5550,5550,1,1,0,444858368,449052672,0,268444480,133,0
churn,686,Trimming,4096,0,1,0,1,11182,11182,11182,11182,5558,5558,1,1,0,449052672,453246976,0,268444480,133,0
churn,687,Trimming,4096,0,1,0,1,11198,11198,11198,11198,5566,5566,1,1,0,453246976,457441280,0,268444480,133,0
churn,688,Trimming,4096,0,1,0,1,11214,11214,11214,11214,5574,5574,1,1,0,457441280,461635584,0,268444480,133,0
churn,689,Trimming,4096,0,1,0,1,11230,11230,11230,11230,5582,5582,1,1,0,461635584,465829888,0,268444480,133,0
churn,690,Trimming,4096,0,1,0,1,11246,11246,11246,11246,5590,5590,1,1,0,465829888,470024192,0,268444480,133,0
churn,691,Trimming,4096,0,1,0,1,11262,11262,11262,11262,5598,5598,1,1,0,470024192,474218496,0,268444480,133,0
churn,692,Trimming,4096,0,1,0,1,11278,11278,11278,11278,5606,5606,1,1,0,474218496,478412800,0,268444480,133,0
churn,693,Trimming,4096,0,1,0,1,11294,11294,11294,11294,5614,5614,1,1,0,478412800,482607104,0,268444480,133,0
churn,694,Trimming,4096,0,1,0,1,11310,11310,11310,11310,5622,5622,1,1,0,482607104,486801408,0,268444480,133,0
churn,695,Trimming,4096,0,1,0,1,11326,11326,11326,11326,5630,5630,1,1,0,486801408,490995712,0,268444480,133,0
churn,696,Trimming,4096,0,1,0,1,11342,11342,11342,11342,5638,5638,1,1,0,490995712,495190016,0,268444480,133,0
churn,697,Trimming,4096,0,1,0,1,11358,11358,11358,11358,5646,5646,1,1,0,495190016,499384320,0,268444480,133,0
churn,698,Trimming,4096,0,1,0,1,11374,11374,11374,11374,5654,5654,1,1,0,499384320,503578624,0,268444480,133,0
churn,699,Trimming,4096,0,1,0,1,11390,11390,11390,11390,5662,5662,1,1,0,503578624,507772928,0,268444480,133,0
churn,700,Trimming,4096,0,1,0,1,11406,11406,11406,11406,5670,5670,1,1,0,507772928,511967232,0,268444480,133,0
churn,701,Trimming,4096,0,1,0,1,11422,11422,11422,11422,5678,5678,1,1,0,511967232,516161536,0,268444480,133,0
churn,702,Trimming,4096,0,1,0,1,11438,11438,11438,11438,5686,5686,1,1,0,516161536,520355840,0,268444480,133,0
churn,703,Trimming,4096,0,1,0,1,11454,11454,11454,11454,5694,5694,1,1,0,520355840,524550144,0,268444480,133,0
churn,704,Trimming,4096,0,1,0,1,11470,11470,11470,11470,5702,5702,1,1,0,524550144,528744448,0,268444480,133,0
churn,705,Trimming,4096,0,1,0,1,11486,11486,11486,11486,5710,5710,1,1,0,528744448,532938752,0,268444480,133,0
churn,706,Trimming,4096,0,1,0,1,11502,11502,11502,11502,5718,5718,1,1,0,532938752,537133056,0,268444480,133,0
churn,707,Trimming,4096,0,1,0,1,11518,11518,11518,11518,5726,5726,1,1,0,537133056,541327360,0,268444480,133,0
churn,708,Trimming,4096,0,1,0,1,11534,11534,11534,11534,5734,5734,1,1,0,541327360,545521664,0,268444480,133,0
churn,709,Trimming,4096,0,1,0,1,11550,11550,11550,11550,5742,5742,1,1,0,545521664,549715968,0,268444480,133,0
churn,710,Trimming,4096,0,1,0,1,11566,11566,11566,11566,5750,5750,1,1,0,549715968,553910272,0,268444480,133,0
churn,711,Trimming,4096,0,1,0,1,11582,11582,11582,11582,5758,5758,1,1,0,553910272,558104576,0,268444480,133,0
churn,712,Trimming,4096,0,1,0,1,11598,11598,11598,11598,5766,5766,1,1,0,558104576,562298880,0,268444480,133,0
churn,713,Trimming,4096,0,1,0,1,11614,11614,11614,11614,5774,5774,1,1,0,562298880,566493184,0,268444480,133,0
churn,714,Trimming,4096,0,1,0,1,11630,11630,11630,11630,5782,5782,1,1,0,566493184,570687488,0,268444480,133,0
churn,715,Trimming,4096,0,1,0,1,11646,11646,11646,11646,5790,5790,1,1,0,570687488,574881792,0,268444480,133,0
churn,716,Trimming,4096,0,1,0,1,11662,11662,11662,11662,5798,5798,1,1,0,574881792,579076096,0,268444480,133,0
churn,717,Trimming,4096,0,1,0,1,11678,11678,11678,11678,5806,5806,1,1,0,579076096,583270400,0,268444480,133,0
churn,718,Trimming,4096,0,1,0,1,11694,11694,11694,11694,5814,5814,1,1,0,583270400,587464704,0,268444480,133,0
churn,719,Trimming,4096,0,1,0,1,11710,11710,11710,11710,5822,5822,1,1,0,587464704,591659008,0,268444480,133,0
churn,720,Trimming,4096,0,1,0,1,11726,11726,11726,11726,5830,5830,1,1,0,591659008,595853312,0,268444480,133,0
churn,721,Trimming,4096,0,1,0,1,11742,11742,11742,11742,5838,5838,1,1,0,595853312,600047616,0,268444480,133,0
churn,722,Trimming,4096,0,1,0,1,11758,11758,11758,11758,5846,5846,1,1,0,600047616,604241920,0,268444480,133,0
churn,723,Trimming,4096,0,1,0,1,11774,11774,11774,11774,5854,5854,1,1,0,604241920,608436224,0,268444480,133,0
churn,724,Trimming,3836,0,1,0,1,11790,11790,11790,11790,5862,5862,1,1,0,608436224,612368304,0,612368304,133,1
churn,725,Trimming,4096,16,1,0,1,11806,11806,11806,11806,5870,5870,1,1,1,0,4333568,0,4326464,5,0
churn,726,Trimming,4096,16,1,0,1,11822,11822,11822,11822,5878,5878,1,1,0,4333568,8597504,0,8586432,7,0
churn,727,Trimming,4096,16,1,0,1,11838,11838,11838,11838,5886,5886,1,1,0,8597504,12861440,0,12846400,9,0
churn,728,Trimming,4096,12,1,0,1,11854,11854,11854,11854,5894,5894,1,1,0,12861440,17125376,0,17106368,11,0
churn,729,Trimming,4096,12,1,0,1,11870,11870,11870,11870,5902,5902,1,1,0,17125376,21389312,0,21366336,13,0
churn,730,Trimming,4096,12,1,0,1,11886,11886,11886,11886,5910,5910,1,1,0,21389312,25653248,0,25626304,15,0
churn,731,Trimming,4096,12,1,0,1,11902,11902,11902,11902,5918,5918,1,1,0,25653248,29917184,0,29886272,17,0
churn,732,Trimming,4096,12,1,0,1,11918,11918,11918,11918,5926,5926,1,1,0,29917184,34181120,0,34146240,19,0
churn,733,Trimming,4096,12,1,0,1,11934,11934,11934,11934,5934,5934,1,1,0,34181120,38445056,0,38406208,21,0
churn,734,Trimming,4096,12,1,0,1,11950,11950,11950,11950,5942,5942,1,1,0,38445056,42708992,0,42666176,23,0
churn,735,Trimming,4096,12,1,0,1,11966,11966,11966,11966,5950,5950,1,1,0,42708992,46972928,0,46926144,25,0
churn,736,Trimming,4096,12,1,0,1,11982,11982,11982,11982,5958,5958,1,1,0,46972928,51236864,0,51186112,27,0
churn,737,Trimming,4096,12,1,0,1,11998,11998,11998,11998,5966,5966,1,1,0,51236864,55500800,0,55446080,29,0
churn,738,Trimming,4096,12,1,0,1,12014,12014,12014,12014,5974,5974,1,1,0,55500800,59764736,0,59706048,31,0
churn,739,Trimming,4096,12,1,0,1,12030,12030,12030,12030,5982,5982,1,1,0,59764736,64028672,0,63966016,33,0
churn,740,Trimming,4096,12,1,0,1,12046,12046,12046,12046,5990,5990,1,1,0,64028672,68292608,0,68225984,35,0
churn,741,Trimming,4096,12,1,0,1,12062,12062,12062,12062,5998,5998,1,1,0,68292608,72556544,0,72485952,37,0
churn,742,Trimming,4096,12,1,0,1,12078,12078,12078,12078,6006,6006,1,1,0,72556544,76820480,0,76745920,39,0
churn,743,Trimming,4096,12,1,0,1,12094,12094,12094,12094,6014,6014,1,1,0,76820480,81084416,0,81005888,41,0
churn,744,Trimming,4096,12,1,0,1,12110,12110,12110,12110,6022,6022,1,1,0,81084416,85348352,0,85265856,43,0
churn,745,Trimming,4096,12,1,0,1,12126,12126,12126,12126,6030,6030,1,1,0,85348352,89612288,0,89525824,45,0
churn,746,Trimming,4096,12,1,0,1,12142,12142,12142,12142,6038,6038,1,1,0,89612288,93876224,0,93785792,47,0
churn,747,Trimming,4096,16,1,0,1,12158,12158,12158,12158,6046,6046,1,1,0,93876224,98140160,0,98045760,49,0
churn,748,Trimming,4096,16,1,0,1,12174,12174,12174,12174,6054,6054,1,1,0,98140160,102404096,0,102305728,51,0
churn,749,Trimming,4096,12,1,0,1,12190,12190,12190,12190,6062,6062,1,1,0,102404096,106668032,0,106565696,53,0
churn,750,Trimming,4096,12,1,0,1,12206,12206,12206,12206,6070,6070,1,1,0,106668032,110931968,0,110825664,55,0
churn,751,Trimming,4096,12,1,0,1,12222,12222,12222,12222,6078,6078,1,1,0,110931968,115195904,0,115085632,57,0
churn,752,Trimming,4096,12,1,0,1,12238,12238,12238,12238,6086,6086,1,1,0,115195904,119459840,0,119345600,59,0
churn,753,Trimming,4096,12,1,0,1,12254,12254,12254,12254,6094,6094,1,1,0,119459840,123723776,0,123605568,61,0
churn,754,Trimming,4096,12,1,0,1,12270,12270,12270,12270,6102,6102,1,1,0,123723776,127987712,0,127865536,63,0
churn,755,Trimming,4096,12,1,0,1,12286,12286,12286,12286,6110,6110,1,1,0,127987712,132251648,0,132125504,65,0
churn,756,Trimming,4096,12,1,0,1,12302,12302,12302,12302,6118,6118,1,1,0,132251648,136515584,0,136385472,71,0
churn,757,Trimming,4096,12,1,0,1,12318,12318,12318,12318,6126,6126,1,1,0,136515584,140779520,0,140645440,73,0
churn,758,Trimming,4096,12,1,0,1,12334,12334,12334,12334,6134,6134,1,1,0,140779520,145043456,0,144905408,75,0
churn,759,Trimming,4096,12,1,0,1,12350,12350,12350,12350,6142,6142,1,1,0,145043456,149307392,0,149165376,77,0
churn,760,Trimming,4096,12,1,0,1,12366,12366,12366,12366,6150,6150,1,1,0,149307392,153571328,0,153425344,79,0
churn,761,Trimming,4096,12,1,0,1,12382,12382,12382,12382,6158,6158,1,1,0,153571328,157835264,0,157685312,81,0
churn,762,Trimming,4096,12,1,0,1,12398,12398,12398,12398,6166,6166,1,1,0,157835264,162099200,0,161945280,83,0
churn,763,Trimming,4096,12,1,0,1,12414,12414,12414,12414,6174,6174,1,1,0,162099200,166363136,0,166205248,85,0
churn,764,Trimming,4096,12,1,0,1,12430,12430,12430,12430,6182,6182,1,1,0,166363136,170627072,0,170465216,87,0
churn,765,Trimming,4096,12,1,0,1,12446,12446,12446,12446,6190,6190,1,1,0,170627072,174891008,0,174725184,89,0
churn,766,Trimming,4096,12,1,0,1,12462,12462,12462,12462,6198,6198,1,1,0,174891008,179154944,0,178985152,91,0
churn,767,Trimming,4096,12,1,0,1,12478,12478,12478,12478,6206,6206,1,1,0,179154944,183418880,0,183245120,93,0
churn,768,Trimming,4096,12,1,0,1,12494,12494,12494,12494,6214,6214,1,1,0,183418880,187682816,0,187505088,95,0
churn,769,Trimming,4096,12,1,0,1,12510,12510,12510,12510,6222,6222,1,1,0,187682816,191946752,0,191765056,97,0
churn,770,Trimming,4096,12,1,0,1,12526,12526,12526,12526,6230,6230,1,1,0,191946752,196210688,0,196025024,99,0
churn,771,Trimming,4096,12,1,0,1,12542,12542,12542,12542,6238,6238,1,1,0,196210688,200474624,0,200284992,101,0
churn,772,Trimming,4096,12,1,0,1,12558,12558,12558,12558,6246,6246,1,1,0,200474624,204738560,0,204544960,103,0
churn,773,Trimming,4096,12,1,0,1,12574,12574,12574,12574,6254,6254,1,1,0,204738560,209002496,0,208804928,105,0
churn,774,Trimming,4096,12,1,0,1,12590,12590,12590,12590,6262,6262,1,1,0,209002496,213266432,0,213064896,107,0
churn,775,Trimming,4096,12,1,0,1,12606,12606,12606,12606,6270,6270,1,1,0,213266432,217530368,0,217324864,109,0
churn,776,Trimming,4096,12,1,0,1,12622,12622,12622,12622,6278,6278,1,1,0,217530368,221794304,0,221584832,111,0
churn,777,Trimming,4096,12,1,0,1,12638,12638,12638,12638,6286,6286,1,1,0,221794304,226058240,0,225844800,113,0
churn,778,Trimming,4096,12,1,0,1,12654,12654,12654,12654,6294,6294,1,1,0,226058240,230322176,0,230104768,115,0
churn,779,Trimming,4096,16,1,0,1,12670,12670,12670,12670,6302,6302,1,1,0,230322176,234586112,0,234364736,117,0
churn,780,Trimming,4096,16,1,0,1,12686,12686,12686,12686,6310,6310,1,1,0,234586112,238850048,0,238624704,119,0
churn,781,Trimming,4096,12,1,0,1,12702,12702,12702,12702,6318,6318,1,1,0,238850048,243113984,0,242884672,121,0
churn,782,Trimming,4096,12,1,0,1,12718,12718,12718,12718,6326,6326,1,1,0,243113984,247377920,0,247144640,123,0
churn,783,Trimming,4096,12,1,0,1,12734,12734,12734,12734,6334,6334,1,1,0,247377920,251641856,0,251404608,125,0
churn,784,Trimming,4096,12,1,0,1,12750,12750,12750,12750,6342,6342,1,1,0,251641856,255905792,0,255664576,127,0
churn,785,Trimming,4096,12,1,0,1,12766,12766,12766,12766,6350,6350,1,1,0,255905792,260169728,0,259924544,129,0
churn,786,Trimming,4096,12,1,0,1,12782,12782,12782,12782,6358,6358,1,1,0,260169728,264433664,0,264184512,131,0
churn,787,Trimming,4096,0,1,0,1,12798,12798,12798,12798,6366,6366,1,1,0,264433664,268697600,0,268444480,133,0
churn,788,Trimming,4096,0,1,0,1,12814,12814,12814,12814,6374,6374,1,1,0,268697600,272891904,0,268444480,133,0
churn,789,Trimming,4096,0,1,0,1,12830,12830,12830,12830,6382,6382,1,1,0,272891904,277086208,0,268444480,133,0
churn,790,Trimming,4096,0,1,0,1,12846,12846,12846,12846,6390,6390,1,1,0,277086208,281280512,0,268444480,133,0
churn,791,Trimming,4096,0,1,0,1,12862,12862,12862,12862,6398,6398,1,1,0,281280512,285474816,0,268444480,133,0
churn,792,Trimming,4096,0,1,0,1,12878,12878,12878,12878,6406,6406,1,1,0,285474816,289669120,0,268444480,133,0
churn,793,Trimming,4096,0,1,0,1,12894,12894,12894,12894,6414,6414,1,1,0,289669120,293863424,0,268444480,133,0
churn,794,Trimming,4096,0,1,0,1,12910,12910,12910,12910,6422,6422,1,1,0,293863424,298057728,0,268444480,133,0
churn,795,Trimming,4096,0,1,0,1,12926,12926,12926,12926,6430,6430,1,1,0,298057728,302252032,0,268444480,133,0
churn,796,Trimming,4096,0,1,0,1,12942,12942,12942,12942,6438,6438,1,1,0,302252032,306446336,0,268444480,133,0
churn,797,Trimming,4096,0,1,0,1,12958,12958,12958,12958,6446,6446,1,1,0,306446336,310640640,0,268444480,133,0
churn,798,Trimming,4096,0,1,0,1,12974,12974,12974,12974,6454,6454,1,1,0,310640640,314834944,0,268444480,133,0
churn,799,Trimming,4096,0,1,0,1,12990,12990,12990,12990,6462,6462,1,1,0,314834944,319029248,0,268444480,133,0
churn,800,Trimming,4096,0,1,0,1,13006,13006,13006,13006,6470,6470,1,1,0,319029248,323223552,0,268444480,133,0
churn,801,Trimming,4096,0,1,0,1,13022,13022,13022,13022,6478,6478,1,1,0,323223552,327417856,0,268444480,133,0
churn,802,Trimming,4096,0,1,0,1,13038,13038,13038,13038,6486,6486,1,1,0,327417856,331612160,0,268444480,133,0
churn,803,Trimming,4096,0,1,0,1,13054,13054,13054,13054,6494,6494,1,1,0,331612160,335806464,0,268444480,133,0
churn,804,Trimming,4096,0,1,0,1,13070,13070,13070,13070,6502,6502,1,1,0,335806464,340000768,0,268444480,133,0
churn,805,Trimming,4096,0,1,0,1,13086,13086,13086,13086,6510,6510,1,1,0,340000768,344195072,0,268444480,133,0
churn,806,Trimming,4096,0,1,0,1,13102,13102,13102,13102,6518,6518,1,1,0,344195072,348389376,0,268444480,133,0
churn,807,Trimming,4096,0,1,0,1,13118,13118,13118,13118,6526,6526,1,1,0,348389376,352583680,0,268444480,133,0
churn,808,Trimming,4096,0,1,0,1,13134,13134,13134,13134,6534,6534,1,1,0,352583680,356777984,0,268444480,133,0
churn,809,Trimming,4096,0,1,0,1,13150,13150,13150,13150,6542,6542,1,1,0,356777984,360972288,0,268444480,133,0
churn,810,Trimming,4096,0,1,0,1,13166,13166,13166,13166,6550,6550,1,1,0,360972288,365166592,0,268444480,133,0
churn,811,Trimming,4096,0,1,0,1,13182,13182,13182,13182,6558,6558,1,1,0,365166592,369360896,0,268444480,133,0
churn,812,Trimming,4096,0,1,0,1,13198,13198,13198,13198,6566,6566,1,1,0,369360896,373555200,0,268444480,133,0
churn,813,Trimming,4096,0,1,0,1,13214,13214,13214,13214,6574,6574,1,1,0,373555200,377749504,0,268444480,133,0
churn,814,Trimming,4096,0,1,0,1,13230,13230,13230,13230,6582,6582,1,1,0,377749504,381943808,0,268444480,133,0
churn,815,Trimming,4096,0,1,0,1,13246,13246,13246,13246,6590,6590,1,1,0,381943808,386138112,0,268444480,133,0
churn,816,Trimming,4096,0,1,0,1,13262,13262,13262,13262,6598,6598,1,1,0,386138112,390332416,0,268444480,133,0
churn,817,Trimming,4096,0,1,0,1,13278,13278,13278,13278,6606,6606,1,1,0,390332416,394526720,0,268444480,133,0
churn,818,Trimming,4096,0,1,0,1,13294,13294,13294,13294,6614,6614,1,1,0,394526720,398721024,0,268444480,133,0
churn,819,Trimming,4096,0,1,0,1,13310,13310,13310,13310,6622,6622,1,1,0,398721024,402915328,0,268444480,133,0
churn,820,Trimming,4096,0,1,0,1,13326,13326,13326,13326,6630,6630,1,1,0,402915328,407109632,0,268444480,133,0
churn,821,Trimming,4096,0,1,0,1,13342,13342,13342,13342,6638,6638,1,1,0,407109632,411303936,0,268444480,133,0
churn,822,Trimming,4096,0,1,0,1,13358,13358,13358,13358,6646,6646,1,1,0,411303936,415498240,0,268444480,133,0
churn,823,Trimming,4096,0,1,0,1,13374,13374,13374,13374,6654,6654,1,1,0,415498240,419692544,0,268444480,133,0
churn,824,Trimming,4096,0,1,0,1,13390,13390,13390,13390,6662,6662,1,1,0,419692544,423886848,0,268444480,133,0
churn,825,Trimming,4096,0,1,0,1,13406,13406,13406,13406,6670,6670,1,1,0,423886848,428081152,0,268444480,133,0
churn,826,Trimming,4096,0,1,0,1,13422,13422,13422,13422,6678,6678,1,1,0,428081152,432275456,0,268444480,133,0
churn,827,Trimming,4096,0,1,0,1,13438,13438,13438,13438,6686,6686,1,1,0,432275456,436469760,0,268444480,133,0
churn,828,Trimming,4096,0,1,0,1,13454,13454,13454,13454,6694,6694,1,1,0,436469760,440664064,0,268444480,133,0
churn,829,Trimming,4096,0,1,0,1,13470,13470,13470,13470,6702,6702,1,1,0,440664064,444858368,0,268444480,133,0
churn,830,Trimming,4096,0,1,0,1,13486,13486,13486,13486,6710,6710,1,1,0,444858368,449052672,0,268444480,133,0
churn,831,Trimming,4096,0,1,0,1,13502,13502,13502,13502,6718,6718,1,1,0,449052672,453246976,0,268444480,133,0
churn,832,Trimming,4096,0,1,0,1,13518,13518,13518,13518,6726,6726,1,1,0,453246976,457441280,0,268444480,133,0
churn,833,Trimming,4096,0,1,0,1,13534,13534,13534,13534,6734,6734,1,1,0,457441280,461635584,0,268444480,133,0
churn,834,Trimming,4096,0,1,0,1,13550,13550,13550,13550,6742,6742,1,1,0,461635584,465829888,0,268444480,133,0
churn,835,Trimming,4096,0,1,0,1,13566,13566,13566,13566,6750,6750,1,1,0,465829888,470024192,0,268444480,133,0
churn,836,Trimming,4096,0,1,0,1,13582,13582,13582,13582,6758,6758,1,1,0,470024192,474218496,0,268444480,133,0
churn,837,Trimming,4096,0,1,0,1,13598,13598,13598,13598,6766,6766,1,1,0,474218496,478412800,0,268444480,133,0
churn,838,Trimming,4096,0,1,0,1,13614,13614,13614,13614,6774,6774,1,1,0,478412800,482607104,0,268444480,133,0
churn,839,Trimming,4096,0,1,0,1,13630,13630,13630,13630,6782,6782,1,1,0,482607104,486801408,0,268444480,133,0
churn,840,Trimming,4096,0,1,0,1,13646,13646,13646,13646,6790,6790,1,1,0,486801408,490995712,0,268444480,133,0
churn,841,Trimming,4096,0,1,0,1,13662,13662,13662,13662,6798,6798,1,1,0,490995712,495190016,0,268444480,133,0
churn,842,Trimming,4096,0,1,0,1,13678,13678,13678,13678,6806,6806,1,1,0,495190016,499384320,0,268444480,133,0
churn,843,Trimming,4096,0,1,0,1,13694,13694,13694,13694,6814,6814,1,1,0,499384320,503578624,0,268444480,133,0
churn,844,Trimming,4096,0,1,0,1,13710,13710,13710,13710,6822,6822,1,1,0,503578624,507772928,0,268444480,133,0
churn,845,Trimming,4096,0,1,0,1,13726,13726,13726,13726,6830,6830,1,1,0,507772928,511967232,0,268444480,133,0
churn,846,Trimming,4096,0,1,0,1,13742,13742,13742,13742,6838,6838,1,1,0,511967232,516161536,0,268444480,133,0
churn,847,Trimming,4096,0,1,0,1,13758,13758,13758,13758,6846,6846,1,1,0,516161536,520355840,0,268444480,133,0
churn,848,Trimming,4096,0,1,0,1,13774,13774,13774,13774,6854,6854,1,1,0,520355840,524550144,0,268444480,133,0
churn,849,Trimming,4096,0,1,0,1,13790,13790,13790,13790,6862,6862,1,1,0,524550144,528744448,0,268444480,133,0
churn,850,Trimming,4096,0,1,0,1,13806,13806,13806,13806,6870,6870,1,1,0,528744448,532938752,0,268444480,133,0
churn,851,Trimming,4096,0,1,0,1,13822,13822,13822,13822,6878,6878,1,1,0,532938752,537133056,0,268444480,133,0
churn,852,Trimming,4096,0,1,0,1,13838,13838,13838,13838,6886,6886,1,1,0,537133056,541327360,0,268444480,133,0
churn,853,Trimming,4096,0,1,0,1,13854,13854,13854,13854,6894,6894,1,1,0,541327360,545521664,0,268444480,133,0
churn,854,Trimming,4096,0,1,0,1,13870,13870,13870,13870,6902,6902,1,1,0,545521664,549715968,0,268444480,133,0
churn,855,Trimming,4096,0,1,0,1,13886,13886,13886,13886,6910,6910,1,1,0,549715968,553910272,0,268444480,133,0
churn,856,Trimming,4096,0,1,0,1,13902,13902,13902,13902,6918,6918,1,1,0,553910272,558104576,0,268444480,133,0
churn,857,Trimming,4096,0,1,0,1,13918,13918,13918,13918,6926,6926,1,1,0,558104576,562298880,0,268444480,133,0
churn,858,Trimming,4096,0,1,0,1,13934,13934,13934,13934,6934,6934,1,1,0,562298880,566493184,0,268444480,133,0
churn,859,Trimming,4096,0,1,0,1,13950,13950,13950,13950,6942,6942,1,1,0,566493184,570687488,0,268444480,133,0
churn,860,Trimming,4096,0,1,0,1,13966,13966,13966,13966,6950,6950,1,1,0,570687488,574881792,0,268444480,133,0
churn,861,Trimming,4096,0,1,0,1,13982,13982,13982,13982,6958,6958,1,1,0,574881792,579076096,0,268444480,133,0
churn,862,Trimming,4096,0,1,0,1,13998,13998,13998,13998,6966,6966,1,1,0,579076096,583270400,0,268444480,133,0
churn,863,Trimming,4096,0,1,0,1,14014,14014,14014,14014,6974,6974,1,1,0,583270400,587464704,0,268444480,133,0
churn,864,Trimming,4096,0,1,0,1,14030,14030,14030,14030,6982,6982,1,1,0,587464704,591659008,0,268444480,133,0
churn,865,Trimming,4096,0,1,0,1,14046,14046,14046,14046,6990,6990,1,1,0,591659008,595853312,0,268444480,133,0
churn,866,Trimming,4096,0,1,0,1,14062,14062,14062,14062,6998,6998,1,1,0,595853312,600047616,0,268444480,133,0
churn,867,Trimming,4096,0,1,0,1,14078,14078,14078,14078,7006,7006,1,1,0,600047616,604241920,0,268444480,133,0
churn,868,Trimming,4096,0,1,0,1,14094,14094,14094,14094,7014,7014,1,1,0,604241920,608436224,0,268444480,133,0
churn,869,Trimming,3836,0,1,0,1,14110,14110,14110,14110,7022,7022,1,1,0,608436224,612368304,0,612368304,133,1
churn,870,Trimming,4096,16,1,0,1,14126,14126,14126,14126,7030,7030,1,1,1,0,4333568,0,4326464,5,0
churn,871,Trimming,4096,16,1,0,1,14142,14142,14142,14142,7038,7038,1,1,0,4333568,8597504,0,8586432,7,0
churn,872,Trimming,4096,16,1,0,1,14158,14158,14158,14158,7046,7046,1,1,0,8597504,12861440,0,12846400,9,0
churn,873,Trimming,4096,12,1,0,1,14174,14174,14174,14174,7054,7054,1,1,0,12861440,17125376,0,17106368,11,0
churn,874,Trimming,4096,12,1,0,1,14190,14190,14190,14190,7062,7062,1,1,0,17125376,21389312,0,21366336,13,0
churn,875,Trimming,4096,12,1,0,1,14206,14206,14206,14206,7070,7070,1,1,0,21389312,25653248,0,25626304,15,0
churn,876,Trimming,4096,12,1,0,1,14222,14222,14222,14222,7078,7078,1,1,0,25653248,29917184,0,29886272,17,0
churn,877,Trimming,4096,12,1,0,1,14238,14238,14238,14238,7086,7086,1,1,0,29917184,34181120,0,34146240,19,0
churn,878,Trimming,4096,12,1,0,1,14254,14254,14254,14254,7094,7094,1,1,0,34181120,38445056,0,38406208,21,0
churn,879,Trimming,4096,12,1,0,1,14270,14270,14270,14270,7102,7102,1,1,0,38445056,42708992,0,42666176,23,0
churn,880,Trimming,4096,12,1,0,1,14286,14286,14286,14286,7110,7110,1,1,0,42708992,46972928,0,46926144,25,0
churn,881,Trimming,4096,12,1,0,1,14302,14302,14302,14302,7118,7118,1,1,0,46972928,51236864,0,51186112,27,0
churn,882,Trimming,4096,12,1,0,1,14318,14318,14318,14318,7126,7126,1,1,0,51236864,55500800,0,55446080,33,0
churn,883,Trimming,4096,12,1,0,1,14334,14334,14334,14334,7134,7134,1,1,0,55500800,59764736,0,59706048,35,0
churn,884,Trimming,4096,12,1,0,1,14350,14350,14350,14350,7142,7142,1,1,0,59764736,64028672,0,63966016,37,0
churn,885,Trimming,4096,12,1,0,1,14366,14366,14366,14366,7150,7150,1,1,0,64028672,68292608,0,68225984,39,0
churn,886,Trimming,4096,12,1,0,1,14382,14382,14382,14382,7158,7158,1,1,0,68292608,72556544,0,72485952,41,0
churn,887,Trimming,4096,12,1,0,1,14398,14398,14398,14398,7166,7166,1,1,0,72556544,76820480,0,76745920,43,0
churn,888,Trimming,4096,12,1,0,1,14414,14414,14414,14414,7174,7174,1,1,0,76820480,81084416,0,81005888,45,0
churn,889,Trimming,4096,12,1,0,1,14430,14430,14430,14430,7182,7182,1,1,0,81084416,85348352,0,85265856,47,0
churn,890,Trimming,4096,12,1,0,1,14446,14446,14446,14446,7190,7190,1,1,0,85348352,89612288,0,89525824,49,0
churn,891,Trimming,4096,12,1,0,1,14462,14462,14462,14462,7198,7198,1,1,0,89612288,93876224,0,93785792,51,0
churn,892,Trimming,4096,16,1,0,1,14478,14478,14478,14478,7206,7206,1,1,0,93876224,98140160,0,98045760,53,0
churn,893,Trimming,4096,16,1,0,1,14494,14494,14494,14494,7214,7214,1,1,0,98140160,102404096,0,102305728,55,0
churn,894,Trimming,4096,12,1,0,1,14510,14510,14510,14510,7222,7222,1,1,0,102404096,106668032,0,106565696,57,0
churn,895,Trimming,4096,12,1,0,1,14526,14526,14526,14526,7230,7230,1,1,0,106668032,110931968,0,110825664,59,0
churn,896,Trimming,4096,12,1,0,1,14542,14542,14542,14542,7238,7238,1,1,0,110931968,115195904,0,115085632,61,0
churn,897,Trimming,4096,12,1,0,1,14558,14558,14558,14558,7246,7246,1,1,0,115195904,119459840,0,119345600,63,0
churn,898,Trimming,4096,12,1,0,1,14574,14574,14574,14574,7254,7254,1,1,0,119459840,123723776,0,123605568,65,0
churn,899,Trimming,4096,12,1,0,1,14590,14590,14590,14590,7262,7262,1,1,0,123723776,127987712,0,127865536,67,0
churn,900,Trimming,4096,12,1,0,1,14606,14606,14606,14606,7270,7270,1,1,0,127987712,132251648,0,132125504,69,0
churn,901,Trimming,4096,12,1,0,1,14622,14622,14622,14622,7278,7278,1,1,0,132251648,136515584,0,136385472,71,0
churn,902,Trimming,4096,12,1,0,1,14638,14638,14638,14638,7286,7286,1,1,0,136515584,140779520,0,140645440,73,0
churn,903,Trimming,4096,12,1,0,1,14654,14654,14654,14654,7294,7294,1,1,0,140779520,145043456,0,144905408,75,0
churn,904,Trimming,4096,12,1,0,1,14670,14670,14670,14670,7302,7302,1,1,0,145043456,149307392,0,149165376,77,0
churn,905,Trimming,4096,12,1,0,1,14686,14686,14686,14686,7310,7310,1,1,0,149307392,153571328,0,153425344,79,0
churn,906,Trimming,4096,12,1,0,1,14702,14702,14702,14702,7318,7318,1,1,0,153571328,157835264,0,157685312,81,0
churn,907,Trimming,4096,12,1,0,1,14718,14718,14718,14718,7326,7326,1,1,0,157835264,162099200,0,161945280,83,0
churn,908,Trimming,4096,12,1,0,1,14734,14734,14734,14734,7334,7334,1,1,0,162099200,166363136,0,166205248,85,0
churn,909,Trimming,4096,12,1,0,1,14750,14750,14750,14750,7342,7342,1,1,0,166363136,170627072,0,170465216,87,0
churn,910,Trimming,4096,12,1,0,1,14766,14766,14766,14766,7350,7350,1,1,0,170627072,174891008,0,174725184,89,0
churn,911,Trimming,4096,12,1,0,1,14782,14782,14782,14782,7358,7358,1,1,0,174891008,179154944,0,178985152,91,0
churn,912,Trimming,4096,12,1,0,1,14798,14798,14798,14798,7366,7366,1,1,0,179154944,183418880,0,183245120,93,0
churn,913,Trimming,4096,12,1,0,1,14814,14814,14814,14814,7374,7374,1,1,0,183418880,187682816,0,187505088,95,0
churn,914,Trimming,4096,12,1,0,1,14830,14830,14830,14830,7382,7382,1,1,0,187682816,191946752,0,191765056,97,0
churn,915,Trimming,4096,12,1,0,1,14846,14846,14846,14846,7390,7390,1,1,0,191946752,196210688,0,196025024,99,0
churn,916,Trimming,4096,12,1,0,1,14862,14862,14862,14862,7398,7398,1,1,0,196210688,200474624,0,200284992,101,0
churn,917,Trimming,4096,12,1,0,1,14878,14878,14878,14878,7406,7406,1,1,0,200474624,204738560,0,204544960,103,0
churn,918,Trimming,4096,12,1,0,1,14894,14894,14894,14894,7414,7414,1,1,0,204738560,209002496,0,208804928,105,0
churn,919,Trimming,4096,12,1,0,1,14910,14910,14910,14910,7422,7422,1,1,0,209002496,213266432,0,213064896,107,0
churn,920,Trimming,4096,12,1,0,1,14926,14926,14926,14926,7430,7430,1,1,0,213266432,217530368,0,217324864,109,0
churn,921,Trimming,4096,12,1,0,1,14942,14942,14942,14942,7438,7438,1,1,0,217530368,221794304,0,221584832,111,0
churn,922,Trimming,4096,12,1,0,1,14958,14958,14958,14958,7446,7446,1,1,0,221794304,226058240,0,225844800,113,0
churn,923,Trimming,4096,12,1,0,1,14974,14974,14974,14974,7454,7454,1,1,0,226058240,230322176,0,230104768,115,0
churn,924,Trimming,4096,16,1,0,1,14990,14990,14990,14990,7462,7462,1,1,0,230322176,234586112,0,234364736,117,0
churn,925,Trimming,4096,16,1,0,1,15006,15006,15006,15006,7470,7470,1,1,0,234586112,238850048,0,238624704,119,0
churn,926,Trimming,4096,12,1,0,1,15022,15022,15022,15022,7478,7478,1,1,0,238850048,243113984,0,242884672,121,0
churn,927,Trimming,4096,12,1,0,1,15038,15038,15038,15038,7486,7486,1,1,0,243113984,247377920,0,247144640,123,0
churn,928,Trimming,4096,12,1,0,1,15054,15054,15054,15054,7494,7494,1,1,0,247377920,251641856,0,251404608,125,0
churn,929,Trimming,4096,12,1,0,1,15070,15070,15070,15070,7502,7502,1,1,0,251641856,255905792,0,255664576,127,0
churn,930,Trimming,4096,12,1,0,1,15086,15086,15086,15086,7510,7510,1,1,0,255905792,260169728,0,259924544,129,0
churn,931,Trimming,4096,12,1,0,1,15102,15102,15102,15102,7518,7518,1,1,0,260169728,264433664,0,264184512,131,0
churn,932,Trimming,4096,0,1,0,1,15118,15118,15118,15118,7526,7526,1,1,0,264433664,268697600,0,268444480,133,0
churn,933,Trimming,4096,0,1,0,1,15134,15134,15134,15134,7534,7534,1,1,0,268697600,272891904,0,268444480,133,0
churn,934,Trimming,4096,0,1,0,1,15150,15150,15150,15150,7542,7542,1,1,0,272891904,277086208,0,268444480,133,0
churn,935,Trimming,4096,0,1,0,1,15166,15166,15166,15166,7550,7550,1,1,0,277086208,281280512,0,268444480,133,0
churn,936,Trimming,4096,0,1,0,1,15182,15182,15182,15182,7558,7558,1,1,0,281280512,285474816,0,268444480,133,0
churn,937,Trimming,4096,0,1,0,1,15198,15198,15198,15198,7566,7566,1,1,0,285474816,289669120,0,268444480,133,0
churn,938,Trimming,4096,0,1,0,1,15214,15214,15214,15214,7574,7574,1,1,0,289669120,293863424,0,268444480,133,0
churn,939,Trimming,4096,0,1,0,1,15230,15230,15230,15230,7582,7582,1,1,0,293863424,298057728,0,268444480,133,0
churn,940,Trimming,4096,0,1,0,1,15246,15246,15246,15246,7590,7590,1,1,0,298057728,302252032,0,268444480,133,0
churn,941,Trimming,4096,0,1,0,1,15262,15262,15262,15262,7598,7598,1,1,0,302252032,306446336,0,268444480,133,0
churn,942,Trimming,4096,0,1,0,1,15278,15278,15278,15278,7606,7606,1,1,0,306446336,310640640,0,268444480,133,0
churn,943,Trimming,4096,0,1,0,1,15294,15294,15294,15294,7614,7614,1,1,0,310640640,314834944,0,268444480,133,0
churn,944,Trimming,4096,0,1,0,1,15310,15310,15310,15310,7622,7622,1,1,0,314834944,319029248,0,268444480,133,0
churn,945,Trimming,4096,0,1,0,1,15326,15326,15326,15326,7630,7630,1,1,0,319029248,323223552,0,268444480,133,0
churn,946,Trimming,4096,0,1,0,1,15342,15342,15342,15342,7638,7638,1,1,0,323223552,327417856,0,268444480,133,0
churn,947,Trimming,4096,0,1,0,1,15358,15358,15358,15358,7646,7646,1,1,0,327417856,331612160,0,268444480,133,0
churn,948,Trimming,4096,0,1,0,1,15374,15374,15374,15374,7654,7654,1,1,0,331612160,335806464,0,268444480,133,0
churn,949,Trimming,4096,0,1,0,1,15390,15390,15390,15390,7662,7662,1,1,0,335806464,340000768,0,268444480,133,0
churn,950,Trimming,4096,0,1,0,1,15406,15406,15406,15406,7670,7670,1,1,0,340000768,344195072,0,268444480,133,0
churn,951,Trimming,4096,0,1,0,1,15422,15422,15422,15422,7678,7678,1,1,0,344195072,348389376,0,268444480,133,0
churn,952,Trimming,4096,0,1,0,1,15438,15438,15438,15438,7686,7686,1,1,0,348389376,352583680,0,268444480,133,0
churn,953,Trimming,4096,0,1,0,1,15454,15454,15454,15454,7694,7694,1,1,0,352583680,356777984,0,268444480,133,0
churn,954,Trimming,4096,0,1,0,1,15470,15470,15470,15470,7702,7702,1,1,0,356777984,360972288,0,268444480,133,0
churn,955,Trimming,4096,0,1,0,1,15486,15486,15486,15486,7710,7710,1,1,0,360972288,365166592,0,268444480,133,0
churn,956,Trimming,4096,0,1,0,1,15502,15502,15502,15502,7718,7718,1,1,0,365166592,369360896,0,268444480,133,0
churn,957,Trimming,4096,0,1,0,1,15518,15518,15518,15518,7726,7726,1,1,0,369360896,373555200,0,268444480,133,0
churn,958,Trimming,4096,0,1,0,1,15534,15534,15534,15534,7734,7734,1,1,0,373555200,377749504,0,268444480,133,0
churn,959,Trimming,4096,0,1,0,1,15550,15550,15550,15550,7742,7742,1,1,0,377749504,381943808,0,268444480,133,0
churn,960,Trimming,4096,0,1,0,1,15566,15566,15566,15566,7750,7750,1,1,0,381943808,386138112,0,268444480,133,0
churn,961,Trimming,4096,0,1,0,1,15582,15582,15582,15582,7758,7758,1,1,0,386138112,390332416,0,268444480,133,0
churn,962,Trimming,4096,0,1,0,1,15598,15598,15598,15598,7766,7766,1,1,0,390332416,394526720,0,268444480,133,0
churn,963,Trimming,4096,0,1,0,1,15614,15614,15614,15614,7774,7774,1,1,0,394526720,398721024,0,268444480,133,0
churn,964,Trimming,4096,0,1,0,1,15630,15630,15630,15630,7782,7782,1,1,0,398721024,402915328,0,268444480,133,0
churn,965,Trimming,4096,0,1,0,1,15646,15646,15646,15646,7790,7790,1,1,0,402915328,407109632,0,268444480,133,0
churn,966,Trimming,4096,0,1,0,1,15662,15662,15662,15662,7798,7798,1,1,0,407109632,411303936,0,268444480,133,0
churn,967,Trimming,4096,0,1,0,1,15678,15678,15678,15678,7806,7806,1,1,0,411303936,415498240,0,268444480,133,0
churn,968,Trimming,4096,0,1,0,1,15694,15694,15694,15694,7814,7814,1,1,0,415498240,419692544,0,268444480,133,0
churn,969,Trimming,4096,0,1,0,1,15710,15710,15710,15710,7822,7822,1,1,0,419692544,423886848,0,268444480,133,0
churn,970,Trimming,4096,0,1,0,1,15726,15726,15726,15726,7830,7830,1,1,0,423886848,428081152,0,268444480,133,0
churn,971,Trimming,4096,0,1,0,1,15742,15742,15742,15742,7838,7838,1,1,0,428081152,432275456,0,268444480,133,0
churn,972,Trimming,4096,0,1,0,1,15758,15758,15758,15758,7846,7846,1,1,0,432275456,436469760,0,268444480,133,0
churn,973,Trimming,4096,0,1,0,1,15774,15774,15774,15774,7854,7854,1,1,0,436469760,440664064,0,268444480,133,0
churn,974,Trimming,4096,0,1,0,1,15790,15790,15790,15790,7862,7862,1,1,0,440664064,444858368,0,268444480,133,0
churn,975,Trimming,4096,0,1,0,1,15806,15806,15806,15806,7870,7870,1,1,0,444858368,449052672,0,268444480,133,0
churn,976,Trimming,4096,0,1,0,1,15822,15822,15822,15822,7878,7878,1,1,0,449052672,453246976,0,268444480,133,0
churn,977,Trimming,4096,0,1,0,1,15838,15838,15838,15838,7886,7886,1,1,0,453246976,457441280,0,268444480,133,0
churn,978,Trimming,4096,0,1,0,1,15854,15854,15854,15854,7894,7894,1,1,0,457441280,461635584,0,268444480,133,0
churn,979,Trimming,4096,0,1,0,1,15870,15870,15870,15870,7902,7902,1,1,0,461635584,465829888,0,268444480,133,0
churn,980,Trimming,4096,0,1,0,1,15886,15886,15886,15886,7910,7910,1,1,0,465829888,470024192,0,268444480,133,0
churn,981,Trimming,4096,0,1,0,1,15902,15902,15902,15902,7918,7918,1,1,0,470024192,474218496,0,268444480,133,0
churn,982,Trimming,4096,0,1,0,1,15918,15918,15918,15918,7926,7926,1,1,0,474218496,478412800,0,268444480,133,0
churn,983,Trimming,4096,0,1,0,1,15934,15934,15934,15934,7934,7934,1,1,0,478412800,482607104,0,268444480,133,0
churn,984,Trimming,4096,0,1,0,1,15950,15950,15950,15950,7942,7942,1,1,0,482607104,486801408,0,268444480,133,0
churn,985,Trimming,4096,0,1,0,1,15966,15966,15966,15966,7950,7950,1,1,0,486801408,490995712,0,268444480,133,0
churn,986,Trimming,4096,0,1,0,1,15982,15982,15982,15982,7958,7958,1,1,0,490995712,495190016,0,268444480,133,0
churn,987,Trimming,4096,0,1,0,1,15998,15998,15998,15998,7966,7966,1,1,0,495190016,499384320,0,268444480,133,0
churn,988,Trimming,4096,0,1,0,1,16014,16014,16014,16014,7974,7974,1,1,0,499384320,503578624,0,268444480,133,0
churn,989,Trimming,4096,0,1,0,1,16030,16030,16030,16030,7982,7982,1,1,0,503578624,507772928,0,268444480,133,0
churn,990,Trimming,4096,0,1,0,1,16046,16046,16046,16046,7990,7990,1,1,0,507772928,511967232,0,268444480,133,0
churn,991,Trimming,4096,0,1,0,1,16062,16062,16062,16062,7998,7998,1,1,0,511967232,516161536,0,268444480,133,0
churn,992,Trimming,4096,0,1,0,1,16078,16078,16078,16078,8006,8006,1,1,0,516161536,520355840,0,268444480,133,0
churn,993,Trimming,4096,0,1,0,1,16094,16094,16094,16094,8014,8014,1,1,0,520355840,524550144,0,268444480,133,0
churn,994,Trimming,4096,0,1,0,1,16110,16110,16110,16110,8022,8022,1,1,0,524550144,528744448,0,268444480,133,0
churn,995,Trimming,4096,0,1,0,1,16126,16126,16126,16126,8030,8030,1,1,0,528744448,532938752,0,268444480,133,0
churn,996,Trimming,4096,0,1,0,1,16142,16142,16142,16142,8038,8038,1,1,0,532938752,537133056,0,268444480,133,0
churn,997,Trimming,4096,0,1,0,1,16158,16158,16158,16158,8046,8046,1,1,0,537133056,541327360,0,268444480,133,0
churn,998,Trimming,4096,0,1,0,1,16174,16174,16174,16174,8054,8054,1,1,0,541327360,545521664,0,268444480,133,0
churn,999,Trimming,4096,0,1,0,1,16190,16190,16190,16190,8062,8062,1,1,0,545521664,549715968,0,268444480,133,0
churn,1000,Trimming,4096,0,1,0,1,16206,16206,16206,16206,8070,8070,1,1,0,549715968,553910272,0,268444480,133,0
churn,1001,Trimming,4096,0,1,0,1,16222,16222,16222,16222,8078,8078,1,1,0,553910272,558104576,0,268444480,133,0
churn,1002,Trimming,4096,0,1,0,1,16238,16238,16238,16238,8086,8086,1,1,0,558104576,562298880,0,268444480,133,0
churn,1003,Trimming,4096,0,1,0,1,16254,16254,16254,16254,8094,8094,1,1,0,562298880,566493184,0,268444480,133,0
churn,1004,Trimming,4096,0,1,0,1,16270,16270,16270,16270,8102,8102,1,1,0,566493184,570687488,0,268444480,133,0
churn,1005,Trimming,4096,0,1,0,1,16286,16286,16286,16286,8110,8110,1,1,0,570687488,574881792,0,268444480,133,0
churn,1006,Trimming,4096,0,1,0,1,16302,16302,16302,16302,8118,8118,1,1,0,574881792,579076096,0,268444480,133,0
churn,1007,Trimming,4096,0,1,0,1,16318,16318,16318,16318,8126,8126,1,1,0,579076096,583270400,0,268444480,133,0
churn,1008,Trimming,4096,0,1,0,1,16334,16334,16334,16334,8134,8134,1,1,0,583270400,587464704,0,268444480,133,0
churn,1009,Trimming,4096,0,1,0,1,16350,16350,16350,16350,8142,8142,1,1,0,587464704,591659008,0,268444480,133,0
churn,1010,Trimming,4096,0,1,0,1,16366,16366,16366,16366,8150,8150,1,1,0,591659008,595853312,0,268444480,133,0
churn,1011,Trimming,4096,0,1,0,1,16382,16382,16382,16382,8158,8158,1,1,0,595853312,600047616,0,268444480,133,0
churn,1012,Trimming,4096,0,1,0,1,16398,16398,16398,16398,8166,8166,1,1,0,600047616,604241920,0,268444480,133,0
churn,1013,Trimming,4096,0,1,0,1,16414,16414,16414,16414,8174,8174,1,1,0,604241920,608436224,0,268444480,133,0
churn,1014,Trimming,3836,0,1,0,1,16430,16430,16430,16430,8182,8182,1,1,0,608436224,612368304,0,612368304,133,1
churn,1015,Trimming,4096,16,1,0,1,16446,16446,16446,16446,8190,8190,1,1,1,0,4333568,0,4326464,5,0
churn,1016,Trimming,4096,16,1,0,1,16462,16462,16462,16462,8198,8198,1,1,0,4333568,8597504,0,8586432,7,0
churn,1017,Trimming,4096,16,1,0,1,16478,16478,16478,16478,8206,8206,1,1,0,8597504,12861440,0,12846400,9,0
churn,1018,Trimming,4096,12,1,0,1,16494,16494,16494,16494,8214,8214,1,1,0,12861440,17125376,0,17106368,11,0
churn,1019,Trimming,4096,12,1,0,1,16510,16510,16510,16510,8222,8222,1,1,0,17125376,21389312,0,21366336,13,0
churn,1020,Trimming,4096,12,1,0,1,16526,16526,16526,16526,8230,8230,1,1,0,21389312,25653248,0,25626304,15,0
churn,1021,Trimming,4096,12,1,0,1,16542,16542,16542,16542,8238,8238,1,1,0,25653248,29917184,0,29886272,17,0
churn,1022,Trimming,4096,12,1,0,1,16558,16558,16558,16558,8246,8246,1,1,0,29917184,34181120,0,34146240,19,0
churn,1023,Trimming,4096,12,1,0,1,16574,16574,16574,16574,8254,8254,1,1,0,34181120,38445056,0,38406208,21,0
churn,1024,Trimming,4096,12,1,0,1,16590,16590,16590,16590,8262,8262,1,1,0,38445056,42708992,0,42666176,23,0
churn,1025,Trimming,4096,12,1,0,1,16606,16606,16606,16606,8270,8270,1,1,0,42708992,46972928,0,46926144,25,0
churn,1026,Trimming,4096,12,1,0,1,16622,16622,16622,16622,8278,8278,1,1,0,46972928,51236864,0,51186112,27,0
churn,1027,Trimming,4096,12,1,0,1,16638,16638,16638,16638,8286,8286,1,1,0,51236864,55500800,0,55446080,29,0
churn,1028,Trimming,4096,12,1,0,1,16654,16654,16654,16654,8294,8294,1,1,0,55500800,59764736,0,59706048,31,0
churn,1029,Trimming,4096,12,1,0,1,16670,16670,16670,16670,8302,8302,1,1,0,59764736,64028672,0,63966016,33,0
churn,1030,Trimming,4096,12,1,0,1,16686,16686,16686,16686,8310,8310,1,1,0,64028672,68292608,0,68225984,35,0
churn,1031,Trimming,4096,12,1,0,1,16702,16702,16702,16702,8318,8318,1,1,0,68292608,72556544,0,72485952,37,0
churn,1032,Trimming,4096,12,1,0,1,16718,16718,16718,16718,8326,8326,1,1,0,72556544,76820480,0,76745920,39,0
churn,1033,Trimming,4096,12,1,0,1,16734,16734,16734,16734,8334,8334,1,1,0,76820480,81084416,0,81005888,41,0
churn,1034,Trimming,4096,12,1,0,1,16750,16750,16750,16750,8342,8342,1,1,0,81084416,85348352,0,85265856,43,0
churn,1035,Trimming,4096,12,1,0,1,16766,16766,16766,16766,8350,8350,1,1,0,85348352,89612288,0,89525824,45,0
churn,1036,Trimming,4096,12,1,0,1,16782,16782,16782,16782,8358,8358,1,1,0,89612288,93876224,0,93785792,47,0
churn,1037,Trimming,4096,16,1,0,1,16798,16798,16798,16798,8366,8366,1,1,0,93876224,98140160,0,98045760,49,0
churn,1038,Trimming,4096,16,1,0,1,16814,16814,16814,16814,8374,8374,1,1,0,98140160,102404096,0,102305728,51,0
churn,1039,Trimming,4096,12,1,0,1,16830,16830,16830,16830,8382,8382,1,1,0,102404096,106668032,0,106565696,53,0
churn,1040,Trimming,4096,12,1,0,1,16846,16846,16846,16846,8390,8390,1,1,0,106668032,110931968,0,110825664,55,0
churn,1041,Trimming,4096,12,1,0,1,16862,16862,16862,16862,8398,8398,1,1,0,110931968,115195904,0,115085632,57,0
churn,1042,Trimming,4096,12,1,0,1,16878,16878,16878,16878,8406,8406,1,1,0,115195904,119459840,0,119345600,59,0
churn,1043,Trimming,4096,12,1,0,1,16894,16894,16894,16894,8414,8414,1,1,0,119459840,123723776,0,123605568,61,0
churn,1044,Trimming,4096,12,1,0,1,16910,16910,16910,16910,8422,8422,1,1,0,123723776,127987712,0,127865536,63,0
churn,1045,Trimming,4096,12,1,0,1,16926,16926,16926,16926,8430,8430,1,1,0,127987712,132251648,0,132125504,65,0
churn,1046,Trimming,4096,12,1,0,1,16942,16942,16942,16942,8438,8438,1,1,0,132251648,136515584,0,136385472,67,0
churn,1047,Trimming,4096,12,1,0,1,16958,16958,16958,16958,8446,8446,1,1,0,136515584,140779520,0,140645440,69,0
churn,1048,Trimming,4096,12,1,0,1,16974,16974,16974,16974,8454,8454,1,1,0,140779520,145043456,0,144905408,71,0
churn,1049,Trimming,4096,12,1,0,1,16990,16990,16990,16990,8462,8462,1,1,0,145043456,149307392,0,149165376,73,0
churn,1050,Trimming,4096,12,1,0,1,17006,17006,17006,17006,8470,8470,1,1,0,149307392,153571328,0,153425344,75,0
churn,1051,Trimming,4096,12,1,0,1,17022,17022,17022,17022,8478,8478,1,1,0,153571328,157835264,0,157685312,77,0
churn,1052,Trimming,4096,12,1,0,1,17038,17038,17038,17038,8486,8486,1,1,0,157835264,162099200,0,161945280,79,0
churn,1053,Trimming,4096,12,1,0,1,17054,17054,17054,17054,8494,8494,1,1,0,162099200,166363136,0,166205248,81,0
churn,1054,Trimming,4096,12,1,0,1,17070,17070,17070,17070,8502,8502,1,1,0,166363136,170627072,0,170465216,83,0
churn,1055,Trimming,4096,12,1,0,1,17086,17086,17086,17086,8510,8510,1,1,0,170627072,174891008,0,174725184,85,0
churn,1056,Trimming,4096,12,1,0,1,17102,17102,17102,17102,8518,8518,1,1,0,174891008,179154944,0,178985152,87,0
churn,1057,Trimming,4096,12,1,0,1,17118,17118,17118,17118,8526,8526,1,1,0,179154944,183418880,0,183245120,89,0
churn,1058,Trimming,4096,12,1,0,1,17134,17134,17134,17134,8534,8534,1,1,0,183418880,187682816,0,187505088,91,0
churn,1059,Trimming,4096,12,1,0,1,17150,17150,17150,17150,8542,8542,1,1,0,187682816,191946752,0,191765056,93,0
churn,1060,Trimming,4096,12,1,0,1,17166,17166,17166,17166,8550,8550,1,1,0,191946752,196210688,0,196025024,95,0
churn,1061,Trimming,4096,12,1,0,1,17182,17182,17182,17182,8558,8558,1,1,0,196210688,200474624,0,200284992,97,0
churn,1062,Trimming,4096,12,1,0,1,17198,17198,17198,17198,8566,8566,1,1,0,200474624,204738560,0,204544960,99,0
churn,1063,Trimming,4096,12,1,0,1,17214,17214,17214,17214,8574,8574,1,1,0,204738560,209002496,0,208804928,101,0
churn,1064,Trimming,4096,12,1,0,1,17230,17230,17230,17230,8582,8582,1,1,0,209002496,213266432,0,213064896,103,0
churn,1065,Trimming,4096,12,1,0,1,17246,17246,17246,17246,8590,8590,1,1,0,213266432,217530368,0,217324864,105,0
churn,1066,Trimming,4096,12,1,0,1,17262,17262,17262,17262,8598,8598,1,1,0,217530368,221794304,0,221584832,107,0
churn,1067,Trimming,4096,12,1,0,1,17278,17278,17278,17278,8606,8606,1,1,0,221794304,226058240,0,225844800,109,0
churn,1068,Trimming,4096,12,1,0,1,17294,17294,17294,17294,8614,8614,1,1,0,226058240,230322176,0,230104768,111,0
churn,1069,Trimming,4096,16,1,0,1,17310,17310,17310,17310,8622,8622,1,1,0,230322176,234586112,0,234364736,113,0
churn,1070,Trimming,4096,16,1,0,1,17326,17326,17326,17326,8630,8630,1,1,0,234586112,238850048,0,238624704,115,0
churn,1071,Trimming,4096,12,1,0,1,17342,17342,17342,17342,8638,8638,1,1,0,238850048,243113984,0,242884672,121,0
churn,1072,Trimming,4096,12,1,0,1,17358,17358,17358,17358,8646,8646,1,1,0,243113984,247377920,0,247144640,123,0
churn,1073,Trimming,4096,12,1,0,1,17374,17374,17374,17374,8654,8654,1,1,0,247377920,251641856,0,251404608,125,0
churn,1074,Trimming,4096,12,1,0,1,17390,17390,17390,17390,8662,8662,1,1,0,251641856,255905792,0,255664576,127,0
churn,1075,Trimming,4096,12,1,0,1,17406,17406,17406,17406,8670,8670,1,1,0,255905792,260169728,0,259924544,129,0
churn,1076,Trimming,4096,12,1,0,1,17422,17422,17422,17422,8678,8678,1,1,0,260169728,264433664,0,264184512,131,0
churn,1077,Trimming,4096,0,1,0,1,17438,17438,17438,17438,8686,8686,1,1,0,264433664,268697600,0,268444480,133,0
churn,1078,Trimming,4096,0,1,0,1,17454,17454,17454,17454,8694,8694,1,1,0,268697600,272891904,0,268444480,133,0
churn,1079,Trimming,4096,0,1,0,1,17470,17470,17470,17470,8702,8702,1,1,0,272891904,277086208,0,268444480,133,0
churn,1080,Trimming,4096,0,1,0,1,17486,17486,17486,17486,8710,8710,1,1,0,277086208,281280512,0,268444480,133,0
churn,1081,Trimming,4096,0,1,0,1,17502,17502,17502,17502,8718,8718,1,1,0,281280512,285474816,0,268444480,133,0
churn,1082,Trimming,4096,0,1,0,1,17518,17518,17518,17518,8726,8726,1,1,0,285474816,289669120,0,268444480,133,0
churn,1083,Trimming,4096,0,1,0,1,17534,17534,17534,17534,8734,8734,1,1,0,289669120,293863424,0,268444480,133,0
churn,1084,Trimming,4096,0,1,0,1,17550,17550,17550,17550,8742,8742,1,1,0,293863424,298057728,0,268444480,133,0
churn,1085,Trimming,4096,0,1,0,1,17566,17566,17566,17566,8750,8750,1,1,0,298057728,302252032,0,268444480,133,0
churn,1086,Trimming,4096,0,1,0,1,17582,17582,17582,17582,8758,8758,1,1,0,302252032,306446336,0,268444480,133,0
churn,1087,Trimming,4096,0,1,0,1,17598,17598,17598,17598,8766,8766,1,1,0,306446336,310640640,0,268444480,133,0
churn,1088,Trimming,4096,0,1,0,1,17614,17614,17614,17614,8774,8774,1,1,0,310640640,314834944,0,268444480,133,0
churn,1089,Trimming,4096,0,1,0,1,17630,17630,17630,17630,8782,8782,1,1,0,314834944,319029248,0,268444480,133,0
churn,1090,Trimming,4096,0,1,0,1,17646,17646,17646,17646,8790,8790,1,1,0,319029248,323223552,0,268444480,133,0
churn,1091,Trimming,4096,0,1,0,1,17662,17662,17662,17662,8798,8798,1,1,0,323223552,327417856,0,268444480,133,0
churn,1092,Trimming,4096,0,1,0,1,17678,17678,17678,17678,8806,8806,1,1,0,327417856,331612160,0,268444480,133,0
churn,1093,Trimming,4096,0,1,0,1,17694,17694,17694,17694,8814,8814,1,1,0,331612160,335806464,0,268444480,133,0
churn,1094,Trimming,4096,0,1,0,1,17710,17710,17710,17710,8822,8822,1,1,0,335806464,340000768,0,268444480,133,0
churn,1095,Trimming,4096,0,1,0,1,17726,17726,17726,17726,8830,8830,1,1,0,340000768,344195072,0,268444480,133,0
churn,1096,Trimming,4096,0,1,0,1,17742,17742,17742,17742,8838,8838,1,1,0,344195072,348389376,0,268444480,133,0
churn,1097,Trimming,4096,0,1,0,1,17758,17758,17758,17758,8846,8846,1,1,0,348389376,352583680,0,268444480,133,0
churn,1098,Trimming,4096,0,1,0,1,17774,17774,17774,17774,8854,8854,1,1,0,352583680,356777984,0,268444480,133,0
churn,1099,Trimming,4096,0,1,0,1,17790,17790,17790,17790,8862,8862,1,1,0,356777984,360972288,0,268444480,133,0
churn,1100,Trimming,4096,0,1,0,1,17806,17806,17806,17806,8870,8870,1,1,0,360972288,365166592,0,268444480,133,0
churn,1101,Trimming,4096,0,1,0,1,17822,17822,17822,17822,8878,8878,1,1,0,365166592,369360896,0,268444480,133,0
churn,1102,Trimming,4096,0,1,0,1,17838,17838,17838,17838,8886,8886,1,1,0,369360896,373555200,0,268444480,133,0
churn,1103,Trimming,4096,0,1,0,1,17854,17854,17854,17854,8894,8894,1,1,0,373555200,377749504,0,268444480,133,0
churn,1104,Trimming,4096,0,1,0,1,17870,17870,17870,17870,8902,8902,1,1,0,377749504,381943808,0,268444480,133,0
churn,1105,Trimming,4096,0,1,0,1,17886,17886,17886,17886,8910,8910,1,1,0,381943808,386138112,0,268444480,133,0
churn,1106,Trimming,4096,0,1,0,1,17902,17902,17902,17902,8918,8918,1,1,0,386138112,390332416,0,268444480,133,0
churn,1107,Trimming,4096,0,1,0,1,17918,17918,17918,17918,8926,8926,1,1,0,390332416,394526720,0,268444480,133,0
churn,1108,Trimming,4096,0,1,0,1,17934,17934,17934,17934,8934,8934,1,1,0,394526720,398721024,0,268444480,133,0
churn,1109,Trimming,4096,0,1,0,1,17950,17950,17950,17950,8942,8942,1,1,0,398721024,402915328,0,268444480,133,0
churn,1110,Trimming,4096,0,1,0,1,17966,17966,17966,17966,8950,8950,1,1,0,402915328,407109632,0,268444480,133,0
churn,1111,Trimming,4096,0,1,0,1,17982,17982,17982,17982,8958,8958,1,1,0,407109632,411303936,0,268444480,133,0
churn,1112,Trimming,4096,0,1,0,1,17998,17998,17998,17998,8966,8966,1,1,0,411303936,415498240,0,268444480,133,0
churn,1113,Trimming,4096,0,1,0,1,18014,18014,18014,18014,8974,8974,1,1,0,415498240,419692544,0,268444480,133,0
churn,1114,Trimming,4096,0,1,0,1,18030,18030,18030,18030,8982,8982,1,1,0,419692544,423886848,0,268444480,133,0
churn,1115,Trimming,4096,0,1,0,1,18046,18046,18046,18046,8990,8990,1,1,0,423886848,428081152,0,268444480,133,0
churn,1116,Trimming,4096,0,1,0,1,18062,18062,18062,18062,8998,8998,1,1,0,428081152,432275456,0,268444480,133,0
churn,1117,Trimming,4096,0,1,0,1,18078,18078,18078,18078,9006,9006,1,1,0,432275456,436469760,0,268444480,133,0
churn,1118,Trimming,4096,0,1,0,1,18094,18094,18094,18094,9014,9014,1,1,0,436469760,440664064,0,268444480,133,0
churn,1119,Trimming,4096,0,1,0,1,18110,18110,18110,18110,9022,9022,1,1,0,440664064,444858368,0,268444480,133,0
churn,1120,Trimming,4096,0,1,0,1,18126,18126,18126,18126,9030,9030,1,1,0,444858368,449052672,0,268444480,133,0
churn,1121,Trimming,4096,0,1,0,1,18142,18142,18142,18142,9038,9038,1,1,0,449052672,453246976,0,268444480,133,0
churn,1122,Trimming,4096,0,1,0,1,18158,18158,18158,18158,9046,9046,1,1,0,453246976,457441280,0,268444480,133,0
churn,1123,Trimming,4096,0,1,0,1,18174,18174,18174,18174,9054,9054,1,1,0,457441280,461635584,0,268444480,133,0
churn,1124,Trimming,4096,0,1,0,1,18190,18190,18190,18190,9062,9062,1,1,0,461635584,465829888,0,268444480,133,0
churn,1125,Trimming,4096,0,1,0,1,18206,18206,18206,18206,9070,9070,1,1,0,465829888,470024192,0,268444480,133,0
churn,1126,Trimming,4096,0,1,0,1,18222,18222,18222,18222,9078,9078,1,1,0,470024192,474218496,0,268444480,133,0
churn,1127,Trimming,4096,0,1,0,1,18238,18238,18238,18238,9086,9086,1,1,0,474218496,478412800,0,268444480,133,0
churn,1128,Trimming,4096,0,1,0,1,18254,18254,18254,18254,9094,9094,1,1,0,478412800,482607104,0,268444480,133,0
churn,1129,Trimming,4096,0,1,0,1,18270,18270,18270,18270,9102,9102,1,1,0,482607104,486801408,0,268444480,133,0
churn,1130,Trimming,4096,0,1,0,1,18286,18286,18286,18286,9110,9110,1,1,0,486801408,490995712,0,268444480,133,0
churn,1131,Trimming,4096,0,1,0,1,18302,18302,18302,18302,9118,9118,1,1,0,490995712,495190016,0,268444480,133,0
churn,1132,Trimming,4096,0,1,0,1,18318,18318,18318,18318,9126,9126,1,1,0,495190016,499384320,0,268444480,133,0
churn,1133,Trimming,4096,0,1,0,1,18334,18334,18334,18334,9134,9134,1,1,0,499384320,503578624,0,268444480,133,0
churn,1134,Trimming,4096,0,1,0,1,18350,18350,18350,18350,9142,9142,1,1,0,503578624,507772928,0,268444480,133,0
churn,1135,Trimming,4096,0,1,0,1,18366,18366,18366,18366,9150,9150,1,1,0,507772928,511967232,0,268444480,133,0
churn,1136,Trimming,4096,0,1,0,1,18382,18382,18382,18382,9158,9158,1,1,0,511967232,516161536,0,268444480,133,0
churn,1137,Trimming,4096,0,1,0,1,18398,18398,18398,18398,9166,9166,1,1,0,516161536,520355840,0,268444480,133,0
churn,1138,Trimming,4096,0,1,0,1,18414,18414,18414,18414,9174,9174,1,1,0,520355840,524550144,0,268444480,133,0
churn,1139,Trimming,4096,0,1,0,1,18430,18430,18430,18430,9182,9182,1,1,0,524550144,528744448,0,268444480,133,0
churn,1140,Trimming,4096,0,1,0,1,18446,18446,18446,18446,9190,9190,1,1,0,528744448,532938752,0,268444480,133,0
churn,1141,Trimming,4096,0,1,0,1,18462,18462,18462,18462,9198,9198,1,1,0,532938752,537133056,0,268444480,133,0
churn,1142,Trimming,4096,0,1,0,1,18478,18478,18478,18478,9206,9206,1,1,0,537133056,541327360,0,268444480,133,0
churn,1143,Trimming,4096,0,1,0,1,18494,18494,18494,18494,9214,9214,1,1,0,541327360,545521664,0,268444480,133,0
churn,1144,Trimming,4096,0,1,0,1,18510,18510,18510,18510,9222,9222,1,1,0,545521664,549715968,0,268444480,133,0
churn,1145,Trimming,4096,0,1,0,1,18526,18526,18526,18526,9230,9230,1,1,0,549715968,553910272,0,268444480,133,0
churn,1146,Trimming,4096,0,1,0,1,18542,18542,18542,18542,9238,9238,1,1,0,553910272,558104576,0,268444480,133,0
churn,1147,Trimming,4096,0,1,0,1,18558,18558,18558,18558,9246,9246,1,1,0,558104576,562298880,0,268444480,133,0
churn,1148,Trimming,4096,0,1,0,1,18574,18574,18574,18574,9254,9254,1,1,0,562298880,566493184,0,268444480,133,0
churn,1149,Trimming,4096,0,1,0,1,18590,18590,18590,18590,9262,9262,1,1,0,566493184,570687488,0,268444480,133,0
churn,1150,Trimming,4096,0,1,0,1,18606,18606,18606,18606,9270,9270,1,1,0,570687488,574881792,0,268444480,133,0
churn,1151,Trimming,4096,0,1,0,1,18622,18622,18622,18622,9278,9278,1,1,0,574881792,579076096,0,268444480,133,0
churn,1152,Trimming,4096,0,1,0,1,18638,18638,18638,18638,9286,9286,1,1,0,579076096,583270400,0,268444480,133,0
churn,1153,Trimming,4096,0,1,0,1,18654,18654,18654,18654,9294,9294,1,1,0,583270400,587464704,0,268444480,133,0
churn,1154,Trimming,4096,0,1,0,1,18670,18670,18670,18670,9302,9302,1,1,0,587464704,591659008,0,268444480,133,0
churn,1155,Trimming,4096,0,1,0,1,18686,18686,18686,18686,9310,9310,1,1,0,591659008,595853312,0,268444480,133,0
churn,1156,Trimming,4096,0,1,0,1,18702,18702,18702,18702,9318,9318,1,1,0,595853312,600047616,0,268444480,133,0
churn,1157,Trimming,4096,0,1,0,1,18718,18718,18718,18718,9326,9326,1,1,0,600047616,604241920,0,268444480,133,0
churn,1158,Trimming,4096,0,1,0,1,18734,18734,18734,18734,9334,9334,1,1,0,604241920,608436224,0,268444480,133,0
churn,1159,Trimming,3836,0,1,0,1,18750,18750,18750,18750,9342,9342,1,1,0,608436224,612368304,0,612368304,133,1
churn,1160,Trimming,4096,16,1,0,1,18766,18766,18766,18766,9350,9350,1,1,1,0,4333568,0,4326464,5,0
churn,1161,Trimming,4096,16,1,0,1,18782,18782,18782,18782,9358,9358,1,1,0,4333568,8597504,0,8586432,7,0
churn,1162,Trimming,4096,16,1,0,1,18798,18798,18798,18798,9366,9366,1,1,0,8597504,12861440,0,12846400,9,0
churn,1163,Trimming,4096,12,1,0,1,18814,18814,18814,18814,9374,9374,1,1,0,12861440,17125376,0,17106368,11,0
churn,1164,Trimming,4096,12,1,0,1,18830,18830,18830,18830,9382,9382,1,1,0,17125376,21389312,0,21366336,13,0
churn,1165,Trimming,4096,12,1,0,1,18846,18846,18846,18846,9390,9390,1,1,0,21389312,25653248,0,25626304,15,0
churn,1166,Trimming,4096,12,1,0,1,18862,18862,18862,18862,9398,9398,1,1,0,25653248,29917184,0,29886272,17,0
churn,1167,Trimming,4096,12,1,0,1,18878,18878,18878,18878,9406,9406,1,1,0,29917184,34181120,0,34146240,19,0
churn,1168,Trimming,4096,12,1,0,1,18894,18894,18894,18894,9414,9414,1,1,0,34181120,38445056,0,38406208,21,0
churn,1169,Trimming,4096,12,1,0,1,18910,18910,18910,18910,9422,9422,1,1,0,38445056,42708992,0,42666176,23,0
churn,1170,Trimming,4096,12,1,0,1,18926,18926,18926,18926,9430,9430,1,1,0,42708992,46972928,0,46926144,25,0
churn,1171,Trimming,4096,12,1,0,1,18942,18942,18942,18942,9438,9438,1,1,0,46972928,51236864,0,51186112,27,0
churn,1172,Trimming,4096,12,1,0,1,18958,18958,18958,18958,9446,9446,1,1,0,51236864,55500800,0,55446080,29,0
churn,1173,Trimming,4096,12,1,0,1,18974,18974,18974,18974,9454,9454,1,1,0,55500800,59764736,0,59706048,31,0
churn,1174,Trimming,4096,12,1,0,1,18990,18990,18990,18990,9462,9462,1,1,0,59764736,64028672,0,63966016,33,0
churn,1175,Trimming,4096,12,1,0,1,19006,19006,19006,19006,9470,9470,1,1,0,64028672,68292608,0,68225984,35,0
churn,1176,Trimming,4096,12,1,0,1,19022,19022,19022,19022,9478,9478,1,1,0,68292608,72556544,0,72485952,37,0
churn,1177,Trimming,4096,12,1,0,1,19038,19038,19038,19038,9486,9486,1,1,0,72556544,76820480,0,76745920,39,0
churn,1178,Trimming,4096,12,1,0,1,19054,19054,19054,19054,9494,9494,1,1,0,76820480,81084416,0,81005888,41,0
churn,1179,Trimming,4096,12,1,0,1,19070,19070,19070,19070,9502,9502,1,1,0,81084416,85348352,0,85265856,43,0
churn,1180,Trimming,4096,12,1,0,1,19086,19086,19086,19086,9510,9510,1,1,0,85348352,89612288,0,89525824,45,0
churn,1181,Trimming,4096,12,1,0,1,19102,19102,19102,19102,9518,9518,1,1,0,89612288,93876224,0,93785792,47,0
churn,1182,Trimming,4096,16,1,0,1,19118,19118,19118,19118,9526,9526,1,1,0,93876224,98140160,0,98045760,49,0
churn,1183,Trimming,4096,16,1,0,1,19134,19134,19134,19134,9534,9534,1,1,0,98140160,102404096,0,102305728,51,0
churn,1184,Trimming,4096,12,1,0,1,19150,19150,19150,19150,9542,9542,1,1,0,102404096,106668032,0,106565696,53,0
churn,1185,Trimming,4096,12,1,0,1,19166,19166,19166,19166,9550,9550,1,1,0,106668032,110931968,0,110825664,55,0
churn,1186,Trimming,4096,12,1,0,1,19182,19182,19182,19182,9558,9558,1,1,0,110931968,115195904,0,115085632,57,0
churn,1187,Trimming,4096,12,1,0,1,19198,19198,19198,19198,9566,9566,1,1,0,115195904,119459840,0,119345600,59,0
churn,1188,Trimming,4096,12,1,0,1,19214,19214,19214,19214,9574,9574,1,1,0,119459840,123723776,0,123605568,61,0
churn,1189,Trimming,4096,12,1,0,1,19230,19230,19230,19230,9582,9582,1,1,0,123723776,127987712,0,127865536,63,0
churn,1190,Trimming,4096,12,1,0,1,19246,19246,19246,19246,9590,9590,1,1,0,127987712,132251648,0,132125504,65,0
churn,1191,Trimming,4096,12,1,0,1,19262,19262,19262,19262,9598,9598,1,1,0,132251648,136515584,0,136385472,67,0
churn,1192,Trimming,4096,12,1,0,1,19278,19278,19278,19278,9606,9606,1,1,0,136515584,140779520,0,140645440,69,0
churn,1193,Trimming,4096,12,1,0,1,19294,19294,19294,19294,9614,9614,1,1,0,140779520,145043456,0,144905408,71,0
churn,1194,Trimming,4096,12,1,0,1,19310,19310,19310,19310,9622,9622,1,1,0,145043456,149307392,0,149165376,73,0
churn,1195,Trimming,4096,12,1,0,1,19326,19326,19326,19326,9630,9630,1,1,0,149307392,153571328,0,153425344,75,0
churn,1196,Trimming,4096,12,1,0,1,19342,19342,19342,19342,9638,9638,1,1,0,153571328,157835264,0,157685312,77,0
churn,1197,Trimming,4096,12,1,0,1,19358,19358,19358,19358,9646,9646,1,1,0,157835264,162099200,0,161945280,83,0
churn,1198,Trimming,4096,12,1,0,1,19374,19374,19374,19374,9654,9654,1,1,0,162099200,166363136,0,166205248,85,0
churn,1199,Trimming,4096,12,1,0,1,19390,19390,19390,19390,9662,9662,1,1,0,166363136,170627072,0,170465216,87,0
churn,1200,Trimming,4096,12,1,0,1,19406,19406,19406,19406,9670,9670,1,1,0,170627072,174891008,0,174725184,89,0
churn,1201,Trimming,4096,12,1,0,1,19422,19422,19422,19422,9678,9678,1,1,0,174891008,179154944,0,178985152,91,0
churn,1202,Trimming,4096,12,1,0,1,19438,19438,19438,19438,9686,9686,1,1,0,179154944,183418880,0,183245120,93,0
churn,1203,Trimming,4096,12,1,0,1,19454,19454,19454,19454,9694,9694,1,1,0,183418880,187682816,0,187505088,95,0
churn,1204,Trimming,4096,12,1,0,1,19470,19470,19470,19470,9702,9702,1,1,0,187682816,191946752,0,191765056,97,0
churn,1205,Trimming,4096,12,1,0,1,19486,19486,19486,19486,9710,9710,1,1,0,191946752,196210688,0,196025024,99,0
churn,1206,Trimming,4096,12,1,0,1,19502,19502,19502,19502,9718,9718,1,1,0,196210688,200474624,0,200284992,101,0
churn,1207,Trimming,4096,12,1,0,1,19518,19518,19518,19518,9726,9726,1,1,0,200474624,204738560,0,204544960,103,0
churn,1208,Trimming,4096,12,1,0,1,19534,19534,19534,19534,9734,9734,1,1,0,204738560,209002496,0,208804928,105,0
churn,1209,Trimming,4096,12,1,0,1,19550,19550,19550,19550,9742,9742,1,1,0,209002496,213266432,0,213064896,107,0
churn,1210,Trimming,4096,12,1,0,1,19566,19566,19566,19566,9750,9750,1,1,0,213266432,217530368,0,217324864,109,0
churn,1211,Trimming,4096,12,1,0,1,19582,19582,19582,19582,9758,9758,1,1,0,217530368,221794304,0,221584832,111,0
churn,1212,Trimming,4096,12,1,0,1,19598,19598,19598,19598,9766,9766,1,1,0,221794304,226058240,0,225844800,113,0
churn,1213,Trimming,4096,12,1,0,1,19614,19614,19614,19614,9774,9774,1,1,0,226058240,230322176,0,230104768,115,0
churn,1214,Trimming,4096,16,1,0,1,19630,19630,19630,19630,9782,9782,1,1,0,230322176,234586112,0,234364736,117,0
churn,1215,Trimming,4096,16,1,0,1,19646,19646,19646,19646,9790,9790,1,1,0,234586112,238850048,0,238624704,119,0
churn,1216,Trimming,4096,12,1,0,1,19662,19662,19662,19662,9798,9798,1,1,0,238850048,243113984,0,242884672,121,0
churn,1217,Trimming,4096,12,1,0,1,19678,19678,19678,19678,9806,9806,1,1,0,243113984,247377920,0,247144640,123,0
churn,1218,Trimming,4096,12,1,0,1,19694,19694,19694,19694,9814,9814,1,1,0,247377920,251641856,0,251404608,125,0
churn,1219,Trimming,4096,12,1,0,1,19710,19710,19710,19710,9822,9822,1,1,0,251641856,255905792,0,255664576,127,0
churn,1220,Trimming,4096,12,1,0,1,19726,19726,19726,19726,9830,9830,1,1,0,255905792,260169728,0,259924544,129,0
churn,1221,Trimming,4096,12,1,0,1,19742,19742,19742,19742,9838,9838,1,1,0,260169728,264433664,0,264184512,131,0
churn,1222,Trimming,4096,0,1,0,1,19758,19758,19758,19758,9846,9846,1,1,0,264433664,268697600,0,268444480,133,0
churn,1223,Trimming,4096,0,1,0,1,19774,19774,19774,19774,9854,9854,1,1,0,268697600,272891904,0,268444480,133,0
churn,1224,Trimming,4096,0,1,0,1,19790,19790,19790,19790,9862,9862,1,1,0,272891904,277086208,0,268444480,133,0
churn,1225,Trimming,4096,0,1,0,1,19806,19806,19806,19806,9870,9870,1,1,0,277086208,281280512,0,268444480,133,0
churn,1226,Trimming,4096,0,1,0,1,19822,19822,19822,19822,9878,9878,1,1,0,281280512,285474816,0,268444480,133,0
churn,1227,Trimming,4096,0,1,0,1,19838,19838,19838,19838,9886,9886,1,1,0,285474816,289669120,0,268444480,133,0
churn,1228,Trimming,4096,0,1,0,1,19854,19854,19854,19854,9894,9894,1,1,0,289669120,293863424,0,268444480,133,0
churn,1229,Trimming,4096,0,1,0,1,19870,19870,19870,19870,9902,9902,1,1,0,293863424,298057728,0,268444480,133,0
churn,1230,Trimming,4096,0,1,0,1,19886,19886,19886,19886,9910,9910,1,1,0,298057728,302252032,0,268444480,133,0
churn,1231,Trimming,4096,0,1,0,1,19902,19902,19902,19902,9918,9918,1,1,0,302252032,306446336,0,268444480,133,0
churn,1232,Trimming,4096,0,1,0,1,19918,19918,19918,19918,9926,9926,1,1,0,306446336,310640640,0,268444480,133,0
churn,1233,Trimming,4096,0,1,0,1,19934,19934,19934,19934,9934,9934,1,1,0,310640640,314834944,0,268444480,133,0
churn,1234,Trimming,4096,0,1,0,1,19950,19950,19950,19950,9942,9942,1,1,0,314834944,319029248,0,268444480,133,0
churn,1235,Trimming,4096,0,1,0,1,19966,19966,19966,19966,9950,9950,1,1,0,319029248,323223552,0,268444480,133,0
churn,1236,Trimming,4096,0,1,0,1,19982,19982,19982,19982,9958,9958,1,1,0,323223552,327417856,0,268444480,133,0
churn,1237,Trimming,4096,0,1,0,1,19998,19998,19998,19998,9966,9966,1,1,0,327417856,331612160,0,268444480,133,0
churn,1238,Trimming,4096,0,1,0,1,20014,20014,20014,20014,9974,9974,1,1,0,331612160,335806464,0,268444480,133,0
churn,1239,Trimming,4096,0,1,0,1,20030,20030,20030,20030,9982,9982,1,1,0,335806464,340000768,0,268444480,133,0
churn,1240,Trimming,4096,0,1,0,1,20046,20046,20046,20046,9990,9990,1,1,0,340000768,344195072,0,268444480,133,0
churn,1241,Trimming,4096,0,1,0,1,20062,20062,20062,20062,9998,9998,1,1,0,344195072,348389376,0,268444480,133,0
churn,1242,Trimming,4096,0,1,0,1,20078,20078,20078,20078,10006,10006,1,1,0,348389376,352583680,0,268444480,133,0
churn,1243,Trimming,4096,0,1,0,1,20094,20094,20094,20094,10014,10014,1,1,0,352583680,356777984,0,268444480,133,0
churn,1244,Trimming,4096,0,1,0,1,20110,20110,20110,20110,10022,10022,1,1,0,356777984,360972288,0,268444480,133,0
churn,1245,Trimming,4096,0,1,0,1,20126,20126,20126,20126,10030,10030,1,1,0,360972288,365166592,0,268444480,133,0
churn,1246,Trimming,4096,0,1,0,1,20142,20142,20142,20142,10038,10038,1,1,0,365166592,369360896,0,268444480,133,0
churn,1247,Trimming,4096,0,1,0,1,20158,20158,20158,20158,10046,10046,1,1,0,369360896,373555200,0,268444480,133,0
churn,1248,Trimming,4096,0,1,0,1,20174,20174,20174,20174,10054,10054,1,1,0,373555200,377749504,0,268444480,133,0
churn,1249,Trimming,4096,0,1,0,1,20190,20190,20190,20190,10062,10062,1,1,0,377749504,381943808,0,268444480,133,0
churn,1250,Trimming,4096,0,1,0,1,20206,20206,20206,20206,10070,10070,1,1,0,381943808,386138112,0,268444480,133,0
churn,1251,Trimming,4096,0,1,0,1,20222,20222,20222,20222,10078,10078,1,1,0,386138112,390332416,0,268444480,133,0
churn,1252,Trimming,4096,0,1,0,1,20238,20238,20238,20238,10086,10086,1,1,0,390332416,394526720,0,268444480,133,0
churn,1253,Trimming,4096,0,1,0,1,20254,20254,20254,20254,10094,10094,1,1,0,394526720,398721024,0,268444480,133,0
churn,1254,Trimming,4096,0,1,0,1,20270,20270,20270,20270,10102,10102,1,1,0,398721024,402915328,0,268444480,133,0
churn,1255,Trimming,4096,0,1,0,1,20286,20286,20286,20286,10110,10110,1,1,0,402915328,407109632,0,268444480,133,0
churn,1256,Trimming,4096,0,1,0,1,20302,20302,20302,20302,10118,10118,1,1,0,407109632,411303936,0,268444480,133,0
churn,1257,Trimming,4096,0,1,0,1,20318,20318,20318,20318,10126,10126,1,1,0,411303936,415498240,0,268444480,133,0
churn,1258,Trimming,4096,0,1,0,1,20334,20334,20334,20334,10134,10134,1,1,0,415498240,419692544,0,268444480,133,0
churn,1259,Trimming,4096,0,1,0,1,20350,20350,20350,20350,10142,10142,1,1,0,419692544,423886848,0,268444480,133,0
churn,1260,Trimming,4096,0,1,0,1,20366,20366,20366,20366,10150,10150,1,1,0,423886848,428081152,0,268444480,133,0
churn,1261,Trimming,4096,0,1,0,1,20382,20382,20382,20382,10158,10158,1,1,0,428081152,432275456,0,268444480,133,0
churn,1262,Trimming,4096,0,1,0,1,20398,20398,20398,20398,10166,10166,1,1,0,432275456,436469760,0,268444480,133,0
churn,1263,Trimming,4096,0,1,0,1,20414,20414,20414,20414,10174,10174,1,1,0,436469760,440664064,0,268444480,133,0
churn,1264,Trimming,4096,0,1,0,1,20430,20430,20430,20430,10182,10182,1,1,0,440664064,444858368,0,268444480,133,0
churn,1265,Trimming,4096,0,1,0,1,20446,20446,20446,20446,10190,10190,1,1,0,444858368,449052672,0,268444480,133,0
churn,1266,Trimming,4096,0,1,0,1,20462,20462,20462,20462,10198,10198,1,1,0,449052672,453246976,0,268444480,133,0
churn,1267,Trimming,4096,0,1,0,1,20478,20478,20478,20478,10206,10206,1,1,0,453246976,457441280,0,268444480,133,0
churn,1268,Trimming,4096,0,1,0,1,20494,20494,20494,20494,10214,10214,1,1,0,457441280,461635584,0,268444480,133,0
churn,1269,Trimming,4096,0,1,0,1,20510,20510,20510,20510,10222,10222,1,1,0,461635584,465829888,0,268444480,133,0
churn,1270,Trimming,4096,0,1,0,1,20526,20526,20526,20526,10230,10230,1,1,0,465829888,470024192,0,268444480,133,0
churn,1271,Trimming,4096,0,1,0,1,20542,20542,20542,20542,10238,10238,1,1,0,470024192,474218496,0,268444480,133,0
churn,1272,Trimming,4096,0,1,0,1,20558,20558,20558,20558,10246,10246,1,1,0,474218496,478412800,0,268444480,133,0
churn,1273,Trimming,4096,0,1,0,1,20574,20574,20574,20574,10254,10254,1,1,0,478412800,482607104,0,268444480,133,0
churn,1274,Trimming,4096,0,1,0,1,20590,20590,20590,20590,10262,10262,1,1,0,482607104,486801408,0,268444480,133,0
churn,1275,Trimming,4096,0,1,0,1,20606,20606,20606,20606,10270,10270,1,1,0,486801408,490995712,0,268444480,133,0
churn,1276,Trimming,4096,0,1,0,1,20622,20622,20622,20622,10278,10278,1,1,0,490995712,495190016,0,268444480,133,0
churn,1277,Trimming,4096,0,1,0,1,20638,20638,20638,20638,10286,10286,1,1,0,495190016,499384320,0,268444480,133,0
churn,1278,Trimming,4096,0,1,0,1,20654,20654,20654,20654,10294,10294,1,1,0,499384320,503578624,0,268444480,133,0
churn,1279,Trimming,4096,0,1,0,1,20670,20670,20670,20670,10302,10302,1,1,0,503578624,507772928,0,268444480,133,0
churn,1280,Trimming,4096,0,1,0,1,20686,20686,20686,20686,10310,10310,1,1,0,507772928,511967232,0,268444480,133,0
churn,1281,Trimming,4096,0,1,0,1,20702,20702,20702,20702,10318,10318,1,1,0,511967232,516161536,0,268444480,133,0
churn,1282,Trimming,4096,0,1,0,1,20718,20718,20718,20718,10326,10326,1,1,0,516161536,520355840,0,268444480,133,0
churn,1283,Trimming,4096,0,1,0,1,20734,20734,20734,20734,10334,10334,1,1,0,520355840,524550144,0,268444480,133,0
churn,1284,Trimming,4096,0,1,0,1,20750,20750,20750,20750,10342,10342,1,1,0,524550144,528744448,0,268444480,133,0
churn,1285,Trimming,4096,0,1,0,1,20766,20766,20766,20766,10350,10350,1,1,0,528744448,532938752,0,268444480,133,0
churn,1286,Trimming,4096,0,1,0,1,20782,20782,20782,20782,10358,10358,1,1,0,532938752,537133056,0,268444480,133,0
churn,1287,Trimming,4096,0,1,0,1,20798,20798,20798,20798,10366,10366,1,1,0,537133056,541327360,0,268444480,133,0
churn,1288,Trimming,4096,0,1,0,1,20814,20814,20814,20814,10374,10374,1,1,0,541327360,545521664,0,268444480,133,0
churn,1289,Trimming,4096,0,1,0,1,20830,20830,20830,20830,10382,10382,1,1,0,545521664,549715968,0,268444480,133,0
churn,1290,Trimming,4096,0,1,0,1,20846,20846,20846,20846,10390,10390,1,1,0,549715968,553910272,0,268444480,133,0
churn,1291,Trimming,4096,0,1,0,1,20862,20862,20862,20862,10398,10398,1,1,0,553910272,558104576,0,268444480,133,0
churn,1292,Trimming,4096,0,1,0,1,20878,20878,20878,20878,10406,10406,1,1,0,558104576,562298880,0,268444480,133,0
churn,1293,Trimming,4096,0,1,0,1,20894,20894,20894,20894,10414,10414,1,1,0,562298880,566493184,0,268444480,133,0
churn,1294,Trimming,4096,0,1,0,1,20910,20910,20910,20910,10422,10422,1,1,0,566493184,570687488,0,268444480,133,0
churn,1295,Trimming,4096,0,1,0,1,20926,20926,20926,20926,10430,10430,1,1,0,570687488,574881792,0,268444480,133,0
churn,1296,Trimming,4096,0,1,0,1,20942,20942,20942,20942,10438,10438,1,1,0,574881792,579076096,0,268444480,133,0
churn,1297,Trimming,4096,0,1,0,1,20958,20958,20958,20958,10446,10446,1,1,0,579076096,583270400,0,268444480,133,0
churn,1298,Trimming,4096,0,1,0,1,20974,20974,20974,20974,10454,10454,1,1,0,583270400,587464704,0,268444480,133,0
churn,1299,Trimming,4096,0,1,0,1,20990,20990,20990,20990,10462,10462,1,1,0,587464704,591659008,0,268444480,133,0
churn,1300,Trimming,4096,0,1,0,1,21006,21006,21006,21006,10470,10470,1,1,0,591659008,595853312,0,268444480,133,0
churn,1301,Trimming,4096,0,1,0,1,21022,21022,21022,21022,10478,10478,1,1,0,595853312,600047616,0,268444480,133,0
churn,1302,Trimming,4096,0,1,0,1,21038,21038,21038,21038,10486,10486,1,1,0,600047616,604241920,0,268444480,133,0
churn,1303,Trimming,4096,0,1,0,1,21054,21054,21054,21054,10494,10494,1,1,0,604241920,608436224,0,268444480,133,0
churn,1304,Trimming,3836,0,1,0,1,21070,21070,21070,21070,10502,10502,1,1,0,608436224,612368304,0,612368304,133,1
churn,1305,Trimming,4096,16,1,0,1,21086,21086,21086,21086,10510,10510,1,1,1,0,4333568,0,4326464,5,0
churn,1306,Trimming,4096,16,1,0,1,21102,21102,21102,21102,10518,10518,1,1,0,4333568,8597504,0,8586432,7,0
churn,1307,Trimming,4096,16,1,0,1,21118,21118,21118,21118,10526,10526,1,1,0,8597504,12861440,0,12846400,9,0
churn,1308,Trimming,4096,12,1,0,1,21134,21134,21134,21134,10534,10534,1,1,0,12861440,17125376,0,17106368,11,0
churn,1309,Trimming,4096,12,1,0,1,21150,21150,21150,21150,10542,10542,1,1,0,17125376,21389312,0,21366336,13,0
churn,1310,Trimming,4096,12,1,0,1,21166,21166,21166,21166,10550,10550,1,1,0,21389312,25653248,0,25626304,15,0
churn,1311,Trimming,4096,12,1,0,1,21182,21182,21182,21182,10558,10558,1,1,0,25653248,29917184,0,29886272,17,0
churn,1312,Trimming,4096,12,1,0,1,21198,21198,21198,21198,10566,10566,1,1,0,29917184,34181120,0,34146240,19,0
churn,1313,Trimming,4096,12,1,0,1,21214,21214,21214,21214,10574,10574,1,1,0,34181120,38445056,0,38406208,21,0
churn,1314,Trimming,4096,12,1,0,1,21230,21230,21230,21230,10582,10582,1,1,0,38445056,42708992,0,42666176,23,0
churn,1315,Trimming,4096,12,1,0,1,21246,21246,21246,21246,10590,10590,1,1,0,42708992,46972928,0,46926144,25,0
churn,1316,Trimming,4096,12,1,0,1,21262,21262,21262,21262,10598,10598,1,1,0,46972928,51236864,0,51186112,27,0
churn,1317,Trimming,4096,12,1,0,1,21278,21278,21278,21278,10606,10606,1,1,0,51236864,55500800,0,55446080,29,0
churn,1318,Trimming,4096,12,1,0,1,21294,21294,21294,21294,10614,10614,1,1,0,55500800,59764736,0,59706048,31,0
churn,1319,Trimming,4096,12,1,0,1,21310,21310,21310,21310,10622,10622,1,1,0,59764736,64028672,0,63966016,33,0
churn,1320,Trimming,4096,12,1,0,1,21326,21326,21326,21326,10630,10630,1,1,0,64028672,68292608,0,68225984,35,0
churn,1321,Trimming,4096,12,1,0,1,21342,21342,21342,21342,10638,10638,1,1,0,68292608,72556544,0,72485952,37,0
churn,1322,Trimming,4096,12,1,0,1,21358,21358,21358,21358,10646,10646,1,1,0,72556544,76820480,0,76745920,39,0
churn,1323,Trimming,4096,12,1,0,1,21374,21374,21374,21374,10654,10654,1,1,0,76820480,81084416,0,81005888,45,0
churn,1324,Trimming,4096,12,1,0,1,21390,21390,21390,21390,10662,10662,1,1,0,81084416,85348352,0,85265856,47,0
churn,1325,Trimming,4096,12,1,0,1,21406,21406,21406,21406,10670,10670,1,1,0,85348352,89612288,0,89525824,49,0
churn,1326,Trimming,4096,12,1,0,1,21422,21422,21422,21422,10678,10678,1,1,0,89612288,93876224,0,93785792,51,0
churn,1327,Trimming,4096,16,1,0,1,21438,21438,21438,21438,10686,10686,1,1,0,93876224,98140160,0,98045760,53,0
churn,1328,Trimming,4096,16,1,0,1,21454,21454,21454,21454,10694,10694,1,1,0,98140160,102404096,0,102305728,55,0
churn,1329,Trimming,4096,12,1,0,1,21470,21470,21470,21470,10702,10702,1,1,0,102404096,106668032,0,106565696,57,0
churn,1330,Trimming,4096,12,1,0,1,21486,21486,21486,21486,10710,10710,1,1,0,106668032,110931968,0,110825664,59,0
churn,1331,Trimming,4096,12,1,0,1,21502,21502,21502,21502,10718,10718,1,1,0,110931968,115195904,0,115085632,61,0
churn,1332,Trimming,4096,12,1,0,1,21518,21518,21518,21518,10726,10726,1,1,0,115195904,119459840,0,119345600,63,0
churn,1333,Trimming,4096,12,1,0,1,21534,21534,21534,21534,10734,10734,1,1,0,119459840,123723776,0,123605568,65,0
churn,1334,Trimming,4096,12,1,0,1,21550,21550,21550,21550,10742,10742,1,1,0,123723776,127987712,0,127865536,67,0
churn,1335,Trimming,4096,12,1,0,1,21566,21566,21566,21566,10750,10750,1,1,0,127987712,132251648,0,132125504,69,0
churn,1336,Trimming,4096,12,1,0,1,21582,21582,21582,21582,10758,10758,1,1,0,132251648,136515584,0,136385472,71,0
churn,1337,Trimming,4096,12,1,0,1,21598,21598,21598,21598,10766,10766,1,1,0,136515584,140779520,0,140645440,73,0
churn,1338,Trimming,4096,12,1,0,1,21614,21614,21614,21614,10774,10774,1,1,0,140779520,145043456,0,144905408,75,0
churn,1339,Trimming,4096,12,1,0,1,21630,21630,21630,21630,10782,10782,1,1,0,145043456,149307392,0,149165376,77,0
churn,1340,Trimming,4096,12,1,0,1,21646,21646,21646,21646,10790,10790,1,1,0,149307392,153571328,0,153425344,79,0
churn,1341,Trimming,4096,12,1,0,1,21662,21662,21662,21662,10798,10798,1,1,0,153571328,157835264,0,157685312,81,0
churn,1342,Trimming,4096,12,1,0,1,21678,21678,21678,21678,10806,10806,1,1,0,157835264,162099200,0,161945280,83,0
churn,1343,Trimming,4096,12,1,0,1,21694,21694,21694,21694,10814,10814,1,1,0,162099200,166363136,0,166205248,85,0
churn,1344,Trimming,4096,12,1,0,1,21710,21710,21710,21710,10822,10822,1,1,0,166363136,170627072,0,170465216,87,0
churn,1345,Trimming,4096,12,1,0,1,21726,21726,21726,21726,10830,10830,1,1,0,170627072,174891008,0,174725184,89,0
churn,1346,Trimming,4096,12,1,0,1,21742,21742,21742,21742,10838,10838,1,1,0,174891008,179154944,0,178985152,91,0
churn,1347,Trimming,4096,12,1,0,1,21758,21758,21758,21758,10846,10846,1,1,0,179154944,183418880,0,183245120,93,0
churn,1348,Trimming,4096,12,1,0,1,21774,21774,21774,21774,10854,10854,1,1,0,183418880,187682816,0,187505088,95,0
churn,1349,Trimming,4096,12,1,0,1,21790,21790,21790,21790,10862,10862,1,1,0,187682816,191946752,0,191765056,97,0
churn,1350,Trimming,4096,12,1,0,1,21806,21806,21806,21806,10870,10870,1,1,0,191946752,196210688,0,196025024,99,0
churn,1351,Trimming,4096,12,1,0,1,21822,21822,21822,21822,10878,10878,1,1,0,196210688,200474624,0,200284992,101,0
churn,1352,Trimming,4096,12,1,0,1,21838,21838,21838,21838,10886,10886,1,1,0,200474624,204738560,0,204544960,103,0
churn,1353,Trimming,4096,12,1,0,1,21854,21854,21854,21854,10894,10894,1,1,0,204738560,209002496,0,208804928,105,0
churn,1354,Trimming,4096,12,1,0,1,21870,21870,21870,21870,10902,10902,1,1,0,209002496,213266432,0,213064896,107,0
churn,1355,Trimming,4096,12,1,0,1,21886,21886,21886,21886,10910,10910,1,1,0,213266432,217530368,0,217324864,109,0
churn,1356,Trimming,4096,12,1,0,1,21902,21902,21902,21902,10918,10918,1,1,0,217530368,221794304,0,221584832,111,0
churn,1357,Trimming,4096,12,1,0,1,21918,21918,21918,21918,10926,10926,1,1,0,221794304,226058240,0,225844800,113,0
churn,1358,Trimming,4096,12,1,0,1,21934,21934,21934,21934,10934,10934,1,1,0,226058240,230322176,0,230104768,115,0
churn,1359,Trimming,4096,16,1,0,1,21950,21950,21950,21950,10942,10942,1,1,0,230322176,234586112,0,234364736,117,0
churn,1360,Trimming,4096,16,1,0,1,21966,21966,21966,21966,10950,10950,1,1,0,234586112,238850048,0,238624704,119,0
churn,1361,Trimming,4096,12,1,0,1,21982,21982,21982,21982,10958,10958,1,1,0,238850048,243113984,0,242884672,121,0
churn,1362,Trimming,4096,12,1,0,1,21998,21998,21998,21998,10966,10966,1,1,0,243113984,247377920,0,247144640,123,0
churn,1363,Trimming,4096,12,1,0,1,22014,22014,22014,22014,10974,10974,1,1,0,247377920,251641856,0,251404608,125,0
churn,1364,Trimming,4096,12,1,0,1,22030,22030,22030,22030,10982,10982,1,1,0,251641856,255905792,0,255664576,127,0
churn,1365,Trimming,4096,12,1,0,1,22046,22046,22046,22046,10990,10990,1,1,0,255905792,260169728,0,259924544,129,0
churn,1366,Trimming,4096,12,1,0,1,22062,22062,22062,22062,10998,10998,1,1,0,260169728,264433664,0,264184512,131,0
churn,1367,Trimming,4096,0,1,0,1,22078,22078,22078,22078,11006,11006,1,1,0,264433664,268697600,0,268444480,133,0
churn,1368,Trimming,4096,0,1,0,1,22094,22094,22094,22094,11014,11014,1,1,0,268697600,272891904,0,268444480,133,0
churn,1369,Trimming,4096,0,1,0,1,22110,22110,22110,22110,11022,11022,1,1,0,272891904,277086208,0,268444480,133,0
churn,1370,Trimming,4096,0,1,0,1,22126,22126,22126,22126,11030,11030,1,1,0,277086208,281280512,0,268444480,133,0
churn,1371,Trimming,4096,0,1,0,1,22142,22142,22142,22142,11038,11038,1,1,0,281280512,285474816,0,268444480,133,0
churn,1372,Trimming,4096,0,1,0,1,22158,22158,22158,22158,11046,11046,1,1,0,285474816,289669120,0,268444480,133,0
churn,1373,Trimming,4096,0,1,0,1,22174,22174,22174,22174,11054,11054,1,1,0,289669120,293863424,0,268444480,133,0
churn,1374,Trimming,4096,0,1,0,1,22190,22190,22190,22190,11062,11062,1,1,0,293863424,298057728,0,268444480,133,0
churn,1375,Trimming,4096,0,1,0,1,22206,22206,22206,22206,11070,11070,1,1,0,298057728,302252032,0,268444480,133,0
churn,1376,Trimming,4096,0,1,0,1,22222,22222,22222,22222,11078,11078,1,1,0,302252032,306446336,0,268444480,133,0
churn,1377,Trimming,4096,0,1,0,1,22238,22238,22238,22238,11086,11086,1,1,0,306446336,310640640,0,268444480,133,0
churn,1378,Trimming,4096,0,1,0,1,22254,22254,22254,22254,11094,11094,1,1,0,310640640,314834944,0,268444480,133,0
churn,1379,Trimming,4096,0,1,0,1,22270,22270,22270,22270,11102,11102,1,1,0,314834944,319029248,0,268444480,133,0
churn,1380,Trimming,4096,0,1,0,1,22286,22286,22286,22286,11110,11110,1,1,0,319029248,323223552,0,268444480,133,0
churn,1381,Trimming,4096,0,1,0,1,22302,22302,22302,22302,11118,11118,1,1,0,323223552,327417856,0,268444480,133,0
churn,1382,Trimming,4096,0,1,0,1,22318,22318,22318,22318,11126,11126,1,1,0,327417856,331612160,0,268444480,133,0
churn,1383,Trimming,4096,0,1,0,1,22334,22334,22334,22334,11134,11134,1,1,0,331612160,335806464,0,268444480,133,0
churn,1384,Trimming,4096,0,1,0,1,22350,22350,22350,22350,11142,11142,1,1,0,335806464,340000768,0,268444480,133,0
churn,1385,Trimming,4096,0,1,0,1,22366,22366,22366,22366,11150,11150,1,1,0,340000768,344195072,0,268444480,133,0
churn,1386,Trimming,4096,0,1,0,1,22382,22382,22382,22382,11158,11158,1,1,0,344195072,348389376,0,268444480,133,0
churn,1387,Trimming,4096,0,1,0,1,22398,22398,22398,22398,11166,11166,1,1,0,348389376,352583680,0,268444480,133,0
churn,1388,Trimming,4096,0,1,0,1,22414,22414,22414,22414,11174,11174,1,1,0,352583680,356777984,0,268444480,133,0
churn,1389,Trimming,4096,0,1,0,1,22430,22430,22430,22430,11182,11182,1,1,0,356777984,360972288,0,268444480,133,0
churn,1390,Trimming,4096,0,1,0,1,22446,22446,22446,22446,11190,11190,1,1,0,360972288,365166592,0,268444480,133,0
churn,1391,Trimming,4096,0,1,0,1,22462,22462,22462,22462,11198,11198,1,1,0,365166592,369360896,0,268444480,133,0
churn,1392,Trimming,4096,0,1,0,1,22478,22478,22478,22478,11206,11206,1,1,0,369360896,373555200,0,268444480,133,0
churn,1393,Trimming,4096,0,1,0,1,22494,22494,22494,22494,11214,11214,1,1,0,373555200,377749504,0,268444480,133,0
churn,1394,Trimming,4096,0,1,0,1,22510,22510,22510,22510,11222,11222,1,1,0,377749504,381943808,0,268444480,133,0
churn,1395,Trimming,4096,0,1,0,1,22526,22526,22526,22526,11230,11230,1,1,0,381943808,386138112,0,268444480,133,0
churn,1396,Trimming,4096,0,1,0,1,22542,22542,22542,22542,11238,11238,1,1,0,386138112,390332416,0,268444480,133,0
churn,1397,Trimming,4096,0,1,0,1,22558,22558,22558,22558,11246,11246,1,1,0,390332416,394526720,0,268444480,133,0
churn,1398,Trimming,4096,0,1,0,1,22574,22574,22574,22574,11254,11254,1,1,0,394526720,398721024,0,268444480,133,0
churn,1399,Trimming,4096,0,1,0,1,22590,22590,22590,22590,11262,11262,1,1,0,398721024,402915328,0,268444480,133,0
churn,1400,Trimming,4096,0,1,0,1,22606,22606,22606,22606,11270,11270,1,1,0,402915328,407109632,0,268444480,133,0
churn,1401,Trimming,4096,0,1,0,1,22622,22622,22622,22622,11278,11278,1,1,0,407109632,411303936,0,268444480,133,0
churn,1402,Trimming,4096,0,1,0,1,22638,22638,22638,22638,11286,11286,1,1,0,411303936,415498240,0,268444480,133,0
churn,1403,Trimming,4096,0,1,0,1,22654,22654,22654,22654,11294,11294,1,1,0,415498240,419692544,0,268444480,133,0
churn,1404,Trimming,4096,0,1,0,1,22670,22670,22670,22670,11302,11302,1,1,0,419692544,423886848,0,268444480,133,0
churn,1405,Trimming,4096,0,1,0,1,22686,22686,22686,22686,11310,11310,1,1,0,423886848,428081152,0,268444480,133,0
churn,1406,Trimming,4096,0,1,0,1,22702,22702,22702,22702,11318,11318,1,1,0,428081152,432275456,0,268444480,133,0
churn,1407,Trimming,4096,0,1,0,1,22718,22718,22718,22718,11326,11326,1,1,0,432275456,436469760,0,268444480,133,0
churn,1408,Trimming,4096,0,1,0,1,22734,22734,22734,22734,11334,11334,1,1,0,436469760,440664064,0,268444480,133,0
churn,1409,Trimming,4096,0,1,0,1,22750,22750,22750,22750,11342,11342,1,1,0,440664064,444858368,0,268444480,133,0
churn,1410,Trimming,4096,0,1,0,1,22766,22766,22766,22766,11350,11350,1,1,0,444858368,449052672,0,268444480,133,0
churn,1411,Trimming,4096,0,1,0,1,22782,22782,22782,22782,11358,11358,1,1,0,449052672,453246976,0,268444480,133,0
churn,1412,Trimming,4096,0,1,0,1,22798,22798,22798,22798,11366,11366,1,1,0,453246976,457441280,0,268444480,133,0
churn,1413,Trimming,4096,0,1,0,1,22814,22814,22814,22814,11374,11374,1,1,0,457441280,461635584,0,268444480,133,0
churn,1414,Trimming,4096,0,1,0,1,22830,22830,22830,22830,11382,11382,1,1,0,461635584,465829888,0,268444480,133,0
churn,1415,Trimming,4096,0,1,0,1,22846,22846,22846,22846,11390,11390,1,1,0,465829888,470024192,0,268444480,133,0
churn,1416,Trimming,4096,0,1,0,1,22862,22862,22862,22862,11398,11398,1,1,0,470024192,474218496,0,268444480,133,0
churn,1417,Trimming,4096,0,1,0,1,22878,22878,22878,22878,11406,11406,1,1,0,474218496,478412800,0,268444480,133,0
churn,1418,Trimming,4096,0,1,0,1,22894,22894,22894,22894,11414,11414,1,1,0,478412800,482607104,0,268444480,133,0
churn,1419,Trimming,4096,0,1,0,1,22910,22910,22910,22910,11422,11422,1,1,0,482607104,486801408,0,268444480,133,0
churn,1420,Trimming,4096,0,1,0,1,22926,22926,22926,22926,11430,11430,1,1,0,486801408,490995712,0,268444480,133,0
churn,1421,Trimming,4096,0,1,0,1,22942,22942,22942,22942,11438,11438,1,1,0,490995712,495190016,0,268444480,133,0
churn,1422,Trimming,4096,0,1,0,1,22958,22958,22958,22958,11446,11446,1,1,0,495190016,499384320,0,268444480,133,0
churn,1423,Trimming,4096,0,1,0,1,22974,22974,22974,22974,11454,11454,1,1,0,499384320,503578624,0,268444480,133,0
churn,1424,Trimming,4096,0,1,0,1,22990,22990,22990,22990,11462,11462,1,1,0,503578624,507772928,0,268444480,133,0
churn,1425,Trimming,4096,0,1,0,1,23006,23006,23006,23006,11470,11470,1,1,0,507772928,511967232,0,268444480,133,0
churn,1426,Trimming,4096,0,1,0,1,23022,23022,23022,23022,11478,11478,1,1,0,511967232,516161536,0,268444480,133,0
churn,1427,Trimming,4096,0,1,0,1,23038,23038,23038,23038,11486,11486,1,1,0,516161536,520355840,0,268444480,133,0
churn,1428,Trimming,4096,0,1,0,1,23054,23054,23054,23054,11494,11494,1,1,0,520355840,524550144,0,268444480,133,0
churn,1429,Trimming,4096,0,1,0,1,23070,23070,23070,23070,11502,11502,1,1,0,524550144,528744448,0,268444480,133,0
churn,1430,Trimming,4096,0,1,0,1,23086,23086,23086,23086,11510,11510,1,1,0,528744448,532938752,0,268444480,133,0
churn,1431,Trimming,4096,0,1,0,1,23102,23102,23102,23102,11518,11518,1,1,0,532938752,537133056,0,268444480,133,0
churn,1432,Trimming,4096,0,1,0,1,23118,23118,23118,23118,11526,11526,1,1,0,537133056,541327360,0,268444480,133,0
churn,1433,Trimming,4096,0,1,0,1,23134,23134,23134,23134,11534,11534,1,1,0,541327360,545521664,0,268444480,133,0
churn,1434,Trimming,4096,0,1,0,1,23150,23150,23150,23150,11542,11542,1,1,0,545521664,549715968,0,268444480,133,0
churn,1435,Trimming,4096,0,1,0,1,23166,23166,23166,23166,11550,11550,1,1,0,549715968,553910272,0,268444480,133,0
churn,1436,Trimming,4096,0,1,0,1,23182,23182,23182,23182,11558,11558,1,1,0,553910272,558104576,0,268444480,133,0
churn,1437,Trimming,4096,0,1,0,1,23198,23198,23198,23198,11566,11566,1,1,0,558104576,562298880,0,268444480,133,0
churn,1438,Trimming,4096,0,1,0,1,23214,23214,23214,23214,11574,11574,1,1,0,562298880,566493184,0,268444480,133,0
churn,1439,Trimming,4096,0,1,0,1,23230,23230,23230,23230,11582,11582,1,1,0,566493184,570687488,0,268444480,133,0
churn,1440,Trimming,4096,0,1,0,1,23246,23246,23246,23246,11590,11590,1,1,0,570687488,574881792,0,268444480,133,0
churn,1441,Trimming,4096,0,1,0,1,23262,23262,23262,23262,11598,11598,1,1,0,574881792,579076096,0,268444480,133,0
churn,1442,Trimming,4096,0,1,0,1,23278,23278,23278,23278,11606,11606,1,1,0,579076096,583270400,0,268444480,133,0
churn,1443,Trimming,4096,0,1,0,1,23294,23294,23294,23294,11614,11614,1,1,0,583270400,587464704,0,268444480,133,0
churn,1444,Trimming,4096,0,1,0,1,23310,23310,23310,23310,11622,11622,1,1,0,587464704,591659008,0,268444480,133,0
churn,1445,Trimming,4096,0,1,0,1,23326,23326,23326,23326,11630,11630,1,1,0,591659008,595853312,0,268444480,133,0
churn,1446,Trimming,4096,0,1,0,1,23342,23342,23342,23342,11638,11638,1,1,0,595853312,600047616,0,268444480,133,0
churn,1447,Trimming,4096,0,1,0,1,23358,23358,23358,23358,11646,11646,1,1,0,600047616,604241920,0,268444480,133,0
churn,1448,Trimming,4096,0,1,0,1,23374,23374,23374,23374,11654,11654,1,1,0,604241920,608436224,0,268444480,133,0
churn,1449,Trimming,3836,0,1,0,1,23390,23390,23390,23390,11662,11662,1,1,0,608436224,612368304,0,612368304,133,1
churn,1450,Trimming,4096,16,1,0,1,23406,23406,23406,23406,11670,11670,1,1,1,0,4341760,0,4334784,9,0
churn,1451,Trimming,4096,4,1,0,1,23422,23422,23422,23422,11678,11678,1,1,0,4341760,8613888,0,8594752,11,0
churn,1452,Trimming,4096,4,1,0,1,23438,23438,23438,23438,11686,11686,1,1,0,8613888,12886016,0,12854720,13,0
churn,1453,Trimming,4096,4,1,0,1,23454,23454,23454,23454,11694,11694,1,1,0,12886016,17158144,0,17114688,15,0
churn,1454,Trimming,4096,4,1,0,1,23470,23470,23470,23470,11702,11702,1,1,0,17158144,21430272,0,21374656,17,0
churn,1455,Trimming,4096,4,1,0,1,23486,23486,23486,23486,11710,11710,1,1,0,21430272,25702400,0,25634624,19,0
churn,1456,Trimming,4096,4,1,0,1,23502,23502,23502,23502,11718,11718,1,1,0,25702400,29974528,0,29894592,21,0
churn,1457,Trimming,4096,4,1,0,1,23518,23518,23518,23518,11726,11726,1,1,0,29974528,34246656,0,34154560,23,0
churn,1458,Trimming,4096,4,1,0,1,23534,23534,23534,23534,11734,11734,1,1,0,34246656,38518784,0,38414528,25,0
churn,1459,Trimming,4096,4,1,0,1,23550,23550,23550,23550,11742,11742,1,1,0,38518784,42790912,0,42674496,27,0
churn,1460,Trimming,4096,4,1,0,1,23566,23566,23566,23566,11750,11750,1,1,0,42790912,47063040,0,46934464,29,0
churn,1461,Trimming,4096,4,1,0,1,23582,23582,23582,23582,11758,11758,1,1,0,47063040,51335168,0,51194432,31,0
churn,1462,Trimming,4096,4,1,0,1,23598,23598,23598,23598,11766,11766,1,1,0,51335168,55607296,0,55454400,33,0
churn,1463,Trimming,4096,4,1,0,1,23614,23614,23614,23614,11774,11774,1,1,0,55607296,59879424,0,59714368,35,0
churn,1464,Trimming,4096,4,1,0,1,23630,23630,23630,23630,11782,11782,1,1,0,59879424,64151552,0,63974336,37,0
churn,1465,Trimming,4096,4,1,0,1,23646,23646,23646,23646,11790,11790,1,1,0,64151552,68423680,0,68234304,39,0
churn,1466,Trimming,4096,4,1,0,1,23662,23662,23662,23662,11798,11798,1,1,0,68423680,72695808,0,72494272,41,0
churn,1467,Trimming,4096,4,1,0,1,23678,23678,23678,23678,11806,11806,1,1,0,72695808,76967936,0,76754240,43,0
churn,1468,Trimming,4096,4,1,0,1,23694,23694,23694,23694,11814,11814,1,1,0,76967936,81240064,0,81014208,45,0
churn,1469,Trimming,4096,4,1,0,1,23710,23710,23710,23710,11822,11822,1,1,0,81240064,85512192,0,85274176,47,0
churn,1470,Trimming,4096,4,1,0,1,23726,23726,23726,23726,11830,11830,1,1,0,85512192,89784320,0,89534144,49,0
churn,1471,Trimming,4096,4,1,0,1,23742,23742,23742,23742,11838,11838,1,1,0,89784320,94056448,0,93794112,51,0
churn,1472,Trimming,4096,8,1,0,1,23758,23758,23758,23758,11846,11846,1,1,0,94056448,98328576,0,98054080,53,0
churn,1473,Trimming,4096,4,1,0,1,23774,23774,23774,23774,11854,11854,1,1,0,98328576,102604800,0,102314048,55,0
churn,1474,Trimming,4096,4,1,0,1,23790,23790,23790,23790,11862,11862,1,1,0,102604800,106876928,0,106574016,57,0
churn,1475,Trimming,4096,4,1,0,1,23806,23806,23806,23806,11870,11870,1,1,0,106876928,111149056,0,110833984,59,0
churn,1476,Trimming,4096,4,1,0,1,23822,23822,23822,23822,11878,11878,1,1,0,111149056,115421184,0,115093952,61,0
churn,1477,Trimming,4096,4,1,0,1,23838,23838,23838,23838,11886,11886,1,1,0,115421184,119693312,0,119353920,63,0
churn,1478,Trimming,4096,4,1,0,1,23854,23854,23854,23854,11894,11894,1,1,0,119693312,123965440,0,123613888,65,0
churn,1479,Trimming,4096,4,1,0,1,23870,23870,23870,23870,11902,11902,1,1,0,123965440,128237568,0,127873856,67,0
churn,1480,Trimming,4096,4,1,0,1,23886,23886,23886,23886,11910,11910,1,1,0,128237568,132509696,0,132133824,69,0
churn,1481,Trimming,4096,4,1,0,1,23902,23902,23902,23902,11918,11918,1,1,0,132509696,136781824,0,136393792,71,0
churn,1482,Trimming,4096,4,1,0,1,23918,23918,23918,23918,11926,11926,1,1,0,136781824,141053952,0,140653760,73,0
churn,1483,Trimming,4096,4,1,0,1,23934,23934,23934,23934,11934,11934,1,1,0,141053952,145326080,0,144913728,75,0
churn,1484,Trimming,4096,4,1,0,1,23950,23950,23950,23950,11942,11942,1,1,0,145326080,149598208,0,149173696,77,0
churn,1485,Trimming,4096,4,1,0,1,23966,23966,23966,23966,11950,11950,1,1,0,149598208,153870336,0,153433664,79,0
churn,1486,Trimming,4096,4,1,0,1,23982,23982,23982,23982,11958,11958,1,1,0,153870336,158142464,0,157693632,81,0
churn,1487,Trimming,4096,4,1,0,1,23998,23998,23998,23998,11966,11966,1,1,0,158142464,162414592,0,161953600,83,0
churn,1488,Trimming,4096,4,1,0,1,24014,24014,24014,24014,11974,11974,1,1,0,162414592,166686720,0,166213568,85,0
churn,1489,Trimming,4096,4,1,0,1,24030,24030,24030,24030,11982,11982,1,1,0,166686720,170958848,0,170473536,87,0
churn,1490,Trimming,4096,4,1,0,1,24046,24046,24046,24046,11990,11990,1,1,0,170958848,175230976,0,174733504,89,0
churn,1491,Trimming,4096,4,1,0,1,24062,24062,24062,24062,11998,11998,1,1,0,175230976,179503104,0,178993472,91,0
churn,1492,Trimming,4096,4,1,0,1,24078,24078,24078,24078,12006,12006,1,1,0,179503104,183775232,0,183253440,93,0
churn,1493,Trimming,4096,4,1,0,1,24094,24094,24094,24094,12014,12014,1,1,0,183775232,188047360,0,187513408,95,0
churn,1494,Trimming,4096,4,1,0,1,24110,24110,24110,24110,12022,12022,1,1,0,188047360,192319488,0,191773376,97,0
churn,1495,Trimming,4096,4,1,0,1,24126,24126,24126,24126,12030,12030,1,1,0,192319488,196591616,0,196033344,99,0
churn,1496,Trimming,4096,4,1,0,1,24142,24142,24142,24142,12038,12038,1,1,0,196591616,200863744,0,200293312,101,0
churn,1497,Trimming,4096,4,1,0,1,24158,24158,24158,24158,12046,12046,1,1,0,200863744,205135872,0,204553280,103,0
churn,1498,Trimming,4096,4,1,0,1,24174,24174,24174,24174,12054,12054,1,1,0,205135872,209408000,0,208813248,105,0
churn,1499,Trimming,4096,4,1,0,1,24190,24190,24190,24190,12062,12062,1,1,0,209408000,213680128,0,213073216,107,0
churn,1500,Trimming,4096,4,1,0,1,24206,24206,24206,24206,12070,12070,1,1,0,213680128,217952256,0,217333184,109,0
churn,1501,Trimming,4096,4,1,0,1,24222,24222,24222,24222,12078,12078,1,1,0,217952256,222224384,0,221593152,111,0
churn,1502,Trimming,4096,4,1,0,1,24238,24238,24238,24238,12086,12086,1,1,0,222224384,226496512,0,225853120,113,0
churn,1503,Trimming,4096,4,1,0,1,24254,24254,24254,24254,12094,12094,1,1,0,226496512,230768640,0,230113088,115,0
churn,1504,Trimming,4096,8,1,0,1,24270,24270,24270,24270,12102,12102,1,1,0,230768640,235040768,0,234373056,117,0
churn,1505,Trimming,4096,4,1,0,1,24286,24286,24286,24286,12110,12110,1,1,0,235040768,239316992,0,238633024,119,0
churn,1506,Trimming,4096,4,1,0,1,24302,24302,24302,24302,12118,12118,1,1,0,239316992,243589120,0,242892992,121,0
churn,1507,Trimming,4096,4,1,0,1,24318,24318,24318,24318,12126,12126,1,1,0,243589120,247861248,0,247152960,123,0
churn,1508,Trimming,4096,4,1,0,1,24334,24334,24334,24334,12134,12134,1,1,0,247861248,252133376,0,251412928,125,0
churn,1509,Trimming,4096,4,1,0,1,24350,24350,24350,24350,12142,12142,1,1,0,252133376,256405504,0,255672896,127,0
churn,1510,Trimming,4096,4,1,0,1,24366,24366,24366,24366,12150,12150,1,1,0,256405504,260677632,0,259932864,129,0
churn,1511,Trimming,4096,4,1,0,1,24382,24382,24382,24382,12158,12158,1,1,0,260677632,264949760,0,264192832,131,0
churn,1512,Trimming,4096,0,1,0,1,24398,24398,24398,24398,12166,12166,1,1,0,264949760,269213696,0,268444480,133,0
churn,1513,Trimming,4096,0,1,0,1,24414,24414,24414,24414,12174,12174,1,1,0,269213696,273408000,0,268444480,133,0
churn,1514,Trimming,4096,0,1,0,1,24430,24430,24430,24430,12182,12182,1,1,0,273408000,277602304,0,268444480,133,0
churn,1515,Trimming,4096,0,1,0,1,24446,24446,24446,24446,12190,12190,1,1,0,277602304,281796608,0,268444480,133,0
churn,1516,Trimming,4096,0,1,0,1,24462,24462,24462,24462,12198,12198,1,1,0,281796608,285990912,0,268444480,133,0
churn,1517,Trimming,4096,0,1,0,1,24478,24478,24478,24478,12206,12206,1,1,0,285990912,290185216,0,268444480,133,0
churn,1518,Trimming,4096,0,1,0,1,24494,24494,24494,24494,12214,12214,1,1,0,290185216,294379520,0,268444480,133,0
churn,1519,Trimming,4096,0,1,0,1,24510,24510,24510,24510,12222,12222,1,1,0,294379520,298573824,0,268444480,133,0
churn,1520,Trimming,4096,0,1,0,1,24526,24526,24526,24526,12230,12230,1,1,0,298573824,302768128,0,268444480,133,0
churn,1521,Trimming,4096,0,1,0,1,24542,24542,24542,24542,12238,12238,1,1,0,302768128,306962432,0,268444480,133,0
churn,1522,Trimming,4096,0,1,0,1,24558,24558,24558,24558,12246,12246,1,1,0,306962432,311156736,0,268444480,133,0
churn,1523,Trimming,4096,0,1,0,1,24574,24574,24574,24574,12254,12254,1,1,0,311156736,315351040,0,268444480,133,0
churn,1524,Trimming,4096,0,1,0,1,24590,24590,24590,24590,12262,12262,1,1,0,315351040,319545344,0,268444480,133,0
churn,1525,Trimming,4096,0,1,0,1,24606,24606,24606,24606,12270,12270,1,1,0,319545344,323739648,0,268444480,133,0
churn,1526,Trimming,4096,0,1,0,1,24622,24622,24622,24622,12278,12278,1,1,0,323739648,327933952,0,268444480,133,0
churn,1527,Trimming,4096,0,1,0,1,24638,24638,24638,24638,12286,12286,1,1,0,327933952,332128256,0,268444480,133,0
churn,1528,Trimming,4096,0,1,0,1,24654,24654,24654,24654,12294,12294,1,1,0,332128256,336322560,0,268444480,133,0
churn,1529,Trimming,4096,0,1,0,1,24670,24670,24670,24670,12302,12302,1,1,0,336322560,340516864,0,268444480,133,0
churn,1530,Trimming,4096,0,1,0,1,24686,24686,24686,24686,12310,12310,1,1,0,340516864,344711168,0,268444480,133,0
churn,1531,Trimming,4096,0,1,0,1,24702,24702,24702,24702,12318,12318,1,1,0,344711168,348905472,0,268444480,133,0
churn,1532,Trimming,4096,0,1,0,1,24718,24718,24718,24718,12326,12326,1,1,0,348905472,353099776,0,268444480,133,0
churn,1533,Trimming,4096,0,1,0,1,24734,24734,24734,24734,12334,12334,1,1,0,353099776,357294080,0,268444480,133,0
churn,1534,Trimming,4096,0,1,0,1,24750,24750,24750,24750,12342,12342,1,1,0,357294080,361488384,0,268444480,133,0
churn,1535,Trimming,4096,0,1,0,1,24766,24766,24766,24766,12350,12350,1,1,0,361488384,365682688,0,268444480,133,0
churn,1536,Trimming,4096,0,1,0,1,24782,24782,24782,24782,12358,12358,1,1,0,365682688,369876992,0,268444480,133,0
churn,1537,Trimming,4096,0,1,0,1,24798,24798,24798,24798,12366,12366,1,1,0,369876992,374071296,0,268444480,133,0
churn,1538,Trimming,4096,0,1,0,1,24814,24814,24814,24814,12374,12374,1,1,0,374071296,378265600,0,268444480,133,0
churn,1539,Trimming,4096,0,1,0,1,24830,24830,24830,24830,12382,12382,1,1,0,378265600,382459904,0,268444480,133,0
churn,1540,Trimming,4096,0,1,0,1,24846,24846,24846,24846,12390,12390,1,1,0,382459904,386654208,0,268444480,133,0
churn,1541,Trimming,4096,0,1,0,1,24862,24862,24862,24862,12398,12398,1,1,0,386654208,390848512,0,268444480,133,0
churn,1542,Trimming,4096,0,1,0,1,24878,24878,24878,24878,12406,12406,1,1,0,390848512,395042816,0,268444480,133,0
churn,1543,Trimming,4096,0,1,0,1,24894,24894,24894,24894,12414,12414,1,1,0,395042816,399237120,0,268444480,133,0
churn,1544,Trimming,4096,0,1,0,1,24910,24910,24910,24910,12422,12422,1,1,0,399237120,403431424,0,268444480,133,0
churn,1545,Trimming,4096,0,1,0,1,24926,24926,24926,24926,12430,12430,1,1,0,403431424,407625728,0,268444480,133,0
churn,1546,Trimming,4096,0,1,0,1,24942,24942,24942,24942,12438,12438,1,1,0,407625728,411820032,0,268444480,133,0
churn,1547,Trimming,4096,0,1,0,1,24958,24958,24958,24958,12446,12446,1,1,0,411820032,416014336,0,268444480,133,0
churn,1548,Trimming,4096,0,1,0,1,24974,24974,24974,24974,12454,12454,1,1,0,416014336,420208640,0,268444480,133,0
churn,1549,Trimming,4096,0,1,0,1,24990,24990,24990,24990,12462,12462,1,1,0,420208640,424402944,0,268444480,133,0
churn,1550,Trimming,4096,0,1,0,1,25006,25006,25006,25006,12470,12470,1,1,0,424402944,428597248,0,268444480,133,0
churn,1551,Trimming,4096,0,1,0,1,25022,25022,25022,25022,12478,12478,1,1,0,428597248,432791552,0,268444480,133,0
churn,1552,Trimming,4096,0,1,0,1,25038,25038,25038,25038,12486,12486,1,1,0,432791552,436985856,0,268444480,133,0
churn,1553,Trimming,4096,0,1,0,1,25054,25054,25054,25054,12494,12494,1,1,0,436985856,441180160,0,268444480,133,0
churn,1554,Trimming,4096,0,1,0,1,25070,25070,25070,25070,12502,12502,1,1,0,441180160,445374464,0,268444480,133,0
churn,1555,Trimming,4096,0,1,0,1,25086,25086,25086,25086,12510,12510,1,1,0,445374464,449568768,0,268444480,133,0
churn,1556,Trimming,4096,0,1,0,1,25102,25102,25102,25102,12518,12518,1,1,0,449568768,453763072,0,268444480,133,0
churn,1557,Trimming,4096,0,1,0,1,25118,25118,25118,25118,12526,12526,1,1,0,453763072,457957376,0,268444480,133,0
churn,1558,Trimming,4096,0,1,0,1,25134,25134,25134,25134,12534,12534,1,1,0,457957376,462151680,0,268444480,133,0
churn,1559,Trimming,4096,0,1,0,1,25150,25150,25150,25150,12542,12542,1,1,0,462151680,466345984,0,268444480,133,0
churn,1560,Trimming,4096,0,1,0,1,25166,25166,25166,25166,12550,12550,1,1,0,466345984,470540288,0,268444480,133,0
churn,1561,Trimming,4096,0,1,0,1,25182,25182,25182,25182,12558,12558,1,1,0,470540288,474734592,0,268444480,133,0
churn,1562,Trimming,4096,0,1,0,1,25198,25198,25198,25198,12566,12566,1,1,0,474734592,478928896,0,268444480,133,0
churn,1563,Trimming,4096,0,1,0,1,25214,25214,25214,25214,12574,12574,1,1,0,478928896,483123200,0,268444480,133,0
churn,1564,Trimming,4096,0,1,0,1,25230,25230,25230,25230,12582,12582,1,1,0,483123200,487317504,0,268444480,133,0
churn,1565,Trimming,4096,0,1,0,1,25246,25246,25246,25246,12590,12590,1,1,0,487317504,491511808,0,268444480,133,0
churn,1566,Trimming,4096,0,1,0,1,25262,25262,25262,25262,12598,12598,1,1,0,491511808,495706112,0,268444480,133,0
churn,1567,Trimming,4096,0,1,0,1,25278,25278,25278,25278,12606,12606,1,1,0,495706112,499900416,0,268444480,133,0
churn,1568,Trimming,4096,0,1,0,1,25294,25294,25294,25294,12614,12614,1,1,0,499900416,504094720,0,268444480,133,0
churn,1569,Trimming,4096,0,1,0,1,25310,25310,25310,25310,12622,12622,1,1,0,504094720,508289024,0,268444480,133,0
churn,1570,Trimming,4096,0,1,0,1,25326,25326,25326,25326,12630,12630,1,1,0,508289024,512483328,0,268444480,133,0
churn,1571,Trimming,4096,0,1,0,1,25342,25342,25342,25342,12638,12638,1,1,0,512483328,516677632,0,268444480,133,0
churn,1572,Trimming,4096,0,1,0,1,25358,25358,25358,25358,12646,12646,1,1,0,516677632,520871936,0,268444480,133,0
churn,1573,Trimming,4096,0,1,0,1,25374,25374,25374,25374,12654,12654,1,1,0,520871936,525066240,0,268444480,133,0
churn,1574,Trimming,4096,0,1,0,1,25390,25390,25390,25390,12662,12662,1,1,0,525066240,529260544,0,268444480,133,0
churn,1575,Trimming,4096,0,1,0,1,25406,25406,25406,25406,12670,12670,1,1,0,529260544,533454848,0,268444480,133,0
churn,1576,Trimming,4096,0,1,0,1,25422,25422,25422,25422,12678,12678,1,1,0,533454848,537649152,0,268444480,133,0
churn,1577,Trimming,4096,0,1,0,1,25438,25438,25438,25438,12686,12686,1,1,0,537649152,541843456,0,268444480,133,0
churn,1578,Trimming,4096,0,1,0,1,25454,25454,25454,25454,12694,12694,1,1,0,541843456,546037760,0,268444480,133,0
churn,1579,Trimming,4096,0,1,0,1,25470,25470,25470,25470,12702,12702,1,1,0,546037760,550232064,0,268444480,133,0
churn,1580,Trimming,4096,0,1,0,1,25486,25486,25486,25486,12710,12710,1,1,0,550232064,554426368,0,268444480,133,0
churn,1581,Trimming,4096,0,1,0,1,25502,25502,25502,25502,12718,12718,1,1,0,554426368,558620672,0,268444480,133,0
churn,1582,Trimming,4096,0,1,0,1,25518,25518,25518,25518,12726,12726,1,1,0,558620672,562814976,0,268444480,133,0
churn,1583,Trimming,4096,0,1,0,1,25534,25534,25534,25534,12734,12734,1,1,0,562814976,567009280,0,268444480,133,0
churn,1584,Trimming,4096,0,1,0,1,25550,25550,25550,25550,12742,12742,1,1,0,567009280,571203584,0,268444480,133,0
churn,1585,Trimming,4096,0,1,0,1,25566,25566,25566,25566,12750,12750,1,1,0,571203584,575397888,0,268444480,133,0
churn,1586,Trimming,4096,0,1,0,1,25582,25582,25582,25582,12758,12758,1,1,0,575397888,579592192,0,268444480,133,0
churn,1587,Trimming,4096,0,1,0,1,25598,25598,25598,25598,12766,12766,1,1,0,579592192,583786496,0,268444480,133,0
churn,1588,Trimming,4096,0,1,0,1,25614,25614,25614,25614,12774,12774,1,1,0,583786496,587980800,0,268444480,133,0
churn,1589,Trimming,4096,0,1,0,1,25630,25630,25630,25630,12782,12782,1,1,0,587980800,592175104,0,268444480,133,0
churn,1590,Trimming,4096,0,1,0,1,25646,25646,25646,25646,12790,12790,1,1,0,592175104,596369408,0,268444480,133,0
churn,1591,Trimming,4096,0,1,0,1,25662,25662,25662,25662,12798,12798,1,1,0,596369408,600563712,0,268444480,133,0
churn,1592,Trimming,4096,0,1,0,1,25678,25678,25678,25678,12806,12806,1,1,0,600563712,604758016,0,268444480,133,0
churn,1593,Trimming,4096,0,1,0,1,25694,25694,25694,25694,12814,12814,1,1,0,604758016,608952320,0,268444480,133,0
churn,1594,Trimming,3332,0,1,0,1,25710,25710,25710,25710,12822,12822,1,1,0,608952320,612368304,0,612368304,133,1
churn,1595,Trimming,4096,16,1,0,1,25726,25726,25726,25726,12830,12830,1,1,1,0,4333568,0,4326464,5,0
churn,1596,Trimming,4096,16,1,0,1,25742,25742,25742,25742,12838,12838,1,1,0,4333568,8597504,0,8586432,7,0
churn,1597,Trimming,4096,16,1,0,1,25758,25758,25758,25758,12846,12846,1,1,0,8597504,12861440,0,12846400,9,0
churn,1598,Trimming,4096,12,1,0,1,25774,25774,25774,25774,12854,12854,1,1,0,12861440,17125376,0,17106368,11,0
churn,1599,Trimming,4096,12,1,0,1,25790,25790,25790,25790,12862,12862,1,1,0,17125376,21389312,0,21366336,13,0
churn,1600,Trimming,4096,12,1,0,1,25806,25806,25806,25806,12870,12870,1,1,0,21389312,25653248,0,25626304,15,0
churn,1601,Trimming,4096,12,1,0,1,25822,25822,25822,25822,12878,12878,1,1,0,25653248,29917184,0,29886272,17,0
churn,1602,Trimming,4096,12,1,0,1,25838,25838,25838,25838,12886,12886,1,1,0,29917184,34181120,0,34146240,19,0
churn,1603,Trimming,4096,12,1,0,1,25854,25854,25854,25854,12894,12894,1,1,0,34181120,38445056,0,38406208,21,0
churn,1604,Trimming,4096,12,1,0,1,25870,25870,25870,25870,12902,12902,1,1,0,38445056,42708992,0,42666176,23,0
churn,1605,Trimming,4096,12,1,0,1,25886,25886,25886,25886,12910,12910,1,1,0,42708992,46972928,0,46926144,25,0
churn,1606,Trimming,4096,12,1,0,1,25902,25902,25902,25902,12918,12918,1,1,0,46972928,51236864,0,51186112,27,0
churn,1607,Trimming,4096,12,1,0,1,25918,25918,25918,25918,12926,12926,1,1,0,51236864,55500800,0,55446080,29,0
churn,1608,Trimming,4096,12,1,0,1,25934,25934,25934,25934,12934,12934,1,1,0,55500800,59764736,0,59706048,31,0
churn,1609,Trimming,4096,12,1,0,1,25950,25950,25950,25950,12942,12942,1,1,0,59764736,64028672,0,63966016,33,0
churn,1610,Trimming,4096,12,1,0,1,25966,25966,25966,25966,12950,12950,1,1,0,64028672,68292608,0,68225984,35,0
churn,1611,Trimming,4096,12,1,0,1,25982,25982,25982,25982,12958,12958,1,1,0,68292608,72556544,0,72485952,37,0
churn,1612,Trimming,4096,12,1,0,1,25998,25998,25998,25998,12966,12966,1,1,0,72556544,76820480,0,76745920,39,0
churn,1613,Trimming,4096,12,1,0,1,26014,26014,26014,26014,12974,12974,1,1,0,76820480,81084416,0,81005888,41,0
churn,1614,Trimming,4096,12,1,0,1,26030,26030,26030,26030,12982,12982,1,1,0,81084416,85348352,0,85265856,43,0
churn,1615,Trimming,4096,12,1,0,1,26046,26046,26046,26046,12990,12990,1,1,0,85348352,89612288,0,89525824,45,0
churn,1616,Trimming,4096,12,1,0,1,26062,26062,26062,26062,12998,12998,1,1,0,89612288,93876224,0,93785792,47,0
churn,1617,Trimming,4096,16,1,0,1,26078,26078,26078,26078,13006,13006,1,1,0,93876224,98140160,0,98045760,49,0
churn,1618,Trimming,4096,16,1,0,1,26094,26094,26094,26094,13014,13014,1,1,0,98140160,102404096,0,102305728,51,0
churn,1619,Trimming,4096,12,1,0,1,26110,26110,26110,26110,13022,13022,1,1,0,102404096,106668032,0,106565696,53,0
churn,1620,Trimming,4096,12,1,0,1,26126,26126,26126,26126,13030,13030,1,1,0,106668032,110931968,0,110825664,55,0
churn,1621,Trimming,4096,12,1,0,1,26142,26142,26142,26142,13038,13038,1,1,0,110931968,115195904,0,115085632,57,0
churn,1622,Trimming,4096,12,1,0,1,26158,26158,26158,26158,13046,13046,1,1,0,115195904,119459840,0,119345600,59,0
churn,1623,Trimming,4096,12,1,0,1,26174,26174,26174,26174,13054,13054,1,1,0,119459840,123723776,0,123605568,61,0
churn,1624,Trimming,4096,12,1,0,1,26190,26190,26190,26190,13062,13062,1,1,0,123723776,127987712,0,127865536,63,0
churn,1625,Trimming,4096,12,1,0,1,26206,26206,26206,26206,13070,13070,1,1,0,127987712,132251648,0,132125504,65,0
churn,1626,Trimming,4096,12,1,0,1,26222,26222,26222,26222,13078,13078,1,1,0,132251648,136515584,0,136385472,67,0
churn,1627,Trimming,4096,12,1,0,1,26238,26238,26238,26238,13086,13086,1,1,0,136515584,140779520,0,140645440,69,0
churn,1628,Trimming,4096,12,1,0,1,26254,26254,26254,26254,13094,13094,1,1,0,140779520,145043456,0,144905408,71,0
churn,1629,Trimming,4096,12,1,0,1,26270,26270,26270,26270,13102,13102,1,1,0,145043456,149307392,0,149165376,73,0
churn,1630,Trimming,4096,12,1,0,1,26286,26286,26286,26286,13110,13110,1,1,0,149307392,153571328,0,153425344,75,0
churn,1631,Trimming,4096,12,1,0,1,26302,26302,26302,26302,13118,13118,1,1,0,153571328,157835264,0,157685312,77,0
churn,1632,Trimming,4096,12,1,0,1,26318,26318,26318,26318,13126,13126,1,1,0,157835264,162099200,0,161945280,79,0
churn,1633,Trimming,4096,12,1,0,1,26334,26334,26334,26334,13134,13134,1,1,0,162099200,166363136,0,166205248,81,0
churn,1634,Trimming,4096,12,1,0,1,26350,26350,26350,26350,13142,13142,1,1,0,166363136,170627072,0,170465216,83,0
churn,1635,Trimming,4096,12,1,0,1,26366,26366,26366,26366,13150,13150,1,1,0,170627072,174891008,0,174725184,85,0
churn,1636,Trimming,4096,12,1,0,1,26382,26382,26382,26382,13158,13158,1,1,0,174891008,179154944,0,178985152,87,0
churn,1637,Trimming,4096,12,1,0,1,26398,26398,26398,26398,13166,13166,1,1,0,179154944,183418880,0,183245120,89,0
churn,1638,Trimming,4096,12,1,0,1,26414,26414,26414,26414,13174,13174,1,1,0,183418880,187682816,0,187505088,95,0
churn,1639,Trimming,4096,12,1,0,1,26430,26430,26430,26430,13182,13182,1,1,0,187682816,191946752,0,191765056,97,0
churn,1640,Trimming,4096,12,1,0,1,26446,26446,26446,26446,13190,13190,1,1,0,191946752,196210688,0,196025024,99,0
churn,1641,Trimming,4096,12,1,0,1,26462,26462,26462,26462,13198,13198,1,1,0,196210688,200474624,0,200284992,101,0
churn,1642,Trimming,4096,12,1,0,1,26478,26478,26478,26478,13206,13206,1,1,0,200474624,204738560,0,204544960,103,0
churn,1643,Trimming,4096,12,1,0,1,26494,26494,26494,26494,13214,13214,1,1,0,204738560,209002496,0,208804928,105,0
churn,1644,Trimming,4096,12,1,0,1,26510,26510,26510,26510,13222,13222,1,1,0,209002496,213266432,0,213064896,107,0
churn,1645,Trimming,4096,12,1,0,1,26526,26526,26526,26526,13230,13230,1,1,0,213266432,217530368,0,217324864,109,0
churn,1646,Trimming,4096,12,1,0,1,26542,26542,26542,26542,13238,13238,1,1,0,217530368,221794304,0,221584832,111,0
churn,1647,Trimming,4096,12,1,0,1,26558,26558,26558,26558,13246,13246,1,1,0,221794304,226058240,0,225844800,113,0
churn,1648,Trimming,4096,12,1,0,1,26574,26574,26574,26574,13254,13254,1,1,0,226058240,230322176,0,230104768,115,0
churn,1649,Trimming,4096,16,1,0,1,26590,26590,26590,26590,13262,13262,1,1,0,230322176,234586112,0,234364736,117,0
churn,1650,Trimming,4096,16,1,0,1,26606,26606,26606,26606,13270,13270,1,1,0,234586112,238850048,0,238624704,119,0
churn,1651,Trimming,4096,12,1,0,1,26622,26622,26622,26622,13278,13278,1,1,0,238850048,243113984,0,242884672,121,0
churn,1652,Trimming,4096,12,1,0,1,26638,26638,26638,26638,13286,13286,1,1,0,243113984,247377920,0,247144640,123,0
churn,1653,Trimming,4096,12,1,0,1,26654,26654,26654,26654,13294,13294,1,1,0,247377920,251641856,0,251404608,125,0
churn,1654,Trimming,4096,12,1,0,1,26670,26670,26670,26670,13302,13302,1,1,0,251641856,255905792,0,255664576,127,0
churn,1655,Trimming,4096,12,1,0,1,26686,26686,26686,26686,13310,13310,1,1,0,255905792,260169728,0,259924544,129,0
churn,1656,Trimming,4096,12,1,0,1,26702,26702,26702,26702,13318,13318,1,1,0,260169728,264433664,0,264184512,131,0
churn,1657,Trimming,4096,0,1,0,1,26718,26718,26718,26718,13326,13326,1,1,0,264433664,268697600,0,268444480,133,0
churn,1658,Trimming,4096,0,1,0,1,26734,26734,26734,26734,13334,13334,1,1,0,268697600,272891904,0,268444480,133,0
churn,1659,Trimming,4096,0,1,0,1,26750,26750,26750,26750,13342,13342,1,1,0,272891904,277086208,0,268444480,133,0
churn,1660,Trimming,4096,0,1,0,1,26766,26766,26766,26766,13350,13350,1,1,0,277086208,281280512,0,268444480,133,0
churn,1661,Trimming,4096,0,1,0,1,26782,26782,26782,26782,13358,13358,1,1,0,281280512,285474816,0,268444480,133,0
churn,1662,Trimming,4096,0,1,0,1,26798,26798,26798,26798,13366,13366,1,1,0,285474816,289669120,0,268444480,133,0
churn,1663,Trimming,4096,0,1,0,1,26814,26814,26814,26814,13374,13374,1,1,0,289669120,293863424,0,268444480,133,0
churn,1664,Trimming,4096,0,1,0,1,26830,26830,26830,26830,13382,13382,1,1,0,293863424,298057728,0,268444480,133,0
churn,1665,Trimming,4096,0,1,0,1,26846,26846,26846,26846,13390,13390,1,1,0,298057728,302252032,0,268444480,133,0
churn,1666,Trimming,4096,0,1,0,1,26862,26862,26862,26862,13398,13398,1,1,0,302252032,306446336,0,268444480,133,0
churn,1667,Trimming,4096,0,1,0,1,26878,26878,26878,26878,13406,13406,1,1,0,306446336,310640640,0,268444480,133,0
churn,1668,Trimming,4096,0,1,0,1,26894,26894,26894,26894,13414,13414,1,1,0,310640640,314834944,0,268444480,133,0
churn,1669,Trimming,4096,0,1,0,1,26910,26910,26910,26910,13422,13422,1,1,0,314834944,319029248,0,268444480,133,0
churn,1670,Trimming,4096,0,1,0,1,26926,26926,26926,26926,13430,13430,1,1,0,319029248,323223552,0,268444480,133,0
churn,1671,Trimming,4096,0,1,0,1,26942,26942,26942,26942,13438,13438,1,1,0,323223552,327417856,0,268444480,133,0
churn,1672,Trimming,4096,0,1,0,1,26958,26958,26958,26958,13446,13446,1,1,0,327417856,331612160,0,268444480,133,0
churn,1673,Trimming,4096,0,1,0,1,26974,26974,26974,26974,13454,13454,1,1,0,331612160,335806464,0,268444480,133,0
churn,1674,Trimming,4096,0,1,0,1,26990,26990,26990,26990,13462,13462,1,1,0,335806464,340000768,0,268444480,133,0
churn,1675,Trimming,4096,0,1,0,1,27006,27006,27006,27006,13470,13470,1,1,0,340000768,344195072,0,268444480,133,0
churn,1676,Trimming,4096,0,1,0,1,27022,27022,27022,27022,13478,13478,1,1,0,344195072,348389376,0,268444480,133,0
churn,1677,Trimming,4096,0,1,0,1,27038,27038,27038,27038,13486,13486,1,1,0,348389376,352583680,0,268444480,133,0
churn,1678,Trimming,4096,0,1,0,1,27054,27054,27054,27054,13494,13494,1,1,0,352583680,356777984,0,268444480,133,0
churn,1679,Trimming,4096,0,1,0,1,27070,27070,27070,27070,13502,13502,1,1,0,356777984,360972288,0,268444480,133,0
churn,1680,Trimming,4096,0,1,0,1,27086,27086,27086,27086,13510,13510,1,1,0,360972288,365166592,0,268444480,133,0
churn,1681,Trimming,4096,0,1,0,1,27102,27102,27102,27102,13518,13518,1,1,0,365166592,369360896,0,268444480,133,0
churn,1682,Trimming,4096,0,1,0,1,27118,27118,27118,27118,13526,13526,1,1,0,369360896,373555200,0,268444480,133,0
churn,1683,Trimming,4096,0,1,0,1,27134,27134,27134,27134,13534,13534,1,1,0,373555200,377749504,0,268444480,133,0
churn,1684,Trimming,4096,0,1,0,1,27150,27150,27150,27150,13542,13542,1,1,0,377749504,381943808,0,268444480,133,0
churn,1685,Trimming,4096,0,1,0,1,27166,27166,27166,27166,13550,13550,1,1,0,381943808,386138112,0,268444480,133,0
churn,1686,Trimming,4096,0,1,0,1,27182,27182,27182,27182,13558,13558,1,1,0,386138112,390332416,0,268444480,133,0
churn,1687,Trimming,4096,0,1,0,1,27198,27198,27198,27198,13566,13566,1,1,0,390332416,394526720,0,268444480,133,0
churn,1688,Trimming,4096,0,1,0,1,27214,27214,27214,27214,13574,13574,1,1,0,394526720,398721024,0,268444480,133,0
churn,1689,Trimming,4096,0,1,0,1,27230,27230,27230,27230,13582,13582,1,1,0,398721024,402915328,0,268444480,133,0
churn,1690,Trimming,4096,0,1,0,1,27246,27246,27246,27246,13590,13590,1,1,0,402915328,407109632,0,268444480,133,0
churn,1691,Trimming,4096,0,1,0,1,27262,27262,27262,27262,13598,13598,1,1,0,407109632,411303936,0,268444480,133,0
churn,1692,Trimming,4096,0,1,0,1,27278,27278,27278,27278,13606,13606,1,1,0,411303936,415498240,0,268444480,133,0
churn,1693,Trimming,4096,0,1,0,1,27294,27294,27294,27294,13614,13614,1,1,0,415498240,419692544,0,268444480,133,0
churn,1694,Trimming,4096,0,1,0,1,27310,27310,27310,27310,13622,13622,1,1,0,419692544,423886848,0,268444480,133,0
churn,1695,Trimming,4096,0,1,0,1,27326,27326,27326,27326,13630,13630,1,1,0,423886848,428081152,0,268444480,133,0
churn,1696,Trimming,4096,0,1,0,1,27342,27342,27342,27342,13638,13638,1,1,0,428081152,432275456,0,268444480,133,0
churn,1697,Trimming,4096,0,1,0,1,27358,27358,27358,27358,13646,13646,1,1,0,432275456,436469760,0,268444480,133,0
churn,1698,Trimming,4096,0,1,0,1,27374,27374,27374,27374,13654,13654,1,1,0,436469760,440664064,0,268444480,133,0
churn,1699,Trimming,4096,0,1,0,1,27390,27390,27390,27390,13662,13662,1,1,0,440664064,444858368,0,268444480,133,0
churn,1700,Trimming,4096,0,1,0,1,27406,27406,27406,27406,13670,13670,1,1,0,444858368,449052672,0,268444480,133,0
churn,1701,Trimming,4096,0,1,0,1,27422,27422,27422,27422,13678,13678,1,1,0,449052672,453246976,0,268444480,133,0
churn,1702,Trimming,4096,0,1,0,1,27438,27438,27438,27438,13686,13686,1,1,0,453246976,457441280,0,268444480,133,0
churn,1703,Trimming,4096,0,1,0,1,27454,27454,27454,27454,13694,13694,1,1,0,457441280,461635584,0,268444480,133,0
churn,1704,Trimming,4096,0,1,0,1,27470,27470,27470,27470,13702,13702,1,1,0,461635584,465829888,0,268444480,133,0
churn,1705,Trimming,4096,0,1,0,1,27486,27486,27486,27486,13710,13710,1,1,0,465829888,470024192,0,268444480,133,0
churn,1706,Trimming,4096,0,1,0,1,27502,27502,27502,27502,13718,13718,1,1,0,470024192,474218496,0,268444480,133,0
churn,1707,Trimming,4096,0,1,0,1,27518,27518,27518,27518,13726,13726,1,1,0,474218496,478412800,0,268444480,133,0
churn,1708,Trimming,4096,0,1,0,1,27534,27534,27534,27534,13734,13734,1,1,0,478412800,482607104,0,268444480,133,0
churn,1709,Trimming,4096,0,1,0,1,27550,27550,27550,27550,13742,13742,1,1,0,482607104,486801408,0,268444480,133,0
churn,1710,Trimming,4096,0,1,0,1,27566,27566,27566,27566,13750,13750,1,1,0,486801408,490995712,0,268444480,133,0
churn,1711,Trimming,4096,0,1,0,1,27582,27582,27582,27582,13758,13758,1,1,0,490995712,495190016,0,268444480,133,0
churn,1712,Trimming,4096,0,1,0,1,27598,27598,27598,27598,13766,13766,1,1,0,495190016,499384320,0,268444480,133,0
churn,1713,Trimming,4096,0,1,0,1,27614,27614,27614,27614,13774,13774,1,1,0,499384320,503578624,0,268444480,133,0
churn,1714,Trimming,4096,0,1,0,1,27630,27630,27630,27630,13782,13782,1,1,0,503578624,507772928,0,268444480,133,0
churn,1715,Trimming,4096,0,1,0,1,27646,27646,27646,27646,13790,13790,1,1,0,507772928,511967232,0,268444480,133,0
churn,1716,Trimming,4096,0,1,0,1,27662,27662,27662,27662,13798,13798,1,1,0,511967232,516161536,0,268444480,133,0
churn,1717,Trimming,4096,0,1,0,1,27678,27678,27678,27678,13806,13806,1,1,0,516161536,520355840,0,268444480,133,0
churn,1718,Trimming,4096,0,1,0,1,27694,27694,27694,27694,13814,13814,1,1,0,520355840,524550144,0,268444480,133,0
churn,1719,Trimming,4096,0,1,0,1,27710,27710,27710,27710,13822,13822,1,1,0,524550144,528744448,0,268444480,133,0
churn,1720,Trimming,4096,0,1,0,1,27726,27726,27726,27726,13830,13830,1,1,0,528744448,532938752,0,268444480,133,0
churn,1721,Trimming,4096,0,1,0,1,27742,27742,27742,27742,13838,13838,1,1,0,532938752,537133056,0,268444480,133,0
churn,1722,Trimming,4096,0,1,0,1,27758,27758,27758,27758,13846,13846,1,1,0,537133056,541327360,0,268444480,133,0
churn,1723,Trimming,4096,0,1,0,1,27774,27774,27774,27774,13854,13854,1,1,0,541327360,545521664,0,268444480,133,0
churn,1724,Trimming,4096,0,1,0,1,27790,27790,27790,27790,13862,13862,1,1,0,545521664,549715968,0,268444480,133,0
churn,1725,Trimming,4096,0,1,0,1,27806,27806,27806,27806,13870,13870,1,1,0,549715968,553910272,0,268444480,133,0
churn,1726,Trimming,4096,0,1,0,1,27822,27822,27822,27822,13878,13878,1,1,0,553910272,558104576,0,268444480,133,0
churn,1727,Trimming,4096,0,1,0,1,27838,27838,27838,27838,13886,13886,1,1,0,558104576,562298880,0,268444480,133,0
churn,1728,Trimming,4096,0,1,0,1,27854,27854,27854,27854,13894,13894,1,1,0,562298880,566493184,0,268444480,133,0
churn,1729,Trimming,4096,0,1,0,1,27870,27870,27870,27870,13902,13902,1,1,0,566493184,570687488,0,268444480,133,0
churn,1730,Trimming,4096,0,1,0,1,27886,27886,27886,27886,13910,13910,1,1,0,570687488,574881792,0,268444480,133,0
churn,1731,Trimming,4096,0,1,0,1,27902,27902,27902,27902,13918,13918,1,1,0,574881792,579076096,0,268444480,133,0
churn,1732,Trimming,4096,0,1,0,1,27918,27918,27918,27918,13926,13926,1,1,0,579076096,583270400,0,268444480,133,0
churn,1733,Trimming,4096,0,1,0,1,27934,27934,27934,27934,13934,13934,1,1,0,583270400,587464704,0,268444480,133,0
churn,1734,Trimming,4096,0,1,0,1,27950,27950,27950,27950,13942,13942,1,1,0,587464704,591659008,0,268444480,133,0
churn,1735,Trimming,4096,0,1,0,1,27966,27966,27966,27966,13950,13950,1,1,0,591659008,595853312,0,268444480,133,0
churn,1736,Trimming,4096,0,1,0,1,27982,27982,27982,27982,13958,13958,1,1,0,595853312,600047616,0,268444480,133,0
churn,1737,Trimming,4096,0,1,0,1,27998,27998,27998,27998,13966,13966,1,1,0,600047616,604241920,0,268444480,133,0
churn,1738,Trimming,4096,0,1,0,1,28014,28014,28014,28014,13974,13974,1,1,0,604241920,608436224,0,268444480,133,0
churn,1739,Trimming,3836,0,1,0,1,28030,28030,28030,28030,13982,13982,1,1,0,608436224,612368304,0,612368304,133,1
churn,1740,Trimming,4096,16,1,0,1,28046,28046,28046,28046,13990,13990,1,1,1,0,4333568,0,4326464,5,0
churn,1741,Trimming,4096,16,1,0,1,28062,28062,28062,28062,13998,13998,1,1,0,4333568,8597504,0,8586432,7,0
churn,1742,Trimming,4096,16,1,0,1,28078,28078,28078,28078,14006,14006,1,1,0,8597504,12861440,0,12846400,9,0
churn,1743,Trimming,4096,12,1,0,1,28094,28094,28094,28094,14014,14014,1,1,0,12861440,17125376,0,17106368,11,0
churn,1744,Trimming,4096,12,1,0,1,28110,28110,28110,28110,14022,14022,1,1,0,17125376,21389312,0,21366336,13,0
churn,1745,Trimming,4096,12,1,0,1,28126,28126,28126,28126,14030,14030,1,1,0,21389312,25653248,0,25626304,15,0
churn,1746,Trimming,4096,12,1,0,1,28142,28142,28142,28142,14038,14038,1,1,0,25653248,29917184,0,29886272,17,0
churn,1747,Trimming,4096,12,1,0,1,28158,28158,28158,28158,14046,14046,1,1,0,29917184,34181120,0,34146240,19,0
churn,1748,Trimming,4096,12,1,0,1,28174,28174,28174,28174,14054,14054,1,1,0,34181120,38445056,0,38406208,21,0
churn,1749,Trimming,4096,12,1,0,1,28190,28190,28190,28190,14062,14062,1,1,0,38445056,42708992,0,42666176,23,0
churn,1750,Trimming,4096,12,1,0,1,28206,28206,28206,28206,14070,14070,1,1,0,42708992,46972928,0,46926144,25,0
churn,1751,Trimming,4096,12,1,0,1,28222,28222,28222,28222,14078,14078,1,1,0,46972928,51236864,0,51186112,27,0
churn,1752,Trimming,4096,12,1,0,1,28238,28238,28238,28238,14086,14086,1,1,0,51236864,55500800,0,55446080,29,0
churn,1753,Trimming,4096,12,1,0,1,28254,28254,28254,28254,14094,14094,1,1,0,55500800,59764736,0,59706048,31,0
churn,1754,Trimming,4096,12,1,0,1,28270,28270,28270,28270,14102,14102,1,1,0,59764736,64028672,0,63966016,33,0
churn,1755,Trimming,4096,12,1,0,1,28286,28286,28286,28286,14110,14110,1,1,0,64028672,68292608,0,68225984,35,0
churn,1756,Trimming,4096,12,1,0,1,28302,28302,28302,28302,14118,14118,1,1,0,68292608,72556544,0,72485952,37,0
churn,1757,Trimming,4096,12,1,0,1,28318,28318,28318,28318,14126,14126,1,1,0,72556544,76820480,0,76745920,39,0
churn,1758,Trimming,4096,12,1,0,1,28334,28334,28334,28334,14134,14134,1,1,0,76820480,81084416,0,81005888,41,0
churn,1759,Trimming,4096,12,1,0,1,28350,28350,28350,28350,14142,14142,1,1,0,81084416,85348352,0,85265856,43,0
churn,1760,Trimming,4096,12,1,0,1,28366,28366,28366,28366,14150,14150,1,1,0,85348352,89612288,0,89525824,45,0
churn,1761,Trimming,4096,12,1,0,1,28382,28382,28382,28382,14158,14158,1,1,0,89612288,93876224,0,93785792,47,0
churn,1762,Trimming,4096,16,1,0,1,28398,28398,28398,28398,14166,14166,1,1,0,93876224,98140160,0,98045760,49,0
churn,1763,Trimming,4096,16,1,0,1,28414,28414,28414,28414,14174,14174,1,1,0,98140160,102404096,0,102305728,51,0
churn,1764,Trimming,4096,12,1,0,1,28430,28430,28430,28430,14182,14182,1,1,0,102404096,106668032,0,106565696,57,0
churn,1765,Trimming,4096,12,1,0,1,28446,28446,28446,28446,14190,14190,1,1,0,106668032,110931968,0,110825664,59,0
churn,1766,Trimming,4096,12,1,0,1,28462,28462,28462,28462,14198,14198,1,1,0,110931968,115195904,0,115085632,61,0
churn,1767,Trimming,4096,12,1,0,1,28478,28478,28478,28478,14206,14206,1,1,0,115195904,119459840,0,119345600,63,0
churn,1768,Trimming,4096,12,1,0,1,28494,28494,28494,28494,14214,14214,1,1,0,119459840,123723776,0,123605568,65,0
churn,1769,Trimming,4096,12,1,0,1,28510,28510,28510,28510,14222,14222,1,1,0,123723776,127987712,0,127865536,67,0
churn,1770,Trimming,4096,12,1,0,1,28526,28526,28526,28526,14230,14230,1,1,0,127987712,132251648,0,132125504,69,0
churn,1771,Trimming,4096,12,1,0,1,28542,28542,28542,28542,14238,14238,1,1,0,132251648,136515584,0,136385472,71,0
churn,1772,Trimming,4096,12,1,0,1,28558,28558,28558,28558,14246,14246,1,1,0,136515584,140779520,0,140645440,73,0
churn,1773,Trimming,4096,12,1,0,1,28574,28574,28574,28574,14254,14254,1,1,0,140779520,145043456,0,144905408,75,0
churn,1774,Trimming,4096,12,1,0,1,28590,28590,28590,28590,14262,14262,1,1,0,145043456,149307392,0,149165376,77,0
churn,1775,Trimming,4096,12,1,0,1,28606,28606,28606,28606,14270,14270,1,1,0,149307392,153571328,0,153425344,79,0
churn,1776,Trimming,4096,12,1,0,1,28622,28622,28622,28622,14278,14278,1,1,0,153571328,157835264,0,157685312,81,0
churn,1777,Trimming,4096,12,1,0,1,28638,28638,28638,28638,14286,14286,1,1,0,157835264,162099200,0,161945280,83,0
churn,1778,Trimming,4096,12,1,0,1,28654,28654,28654,28654,14294,14294,1,1,0,162099200,166363136,0,166205248,85,0
churn,1779,Trimming,4096,12,1,0,1,28670,28670,28670,28670,14302,14302,1,1,0,166363136,170627072,0,170465216,87,0
churn,1780,Trimming,4096,12,1,0,1,28686,28686,28686,28686,14310,14310,1,1,0,170627072,174891008,0,174725184,89,0
churn,1781,Trimming,4096,12,1,0,1,28702,28702,28702,28702,14318,14318,1,1,0,174891008,179154944,0,178985152,91,0
churn,1782,Trimming,4096,12,1,0,1,28718,28718,28718,28718,14326,14326,1,1,0,179154944,183418880,0,183245120,93,0
churn,1783,Trimming,4096,12,1,0,1,28734,28734,28734,28734,14334,14334,1,1,0,183418880,187682816,0,187505088,95,0
churn,1784,Trimming,4096,12,1,0,1,28750,28750,28750,28750,14342,14342,1,1,0,187682816,191946752,0,191765056,97,0
churn,1785,Trimming,4096,12,1,0,1,28766,28766,28766,28766,14350,14350,1,1,0,191946752,196210688,0,196025024,99,0
churn,1786,Trimming,4096,12,1,0,1,28782,28782,28782,28782,14358,14358,1,1,0,196210688,200474624,0,200284992,101,0
churn,1787,Trimming,4096,12,1,0,1,28798,28798,28798,28798,14366,14366,1,1,0,200474624,204738560,0,204544960,103,0
churn,1788,Trimming,4096,12,1,0,1,28814,28814,28814,28814,14374,14374,1,1,0,204738560,209002496,0,208804928,105,0
churn,1789,Trimming,4096,12,1,0,1,28830,28830,28830,28830,14382,14382,1,1,0,209002496,213266432,0,213064896,107,0
churn,1790,Trimming,4096,12,1,0,1,28846,28846,28846,28846,14390,14390,1,1,0,213266432,217530368,0,217324864,109,0
churn,1791,Trimming,4096,12,1,0,1,28862,28862,28862,28862,14398,14398,1,1,0,217530368,221794304,0,221584832,111,0
churn,1792,Trimming,4096,12,1,0,1,28878,28878,28878,28878,14406,14406,1,1,0,221794304,226058240,0,225844800,113,0
churn,1793,Trimming,4096,12,1,0,1,28894,28894,28894,28894,14414,14414,1,1,0,226058240,230322176,0,230104768,115,0
churn,1794,Trimming,4096,16,1,0,1,28910,28910,28910,28910,14422,14422,1,1,0,230322176,234586112,0,234364736,117,0
churn,1795,Trimming,4096,16,1,0,1,28926,28926,28926,28926,14430,14430,1,1,0,234586112,238850048,0,238624704,119,0
churn,1796,Trimming,4096,12,1,0,1,28942,28942,28942,28942,14438,14438,1,1,0,238850048,243113984,0,242884672,121,0
churn,1797,Trimming,4096,12,1,0,1,28958,28958,28958,28958,14446,14446,1,1,0,243113984,247377920,0,247144640,123,0
churn,1798,Trimming,4096,12,1,0,1,28974,28974,28974,28974,14454,14454,1,1,0,247377920,251641856,0,251404608,125,0
churn,1799,Trimming,4096,12,1,0,1,28990,28990,28990,28990,14462,14462,1,1,0,251641856,255905792,0,255664576,127,0
churn,1800,Trimming,4096,12,1,0,1,29006,29006,29006,29006,14470,14470,1,1,0,255905792,260169728,0,259924544,129,0
churn,1801,Trimming,4096,12,1,0,1,29022,29022,29022,29022,14478,14478,1,1,0,260169728,264433664,0,264184512,131,0
churn,1802,Trimming,4096,0,1,0,1,29038,29038,29038,29038,14486,14486,1,1,0,264433664,268697600,0,268444480,133,0
churn,1803,Trimming,4096,0,1,0,1,29054,29054,29054,29054,14494,14494,1,1,0,268697600,272891904,0,268444480,133,0
churn,1804,Trimming,4096,0,1,0,1,29070,29070,29070,29070,14502,14502,1,1,0,272891904,277086208,0,268444480,133,0
churn,1805,Trimming,4096,0,1,0,1,29086,29086,29086,29086,14510,14510,1,1,0,277086208,281280512,0,268444480,133,0
churn,1806,Trimming,4096,0,1,0,1,29102,29102,29102,29102,14518,14518,1,1,0,281280512,285474816,0,268444480,133,0
churn,1807,Trimming,4096,0,1,0,1,29118,29118,29118,29118,14526,14526,1,1,0,285474816,289669120,0,268444480,133,0
churn,1808,Trimming,4096,0,1,0,1,29134,29134,29134,29134,14534,14534,1,1,0,289669120,293863424,0,268444480,133,0
churn,1809,Trimming,4096,0,1,0,1,29150,29150,29150,29150,14542,14542,1,1,0,293863424,298057728,0,268444480,133,0
churn,1810,Trimming,4096,0,1,0,1,29166,29166,29166,29166,14550,14550,1,1,0,298057728,302252032,0,268444480,133,0
churn,1811,Trimming,4096,0,1,0,1,29182,29182,29182,29182,14558,14558,1,1,0,302252032,306446336,0,268444480,133,0
churn,1812,Trimming,4096,0,1,0,1,29198,29198,29198,29198,14566,14566,1,1,0,306446336,310640640,0,268444480,133,0
churn,1813,Trimming,4096,0,1,0,1,29214,29214,29214,29214,14574,14574,1,1,0,310640640,314834944,0,268444480,133,0
churn,1814,Trimming,4096,0,1,0,1,29230,29230,29230,29230,14582,14582,1,1,0,314834944,319029248,0,268444480,133,0
churn,1815,Trimming,4096,0,1,0,1,29246,29246,29246,29246,14590,14590,1,1,0,319029248,323223552,0,268444480,133,0
churn,1816,Trimming,4096,0,1,0,1,29262,29262,29262,29262,14598,14598,1,1,0,323223552,327417856,0,268444480,133,0
churn,1817,Trimming,4096,0,1,0,1,29278,29278,29278,29278,14606,14606,1,1,0,327417856,331612160,0,268444480,133,0
churn,1818,Trimming,4096,0,1,0,1,29294,29294,29294,29294,14614,14614,1,1,0,331612160,335806464,0,268444480,133,0
churn,1819,Trimming,4096,0,1,0,1,29310,29310,29310,29310,14622,14622,1,1,0,335806464,340000768,0,268444480,133,0
churn,1820,Trimming,4096,0,1,0,1,29326,29326,29326,29326,14630,14630,1,1,0,340000768,344195072,0,268444480,133,0
churn,1821,Trimming,4096,0,1,0,1,29342,29342,29342,29342,14638,14638,1,1,0,344195072,348389376,0,268444480,133,0
churn,1822,Trimming,4096,0,1,0,1,29358,29358,29358,29358,14646,14646,1,1,0,348389376,352583680,0,268444480,133,0
churn,1823,Trimming,4096,0,1,0,1,29374,29374,29374,29374,14654,14654,1,1,0,352583680,356777984,0,268444480,133,0
churn,1824,Trimming,4096,0,1,0,1,29390,29390,29390,29390,14662,14662,1,1,0,356777984,360972288,0,268444480,133,0
churn,1825,Trimming,4096,0,1,0,1,29406,29406,29406,29406,14670,14670,1,1,0,360972288,365166592,0,268444480,133,0
churn,1826,Trimming,4096,0,1,0,1,29422,29422,29422,29422,14678,14678,1,1,0,365166592,369360896,0,268444480,133,0
churn,1827,Trimming,4096,0,1,0,1,29438,29438,29438,29438,14686,14686,1,1,0,369360896,373555200,0,268444480,133,0
churn,1828,Trimming,4096,0,1,0,1,29454,29454,29454,29454,14694,14694,1,1,0,373555200,377749504,0,268444480,133,0
churn,1829,Trimming,4096,0,1,0,1,29470,29470,29470,29470,14702,14702,1,1,0,377749504,381943808,0,268444480,133,0
churn,1830,Trimming,4096,0,1,0,1,29486,29486,29486,29486,14710,14710,1,1,0,381943808,386138112,0,268444480,133,0
churn,1831,Trimming,4096,0,1,0,1,29502,29502,29502,29502,14718,14718,1,1,0,386138112,390332416,0,268444480,133,0
churn,1832,Trimming,4096,0,1,0,1,29518,29518,29518,29518,14726,14726,1,1,0,390332416,394526720,0,268444480,133,0
churn,1833,Trimming,4096,0,1,0,1,29534,29534,29534,29534,14734,14734,1,1,0,394526720,398721024,0,268444480,133,0
churn,1834,Trimming,4096,0,1,0,1,29550,29550,29550,29550,14742,14742,1,1,0,398721024,402915328,0,268444480,133,0
churn,1835,Trimming,4096,0,1,0,1,29566,29566,29566,29566,14750,14750,1,1,0,402915328,407109632,0,268444480,133,0
churn,1836,Trimming,4096,0,1,0,1,29582,29582,29582,29582,14758,14758,1,1,0,407109632,411303936,0,268444480,133,0
churn,1837,Trimming,4096,0,1,0,1,29598,29598,29598,29598,14766,14766,1,1,0,411303936,415498240,0,268444480,133,0
churn,1838,Trimming,4096,0,1,0,1,29614,29614,29614,29614,14774,14774,1,1,0,415498240,419692544,0,268444480,133,0
churn,1839,Trimming,4096,0,1,0,1,29630,29630,29630,29630,14782,14782,1,1,0,419692544,423886848,0,268444480,133,0
churn,1840,Trimming,4096,0,1,0,1,29646,29646,29646,29646,14790,14790,1,1,0,423886848,428081152,0,268444480,133,0
churn,1841,Trimming,4096,0,1,0,1,29662,29662,29662,29662,14798,14798,1,1,0,428081152,432275456,0,268444480,133,0
churn,1842,Trimming,4096,0,1,0,1,29678,29678,29678,29678,14806,14806,1,1,0,432275456,436469760,0,268444480,133,0
churn,1843,Trimming,4096,0,1,0,1,29694,29694,29694,29694,14814,14814,1,1,0,436469760,440664064,0,268444480,133,0
churn,1844,Trimming,4096,0,1,0,1,29710,29710,29710,29710,14822,14822,1,1,0,440664064,444858368,0,268444480,133,0
churn,1845,Trimming,4096,0,1,0,1,29726,29726,29726,29726,14830,14830,1,1,0,444858368,449052672,0,268444480,133,0
churn,1846,Trimming,4096,0,1,0,1,29742,29742,29742,29742,14838,14838,1,1,0,449052672,453246976,0,268444480,133,0
churn,1847,Trimming,4096,0,1,0,1,29758,29758,29758,29758,14846,14846,1,1,0,453246976,457441280,0,268444480,133,0
churn,1848,Trimming,4096,0,1,0,1,29774,29774,29774,29774,14854,14854,1,1,0,457441280,461635584,0,268444480,133,0
churn,1849,Trimming,4096,0,1,0,1,29790,29790,29790,29790,14862,14862,1,1,0,461635584,465829888,0,268444480,133,0
churn,1850,Trimming,4096,0,1,0,1,29806,29806,29806,29806,14870,14870,1,1,0,465829888,470024192,0,268444480,133,0
churn,1851,Trimming,4096,0,1,0,1,29822,29822,29822,29822,14878,14878,1,1,0,470024192,474218496,0,268444480,133,0
churn,1852,Trimming,4096,0,1,0,1,29838,29838,29838,29838,14886,14886,1,1,0,474218496,478412800,0,268444480,133,0
churn,1853,Trimming,4096,0,1,0,1,29854,29854,29854,29854,14894,14894,1,1,0,478412800,482607104,0,268444480,133,0
churn,1854,Trimming,4096,0,1,0,1,29870,29870,29870,29870,14902,14902,1,1,0,482607104,486801408,0,268444480,133,0
churn,1855,Trimming,4096,0,1,0,1,29886,29886,29886,29886,14910,14910,1,1,0,486801408,490995712,0,268444480,133,0
churn,1856,Trimming,4096,0,1,0,1,29902,29902,29902,29902,14918,14918,1,1,0,490995712,495190016,0,268444480,133,0
churn,1857,Trimming,4096,0,1,0,1,29918,29918,29918,29918,14926,14926,1,1,0,495190016,499384320,0,268444480,133,0
churn,1858,Trimming,4096,0,1,0,1,29934,29934,29934,29934,14934,14934,1,1,0,499384320,503578624,0,268444480,133,0
churn,1859,Trimming,4096,0,1,0,1,29950,29950,29950,29950,14942,14942,1,1,0,503578624,507772928,0,268444480,133,0
churn,1860,Trimming,4096,0,1,0,1,29966,29966,29966,29966,14950,14950,1,1,0,507772928,511967232,0,268444480,133,0
churn,1861,Trimming,4096,0,1,0,1,29982,29982,29982,29982,14958,14958,1,1,0,511967232,516161536,0,268444480,133,0
churn,1862,Trimming,4096,0,1,0,1,29998,29998,29998,29998,14966,14966,1,1,0,516161536,520355840,0,268444480,133,0
churn,1863,Trimming,4096,0,1,0,1,30014,30014,30014,30014,14974,14974,1,1,0,520355840,524550144,0,268444480,133,0
churn,1864,Trimming,4096,0,1,0,1,30030,30030,30030,30030,14982,14982,1,1,0,524550144,528744448,0,268444480,133,0
churn,1865,Trimming,4096,0,1,0,1,30046,30046,30046,30046,14990,14990,1,1,0,528744448,532938752,0,268444480,133,0
churn,1866,Trimming,4096,0,1,0,1,30062,30062,30062,30062,14998,14998,1,1,0,532938752,537133056,0,268444480,133,0
churn,1867,Trimming,4096,0,1,0,1,30078,30078,30078,30078,15006,15006,1,1,0,537133056,541327360,0,268444480,133,0
churn,1868,Trimming,4096,0,1,0,1,30094,30094,30094,30094,15014,15014,1,1,0,541327360,545521664,0,268444480,133,0
churn,1869,Trimming,4096,0,1,0,1,30110,30110,30110,30110,15022,15022,1,1,0,545521664,549715968,0,268444480,133,0
churn,1870,Trimming,4096,0,1,0,1,30126,30126,30126,30126,15030,15030,1,1,0,549715968,553910272,0,268444480,133,0
churn,1871,Trimming,4096,0,1,0,1,30142,30142,30142,30142,15038,15038,1,1,0,553910272,558104576,0,268444480,133,0
churn,1872,Trimming,4096,0,1,0,1,30158,30158,30158,30158,15046,15046,1,1,0,558104576,562298880,0,268444480,133,0
churn,1873,Trimming,4096,0,1,0,1,30174,30174,30174,30174,15054,15054,1,1,0,562298880,566493184,0,268444480,133,0
churn,1874,Trimming,4096,0,1,0,1,30190,30190,30190,30190,15062,15062,1,1,0,566493184,570687488,0,268444480,133,0
churn,1875,Trimming,4096,0,1,0,1,30206,30206,30206,30206,15070,15070,1,1,0,570687488,574881792,0,268444480,133,0
churn,1876,Trimming,4096,0,1,0,1,30222,30222,30222,30222,15078,15078,1,1,0,574881792,579076096,0,268444480,133,0
churn,1877,Trimming,4096,0,1,0,1,30238,30238,30238,30238,15086,15086,1,1,0,579076096,583270400,0,268444480,133,0
churn,1878,Trimming,4096,0,1,0,1,30254,30254,30254,30254,15094,15094,1,1,0,583270400,587464704,0,268444480,133,0
churn,1879,Trimming,4096,0,1,0,1,30270,30270,30270,30270,15102,15102,1,1,0,587464704,591659008,0,268444480,133,0
churn,1880,Trimming,4096,0,1,0,1,30286,30286,30286,30286,15110,15110,1,1,0,591659008,595853312,0,268444480,133,0
churn,1881,Trimming,4096,0,1,0,1,30302,30302,30302,30302,15118,15118,1,1,0,595853312,600047616,0,268444480,133,0
churn,1882,Trimming,4096,0,1,0,1,30318,30318,30318,30318,15126,15126,1,1,0,600047616,604241920,0,268444480,133,0
churn,1883,Trimming,4096,0,1,0,1,30334,30334,30334,30334,15134,15134,1,1,0,604241920,608436224,0,268444480,133,0
churn,1884,Trimming,3836,0,1,0,1,30350,30350,30350,30350,15142,15142,1,1,0,608436224,612368304,0,612368304,133,1
churn,1885,Trimming,4096,16,1,0,1,30366,30366,30366,30366,15150,15150,1,1,1,0,4333568,0,4326464,5,0
churn,1886,Trimming,4096,16,1,0,1,30382,30382,30382,30382,15158,15158,1,1,0,4333568,8597504,0,8586432,7,0
churn,1887,Trimming,4096,16,1,0,1,30398,30398,30398,30398,15166,15166,1,1,0,8597504,12861440,0,12846400,9,0
churn,1888,Trimming,4096,12,1,0,1,30414,30414,30414,30414,15174,15174,1,1,0,12861440,17125376,0,17106368,11,0
churn,1889,Trimming,4096,12,1,0,1,30430,30430,30430,30430,15182,15182,1,1,0,17125376,21389312,0,21366336,13,0
churn,1890,Trimming,4096,12,1,0,1,30446,30446,30446,30446,15190,15190,1,1,0,21389312,25653248,0,25626304,19,0
churn,1891,Trimming,4096,12,1,0,1,30462,30462,30462,30462,15198,15198,1,1,0,25653248,29917184,0,29886272,21,0
churn,1892,Trimming,4096,12,1,0,1,30478,30478,30478,30478,15206,15206,1,1,0,29917184,34181120,0,34146240,23,0
churn,1893,Trimming,4096,12,1,0,1,30494,30494,30494,30494,15214,15214,1,1,0,34181120,38445056,0,38406208,25,0
churn,1894,Trimming,4096,12,1,0,1,30510,30510,30510,30510,15222,15222,1,1,0,38445056,42708992,0,42666176,27,0
churn,1895,Trimming,4096,12,1,0,1,30526,30526,30526,30526,15230,15230,1,1,0,42708992,46972928,0,46926144,29,0
churn,1896,Trimming,4096,12,1,0,1,30542,30542,30542,30542,15238,15238,1,1,0,46972928,51236864,0,51186112,31,0
churn,1897,Trimming,4096,12,1,0,1,30558,30558,30558,30558,15246,15246,1,1,0,51236864,55500800,0,55446080,33,0
churn,1898,Trimming,4096,12,1,0,1,30574,30574,30574,30574,15254,15254,1,1,0,55500800,59764736,0,59706048,35,0
churn,1899,Trimming,4096,12,1,0,1,30590,30590,30590,30590,15262,15262,1,1,0,59764736,64028672,0,63966016,37,0
churn,1900,Trimming,4096,12,1,0,1,30606,30606,30606,30606,15270,15270,1,1,0,64028672,68292608,0,68225984,39,0
churn,1901,Trimming,4096,12,1,0,1,30622,30622,30622,30622,15278,15278,1,1,0,68292608,72556544,0,72485952,41,0
churn,1902,Trimming,4096,12,1,0,1,30638,30638,30638,30638,15286,15286,1,1,0,72556544,76820480,0,76745920,43,0
churn,1903,Trimming,4096,12,1,0,1,30654,30654,30654,30654,15294,15294,1,1,0,76820480,81084416,0,81005888,45,0
churn,1904,Trimming,4096,12,1,0,1,30670,30670,30670,30670,15302,15302,1,1,0,81084416,85348352,0,85265856,47,0
churn,1905,Trimming,4096,12,1,0,1,30686,30686,30686,30686,15310,15310,1,1,0,85348352,89612288,0,89525824,49,0
churn,1906,Trimming,4096,12,1,0,1,30702,30702,30702,30702,15318,15318,1,1,0,89612288,93876224,0,93785792,51,0
churn,1907,Trimming,4096,16,1,0,1,30718,30718,30718,30718,15326,15326,1,1,0,93876224,98140160,0,98045760,53,0
churn,1908,Trimming,4096,16,1,0,1,30734,30734,30734,30734,15334,15334,1,1,0,98140160,102404096,0,102305728,55,0
churn,1909,Trimming,4096,12,1,0,1,30750,30750,30750,30750,15342,15342,1,1,0,102404096,106668032,0,106565696,57,0
churn,1910,Trimming,4096,12,1,0,1,30766,30766,30766,30766,15350,15350,1,1,0,106668032,110931968,0,110825664,59,0
churn,1911,Trimming,4096,12,1,0,1,30782,30782,30782,30782,15358,15358,1,1,0,110931968,115195904,0,115085632,61,0
churn,1912,Trimming,4096,12,1,0,1,30798,30798,30798,30798,15366,15366,1,1,0,115195904,119459840,0,119345600,63,0
churn,1913,Trimming,4096,12,1,0,1,30814,30814,30814,30814,15374,15374,1,1,0,119459840,123723776,0,123605568,65,0
churn,1914,Trimming,4096,12,1,0,1,30830,30830,30830,30830,15382,15382,1,1,0,123723776,127987712,0,127865536,67,0
churn,1915,Trimming,4096,12,1,0,1,30846,30846,30846,30846,15390,15390,1,1,0,127987712,132251648,0,132125504,69,0
churn,1916,Trimming,4096,12,1,0,1,30862,30862,30862,30862,15398,15398,1,1,0,132251648,136515584,0,136385472,71,0
churn,1917,Trimming,4096,12,1,0,1,30878,30878,30878,30878,15406,15406,1,1,0,136515584,140779520,0,140645440,73,0
churn,1918,Trimming,4096,12,1,0,1,30894,30894,30894,30894,15414,15414,1,1,0,140779520,145043456,0,144905408,75,0
churn,1919,Trimming,4096,12,1,0,1,30910,30910,30910,30910,15422,15422,1,1,0,145043456,149307392,0,149165376,77,0
churn,1920,Trimming,4096,12,1,0,1,30926,30926,30926,30926,15430,15430,1,1,0,149307392,153571328,0,153425344,79,0
churn,1921,Trimming,4096,12,1,0,1,30942,30942,30942,30942,15438,15438,1,1,0,153571328,157835264,0,157685312,81,0
churn,1922,Trimming,4096,12,1,0,1,30958,30958,30958,30958,15446,15446,1,1,0,157835264,162099200,0,161945280,83,0
churn,1923,Trimming,4096,12,1,0,1,30974,30974,30974,30974,15454,15454,1,1,0,162099200,166363136,0,166205248,85,0
churn,1924,Trimming,4096,12,1,0,1,30990,30990,30990,30990,15462,15462,1,1,0,166363136,170627072,0,170465216,87,0
churn,1925,Trimming,4096,12,1,0,1,31006,31006,31006,31006,15470,15470,1,1,0,170627072,174891008,0,174725184,89,0
churn,1926,Trimming,4096,12,1,0,1,31022,31022,31022,31022,15478,15478,1,1,0,174891008,179154944,0,178985152,91,0
churn,1927,Trimming,4096,12,1,0,1,31038,31038,31038,31038,15486,15486,1,1,0,179154944,183418880,0,183245120,93,0
churn,1928,Trimming,4096,12,1,0,1,31054,31054,31054,31054,15494,15494,1,1,0,183418880,187682816,0,187505088,95,0
churn,1929,Trimming,4096,12,1,0,1,31070,31070,31070,31070,15502,15502,1,1,0,187682816,191946752,0,191765056,97,0
churn,1930,Trimming,4096,12,1,0,1,31086,31086,31086,31086,15510,15510,1,1,0,191946752,196210688,0,196025024,99,0
churn,1931,Trimming,4096,12,1,0,1,31102,31102,31102,31102,15518,15518,1,1,0,196210688,200474624,0,200284992,101,0
churn,1932,Trimming,4096,12,1,0,1,31118,31118,31118,31118,15526,15526,1,1,0,200474624,204738560,0,204544960,103,0
churn,1933,Trimming,4096,12,1,0,1,31134,31134,31134,31134,15534,15534,1,1,0,204738560,209002496,0,208804928,105,0
churn,1934,Trimming,4096,12,1,0,1,31150,31150,31150,31150,15542,15542,1,1,0,209002496,213266432,0,213064896,107,0
churn,1935,Trimming,4096,12,1,0,1,31166,31166,31166,31166,15550,15550,1,1,0,213266432,217530368,0,217324864,109,0
churn,1936,Trimming,4096,12,1,0,1,31182,31182,31182,31182,15558,15558,1,1,0,217530368,221794304,0,221584832,111,0
churn,1937,Trimming,4096,12,1,0,1,31198,31198,31198,31198,15566,15566,1,1,0,221794304,226058240,0,225844800,113,0
churn,1938,Trimming,4096,12,1,0,1,31214,31214,31214,31214,15574,15574,1,1,0,226058240,230322176,0,230104768,115,0
churn,1939,Trimming,4096,16,1,0,1,31230,31230,31230,31230,15582,15582,1,1,0,230322176,234586112,0,234364736,117,0
churn,1940,Trimming,4096,16,1,0,1,31246,31246,31246,31246,15590,15590,1,1,0,234586112,238850048,0,238624704,119,0
churn,1941,Trimming,4096,12,1,0,1,31262,31262,31262,31262,15598,15598,1,1,0,238850048,243113984,0,242884672,121,0
churn,1942,Trimming,4096,12,1,0,1,31278,31278,31278,31278,15606,15606,1,1,0,243113984,247377920,0,247144640,123,0
churn,1943,Trimming,4096,12,1,0,1,31294,31294,31294,31294,15614,15614,1,1,0,247377920,251641856,0,251404608,125,0
churn,1944,Trimming,4096,12,1,0,1,31310,31310,31310,31310,15622,15622,1,1,0,251641856,255905792,0,255664576,127,0
churn,1945,Trimming,4096,12,1,0,1,31326,31326,31326,31326,15630,15630,1,1,0,255905792,260169728,0,259924544,129,0
churn,1946,Trimming,4096,12,1,0,1,31342,31342,31342,31342,15638,15638,1,1,0,260169728,264433664,0,264184512,131,0
churn,1947,Trimming,4096,0,1,0,1,31358,31358,31358,31358,15646,15646,1,1,0,264433664,268697600,0,268444480,133,0
churn,1948,Trimming,4096,0,1,0,1,31374,31374,31374,31374,15654,15654,1,1,0,268697600,272891904,0,268444480,133,0
churn,1949,Trimming,4096,0,1,0,1,31390,31390,31390,31390,15662,15662,1,1,0,272891904,277086208,0,268444480,133,0
churn,1950,Trimming,4096,0,1,0,1,31406,31406,31406,31406,15670,15670,1,1,0,277086208,281280512,0,268444480,133,0
churn,1951,Trimming,4096,0,1,0,1,31422,31422,31422,31422,15678,15678,1,1,0,281280512,285474816,0,268444480,133,0
churn,1952,Trimming,4096,0,1,0,1,31438,31438,31438,31438,15686,15686,1,1,0,285474816,289669120,0,268444480,133,0
churn,1953,Trimming,4096,0,1,0,1,31454,31454,31454,31454,15694,15694,1,1,0,289669120,293863424,0,268444480,133,0
churn,1954,Trimming,4096,0,1,0,1,31470,31470,31470,31470,15702,15702,1,1,0,293863424,298057728,0,268444480,133,0
churn,1955,Trimming,4096,0,1,0,1,31486,31486,31486,31486,15710,15710,1,1,0,298057728,302252032,0,268444480,133,0
churn,1956,Trimming,4096,0,1,0,1,31502,31502,31502,31502,15718,15718,1,1,0,302252032,306446336,0,268444480,133,0
churn,1957,Trimming,4096,0,1,0,1,31518,31518,31518,31518,15726,15726,1,1,0,306446336,310640640,0,268444480,133,0
churn,1958,Trimming,4096,0,1,0,1,31534,31534,31534,31534,15734,15734,1,1,0,310640640,314834944,0,268444480,133,0
churn,1959,Trimming,4096,0,1,0,1,31550,31550,31550,31550,15742,15742,1,1,0,314834944,319029248,0,268444480,133,0
churn,1960,Trimming,4096,0,1,0,1,31566,31566,31566,31566,15750,15750,1,1,0,319029248,323223552,0,268444480,133,0
churn,1961,Trimming,4096,0,1,0,1,31582,31582,31582,31582,15758,15758,1,1,0,323223552,327417856,0,268444480,133,0
churn,1962,Trimming,4096,0,1,0,1,31598,31598,31598,31598,15766,15766,1,1,0,327417856,331612160,0,268444480,133,0
churn,1963,Trimming,4096,0,1,0,1,31614,31614,31614,31614,15774,15774,1,1,0,331612160,335806464,0,268444480,133,0
churn,1964,Trimming,4096,0,1,0,1,31630,31630,31630,31630,15782,15782,1,1,0,335806464,340000768,0,268444480,133,0
churn,1965,Trimming,4096,0,1,0,1,31646,31646,31646,31646,15790,15790,1,1,0,340000768,344195072,0,268444480,133,0
churn,1966,Trimming,4096,0,1,0,1,31662,31662,31662,31662,15798,15798,1,1,0,344195072,348389376,0,268444480,133,0
churn,1967,Trimming,4096,0,1,0,1,31678,31678,31678,31678,15806,15806,1,1,0,348389376,352583680,0,268444480,133,0
churn,1968,Trimming,4096,0,1,0,1,31694,31694,31694,31694,15814,15814,1,1,0,352583680,356777984,0,268444480,133,0
churn,1969,Trimming,4096,0,1,0,1,31710,31710,31710,31710,15822,15822,1,1,0,356777984,360972288,0,268444480,133,0
churn,1970,Trimming,4096,0,1,0,1,31726,31726,31726,31726,15830,15830,1,1,0,360972288,365166592,0,268444480,133,0
churn,1971,Trimming,4096,0,1,0,1,31742,31742,31742,31742,15838,15838,1,1,0,365166592,369360896,0,268444480,133,0
churn,1972,Trimming,4096,0,1,0,1,31758,31758,31758,31758,15846,15846,1,1,0,369360896,373555200,0,268444480,133,0
churn,1973,Trimming,4096,0,1,0,1,31774,31774,31774,31774,15854,15854,1,1,0,373555200,377749504,0,268444480,133,0
churn,1974,Trimming,4096,0,1,0,1,31790,31790,31790,31790,15862,15862,1,1,0,377749504,381943808,0,268444480,133,0
churn,1975,Trimming,4096,0,1,0,1,31806,31806,31806,31806,15870,15870,1,1,0,381943808,386138112,0,268444480,133,0
churn,1976,Trimming,4096,0,1,0,1,31822,31822,31822,31822,15878,15878,1,1,0,386138112,390332416,0,268444480,133,0
churn,1977,Trimming,4096,0,1,0,1,31838,31838,31838,31838,15886,15886,1,1,0,390332416,394526720,0,268444480,133,0
churn,1978,Trimming,4096,0,1,0,1,31854,31854,31854,31854,15894,15894,1,1,0,394526720,398721024,0,268444480,133,0
churn,1979,Trimming,4096,0,1,0,1,31870,31870,31870,31870,15902,15902,1,1,0,398721024,402915328,0,268444480,133,0
churn,1980,Trimming,4096,0,1,0,1,31886,31886,31886,31886,15910,15910,1,1,0,402915328,407109632,0,268444480,133,0
churn,1981,Trimming,4096,0,1,0,1,31902,31902,31902,31902,15918,15918,1,1,0,407109632,411303936,0,268444480,133,0
churn,1982,Trimming,4096,0,1,0,1,31918,31918,31918,31918,15926,15926,1,1,0,411303936,415498240,0,268444480,133,0
churn,1983,Trimming,4096,0,1,0,1,31934,31934,31934,31934,15934,15934,1,1,0,415498240,419692544,0,268444480,133,0
churn,1984,Trimming,4096,0,1,0,1,31950,31950,31950,31950,15942,15942,1,1,0,419692544,423886848,0,268444480,133,0
churn,1985,Trimming,4096,0,1,0,1,31966,31966,31966,31966,15950,15950,1,1,0,423886848,428081152,0,268444480,133,0
churn,1986,Trimming,4096,0,1,0,1,31982,31982,31982,31982,15958,15958,1,1,0,428081152,432275456,0,268444480,133,0
churn,1987,Trimming,4096,0,1,0,1,31998,31998,31998,31998,15966,15966,1,1,0,432275456,436469760,0,268444480,133,0
churn,1988,Trimming,4096,0,1,0,1,32014,32014,32014,32014,15974,15974,1,1,0,436469760,440664064,0,268444480,133,0
churn,1989,Trimming,4096,0,1,0,1,32030,32030,32030,32030,15982,15982,1,1,0,440664064,444858368,0,268444480,133,0
churn,1990,Trimming,4096,0,1,0,1,32046,32046,32046,32046,15990,15990,1,1,0,444858368,449052672,0,268444480,133,0
churn,1991,Trimming,4096,0,1,0,1,32062,32062,32062,32062,15998,15998,1,1,0,449052672,453246976,0,268444480,133,0
churn,1992,Trimming,4096,0,1,0,1,32078,32078,32078,32078,16006,16006,1,1,0,453246976,457441280,0,268444480,133,0
churn,1993,Trimming,4096,0,1,0,1,32094,32094,32094,32094,16014,16014,1,1,0,457441280,461635584,0,268444480,133,0
churn,1994,Trimming,4096,0,1,0,1,32110,32110,32110,32110,16022,16022,1,1,0,461635584,465829888,0,268444480,133,0
churn,1995,Trimming,4096,0,1,0,1,32126,32126,32126,32126,16030,16030,1,1,0,465829888,470024192,0,268444480,133,0
churn,1996,Trimming,4096,0,1,0,1,32142,32142,32142,32142,16038,16038,1,1,0,470024192,474218496,0,268444480,133,0
churn,1997,Trimming,4096,0,1,0,1,32158,32158,32158,32158,16046,16046,1,1,0,474218496,478412800,0,268444480,133,0
churn,1998,Trimming,4096,0,1,0,1,32174,32174,32174,32174,16054,16054,1,1,0,478412800,482607104,0,268444480,133,0
churn,1999,Trimming,4096,0,1,0,1,32190,32190,32190,32190,16062,16062,1,1,0,482607104,486801408,0,268444480,133,0
churn,2000,Trimming,4096,0,1,0,1,32206,32206,32206,32206,16070,16070,1,1,0,486801408,490995712,0,268444480,133,0
churn,2001,Trimming,4096,0,1,0,1,32222,32222,32222,32222,16078,16078,1,1,0,490995712,495190016,0,268444480,133,0
churn,2002,Trimming,4096,0,1,0,1,32238,32238,32238,32238,16086,16086,1,1,0,495190016,499384320,0,268444480,133,0
churn,2003,Trimming,4096,0,1,0,1,32254,32254,32254,32254,16094,16094,1,1,0,499384320,503578624,0,268444480,133,0
churn,2004,Trimming,4096,0,1,0,1,32270,32270,32270,32270,16102,16102,1,1,0,503578624,507772928,0,268444480,133,0
churn,2005,Trimming,4096,0,1,0,1,32286,32286,32286,32286,16110,16110,1,1,0,507772928,511967232,0,268444480,133,0
churn,2006,Trimming,4096,0,1,0,1,32302,32302,32302,32302,16118,16118,1,1,0,511967232,516161536,0,268444480,133,0
churn,2007,Trimming,4096,0,1,0,1,32318,32318,32318,32318,16126,16126,1,1,0,516161536,520355840,0,268444480,133,0
churn,2008,Trimming,4096,0,1,0,1,32334,32334,32334,32334,16134,16134,1,1,0,520355840,524550144,0,268444480,133,0
churn,2009,Trimming,4096,0,1,0,1,32350,32350,32350,32350,16142,16142,1,1,0,524550144,528744448,0,268444480,133,0
churn,2010,Trimming,4096,0,1,0,1,32366,32366,32366,32366,16150,16150,1,1,0,528744448,532938752,0,268444480,133,0
churn,2011,Trimming,4096,0,1,0,1,32382,32382,32382,32382,16158,16158,1,1,0,532938752,537133056,0,268444480,133,0
churn,2012,Trimming,4096,0,1,0,1,32398,32398,32398,32398,16166,16166,1,1,0,537133056,541327360,0,268444480,133,0
churn,2013,Trimming,4096,0,1,0,1,32414,32414,32414,32414,16174,16174,1,1,0,541327360,545521664,0,268444480,133,0
churn,2014,Trimming,4096,0,1,0,1,32430,32430,32430,32430,16182,16182,1,1,0,545521664,549715968,0,268444480,133,0
churn,2015,Trimming,4096,0,1,0,1,32446,32446,32446,32446,16190,16190,1,1,0,549715968,553910272,0,268444480,133,0
churn,2016,Trimming,4096,0,1,0,1,32462,32462,32462,32462,16198,16198,1,1,0,553910272,558104576,0,268444480,133,0
churn,2017,Trimming,4096,0,1,0,1,32478,32478,32478,32478,16206,16206,1,1,0,558104576,562298880,0,268444480,133,0
churn,2018,Trimming,4096,0,1,0,1,32494,32494,32494,32494,16214,16214,1,1,0,562298880,566493184,0,268444480,133,0
churn,2019,Trimming,4096,0,1,0,1,32510,32510,32510,32510,16222,16222,1,1,0,566493184,570687488,0,268444480,133,0
churn,2020,Trimming,4096,0,1,0,1,32526,32526,32526,32526,16230,16230,1,1,0,570687488,574881792,0,268444480,133,0
churn,2021,Trimming,4096,0,1,0,1,32542,32542,32542,32542,16238,16238,1,1,0,574881792,579076096,0,268444480,133,0
churn,2022,Trimming,4096,0,1,0,1,32558,32558,32558,32558,16246,16246,1,1,0,579076096,583270400,0,268444480,133,0
churn,2023,Trimming,4096,0,1,0,1,32574,32574,32574,32574,16254,16254,1,1,0,583270400,587464704,0,268444480,133,0
churn,2024,Trimming,4096,0,1,0,1,32590,32590,32590,32590,16262,16262,1,1,0,587464704,591659008,0,268444480,133,0
churn,2025,Trimming,4096,0,1,0,1,32606,32606,32606,32606,16270,16270,1,1,0,591659008,595853312,0,268444480,133,0
churn,2026,Trimming,4096,0,1,0,1,32622,32622,32622,32622,16278,16278,1,1,0,595853312,600047616,0,268444480,133,0
churn,2027,Trimming,4096,0,1,0,1,32638,32638,32638,32638,16286,16286,1,1,0,600047616,604241920,0,268444480,133,0
churn,2028,Trimming,4096,0,1,0,1,32654,32654,32654,32654,16294,16294,1,1,0,604241920,608436224,0,268444480,133,0
churn,2029,Trimming,3836,0,1,0,1,32670,32670,32670,32670,16302,16302,1,1,0,608436224,612368304,0,612368304,133,1
churn,2030,Trimming,4096,16,1,0,1,32686,32686,32686,32686,16310,16310,1,1,1,0,4333568,0,4326464,5,0
churn,2031,Trimming,4096,16,1,0,1,32702,32702,32702,32702,16318,16318,1,1,0,4333568,8597504,0,8586432,7,0
churn,2032,Trimming,4096,16,1,0,1,32718,32718,32718,32718,16326,16326,1,1,0,8597504,12861440,0,12846400,9,0
churn,2033,Trimming,4096,12,1,0,1,32734,32734,32734,32734,16334,16334,1,1,0,12861440,17125376,0,17106368,11,0
churn,2034,Trimming,4096,12,1,0,1,32750,32750,32750,32750,16342,16342,1,1,0,17125376,21389312,0,21366336,13,0
churn,2035,Trimming,4096,12,1,0,1,32766,32766,32766,32766,16350,16350,1,1,0,21389312,25653248,0,25626304,15,0
churn,2036,Trimming,4096,12,1,0,1,32782,32782,32782,32782,16358,16358,1,1,0,25653248,29917184,0,29886272,17,0
churn,2037,Trimming,4096,12,1,0,1,32798,32798,32798,32798,16366,16366,1,1,0,29917184,34181120,0,34146240,19,0
churn,2038,Trimming,4096,12,1,0,1,32814,32814,32814,32814,16374,16374,1,1,0,34181120,38445056,0,38406208,21,0
churn,2039,Trimming,4096,12,1,0,1,32830,32830,32830,32830,16382,16382,1,1,0,38445056,42708992,0,42666176,23,0
churn,2040,Trimming,4096,12,1,0,1,32846,32846,32846,32846,16390,16390,1,1,0,42708992,46972928,0,46926144,25,0
churn,2041,Trimming,4096,12,1,0,1,32862,32862,32862,32862,16398,16398,1,1,0,46972928,51236864,0,51186112,27,0
churn,2042,Trimming,4096,12,1,0,1,32878,32878,32878,32878,16406,16406,1,1,0,51236864,55500800,0,55446080,29,0
churn,2043,Trimming,4096,12,1,0,1,32894,32894,32894,32894,16414,16414,1,1,0,55500800,59764736,0,59706048,31,0
churn,2044,Trimming,4096,12,1,0,1,32910,32910,32910,32910,16422,16422,1,1,0,59764736,64028672,0,63966016,33,0
churn,2045,Trimming,4096,12,1,0,1,32926,32926,32926,32926,16430,16430,1,1,0,64028672,68292608,0,68225984,35,0
churn,2046,Trimming,4096,12,1,0,1,32942,32942,32942,32942,16438,16438,1,1,0,68292608,72556544,0,72485952,37,0
churn,2047,Trimming,4096,12,1,0,1,32958,32958,32958,32958,16446,16446,1,1,0,72556544,76820480,0,76745920,39,0
churn,2048,Trimming,4096,12,1,0,1,32974,32974,32974,32974,16454,16454,1,1,0,76820480,81084416,0,81005888,41,0
churn,2049,Trimming,4096,12,1,0,1,32990,32990,32990,32990,16462,16462,1,1,0,81084416,85348352,0,85265856,43,0
churn,2050,Trimming,4096,12,1,0,1,33006,33006,33006,33006,16470,16470,1,1,0,85348352,89612288,0,89525824,45,0
churn,2051,Trimming,4096,12,1,0,1,33022,33022,33022,33022,16478,16478,1,1,0,89612288,93876224,0,93785792,47,0
churn,2052,Trimming,4096,16,1,0,1,33038,33038,33038,33038,16486,16486,1,1,0,93876224,98140160,0,98045760,49,0
churn,2053,Trimming,4096,16,1,0,1,33054,33054,33054,33054,16494,16494,1,1,0,98140160,102404096,0,102305728,51,0
churn,2054,Trimming,4096,12,1,0,1,33070,33070,33070,33070,16502,16502,1,1,0,102404096,106668032,0,106565696,53,0
churn,2055,Trimming,4096,12,1,0,1,33086,33086,33086,33086,16510,16510,1,1,0,106668032,110931968,0,110825664,55,0
churn,2056,Trimming,4096,12,1,0,1,33102,33102,33102,33102,16518,16518,1,1,0,110931968,115195904,0,115085632,57,0
churn,2057,Trimming,4096,12,1,0,1,33118,33118,33118,33118,16526,16526,1,1,0,115195904,119459840,0,119345600,59,0
churn,2058,Trimming,4096,12,1,0,1,33134,33134,33134,33134,16534,16534,1,1,0,119459840,123723776,0,123605568,61,0
churn,2059,Trimming,4096,12,1,0,1,33150,33150,33150,33150,16542,16542,1,1,0,123723776,127987712,0,127865536,63,0
churn,2060,Trimming,4096,12,1,0,1,33166,33166,33166,33166,16550,16550,1,1,0,127987712,132251648,0,132125504,65,0
churn,2061,Trimming,4096,12,1,0,1,33182,33182,33182,33182,16558,16558,1,1,0,132251648,136515584,0,136385472,67,0
churn,2062,Trimming,4096,12,1,0,1,33198,33198,33198,33198,16566,16566,1,1,0,136515584,140779520,0,140645440,69,0
churn,2063,Trimming,4096,12,1,0,1,33214,33214,33214,33214,16574,16574,1,1,0,140779520,145043456,0,144905408,71,0
churn,2064,Trimming,4096,12,1,0,1,33230,33230,33230,33230,16582,16582,1,1,0,145043456,149307392,0,149165376,73,0
churn,2065,Trimming,4096,12,1,0,1,33246,33246,33246,33246,16590,16590,1,1,0,149307392,153571328,0,153425344,75,0
churn,2066,Trimming,4096,12,1,0,1,33262,33262,33262,33262,16598,16598,1,1,0,153571328,157835264,0,157685312,77,0
churn,2067,Trimming,4096,12,1,0,1,33278,33278,33278,33278,16606,16606,1,1,0,157835264,162099200,0,161945280,79,0
churn,2068,Trimming,4096,12,1,0,1,33294,33294,33294,33294,16614,16614,1,1,0,162099200,166363136,0,166205248,81,0
churn,2069,Trimming,4096,12,1,0,1,33310,33310,33310,33310,16622,16622,1,1,0,166363136,170627072,0,170465216,83,0
churn,2070,Trimming,4096,12,1,0,1,33326,33326,33326,33326,16630,16630,1,1,0,170627072,174891008,0,174725184,85,0
churn,2071,Trimming,4096,12,1,0,1,33342,33342,33342,33342,16638,16638,1,1,0,174891008,179154944,0,178985152,87,0
churn,2072,Trimming,4096,12,1,0,1,33358,33358,33358,33358,16646,16646,1,1,0,179154944,183418880,0,183245120,89,0
churn,2073,Trimming,4096,12,1,0,1,33374,33374,33374,33374,16654,16654,1,1,0,183418880,187682816,0,187505088,91,0
churn,2074,Trimming,4096,12,1,0,1,33390,33390,33390,33390,16662,16662,1,1,0,187682816,191946752,0,191765056,93,0
churn,2075,Trimming,4096,12,1,0,1,33406,33406,33406,33406,16670,16670,1,1,0,191946752,196210688,0,196025024,95,0
churn,2076,Trimming,4096,12,1,0,1,33422,33422,33422,33422,16678,16678,1,1,0,196210688,200474624,0,200284992,97,0
churn,2077,Trimming,4096,12,1,0,1,33438,33438,33438,33438,16686,16686,1,1,0,200474624,204738560,0,204544960,99,0
churn,2078,Trimming,4096,12,1,0,1,33454,33454,33454,33454,16694,16694,1,1,0,204738560,209002496,0,208804928,101,0
churn,2079,Trimming,4096,12,1,0,1,33470,33470,33470,33470,16702,16702,1,1,0,209002496,213266432,0,213064896,107,0
churn,2080,Trimming,4096,12,1,0,1,33486,33486,33486,33486,16710,16710,1,1,0,213266432,217530368,0,217324864,109,0
churn,2081,Trimming,4096,12,1,0,1,33502,33502,33502,33502,16718,16718,1,1,0,217530368,221794304,0,221584832,111,0
churn,2082,Trimming,4096,12,1,0,1,33518,33518,33518,33518,16726,16726,1,1,0,221794304,226058240,0,225844800,113,0
churn,2083,Trimming,4096,12,1,0,1,33534,33534,33534,33534,16734,16734,1,1,0,226058240,230322176,0,230104768,115,0
churn,2084,Trimming,4096,16,1,0,1,33550,33550,33550,33550,16742,16742,1,1,0,230322176,234586112,0,234364736,117,0
churn,2085,Trimming,4096,16,1,0,1,33566,33566,33566,33566,16750,16750,1,1,0,234586112,238850048,0,238624704,119,0
churn,2086,Trimming,4096,12,1,0,1,33582,33582,33582,33582,16758,16758,1,1,0,238850048,243113984,0,242884672,121,0
churn,2087,Trimming,4096,12,1,0,1,33598,33598,33598,33598,16766,16766,1,1,0,243113984,247377920,0,247144640,123,0
churn,2088,Trimming,4096,12,1,0,1,33614,33614,33614,33614,16774,16774,1,1,0,247377920,251641856,0,251404608,125,0
churn,2089,Trimming,4096,12,1,0,1,33630,33630,33630,33630,16782,16782,1,1,0,251641856,255905792,0,255664576,127,0
churn,2090,Trimming,4096,12,1,0,1,33646,33646,33646,33646,16790,16790,1,1,0,255905792,260169728,0,259924544,129,0
churn,2091,Trimming,4096,12,1,0,1,33662,33662,33662,33662,16798,16798,1,1,0,260169728,264433664,0,264184512,131,0
churn,2092,Trimming,4096,0,1,0,1,33678,33678,33678,33678,16806,16806,1,1,0,264433664,268697600,0,268444480,133,0
churn,2093,Trimming,4096,0,1,0,1,33694,33694,33694,33694,16814,16814,1,1,0,268697600,272891904,0,268444480,133,0
churn,2094,Trimming,4096,0,1,0,1,33710,33710,33710,33710,16822,16822,1,1,0,272891904,277086208,0,268444480,133,0
churn,2095,Trimming,4096,0,1,0,1,33726,33726,33726,33726,16830,16830,1,1,0,277086208,281280512,0,268444480,133,0
churn,2096,Trimming,4096,0,1,0,1,33742,33742,33742,33742,16838,16838,1,1,0,281280512,285474816,0,268444480,133,0
churn,2097,Trimming,4096,0,1,0,1,33758,33758,33758,33758,16846,16846,1,1,0,285474816,289669120,0,268444480,133,0
churn,2098,Trimming,4096,0,1,0,1,33774,33774,33774,33774,16854,16854,1,1,0,289669120,293863424,0,268444480,133,0
churn,2099,Trimming,4096,0,1,0,1,33790,33790,33790,33790,16862,16862,1,1,0,293863424,298057728,0,268444480,133,0
churn,2100,Trimming,4096,0,1,0,1,33806,33806,33806,33806,16870,16870,1,1,0,298057728,302252032,0,268444480,133,0
churn,2101,Trimming,4096,0,1,0,1,33822,33822,33822,33822,16878,16878,1,1,0,302252032,306446336,0,268444480,133,0
churn,2102,Trimming,4096,0,1,0,1,33838,33838,33838,33838,16886,16886,1,1,0,306446336,310640640,0,268444480,133,0
churn,2103,Trimming,4096,0,1,0,1,33854,33854,33854,33854,16894,16894,1,1,0,310640640,314834944,0,268444480,133,0
churn,2104,Trimming,4096,0,1,0,1,33870,33870,33870,33870,16902,16902,1,1,0,314834944,319029248,0,268444480,133,0
churn,2105,Trimming,4096,0,1,0,1,33886,33886,33886,33886,16910,16910,1,1,0,319029248,323223552,0,268444480,133,0
churn,2106,Trimming,4096,0,1,0,1,33902,33902,33902,33902,16918,16918,1,1,0,323223552,327417856,0,268444480,133,0
churn,2107,Trimming,4096,0,1,0,1,33918,33918,33918,33918,16926,16926,1,1,0,327417856,331612160,0,268444480,133,0
churn,2108,Trimming,4096,0,1,0,1,33934,33934,33934,33934,16934,16934,1,1,0,331612160,335806464,0,268444480,133,0
churn,2109,Trimming,4096,0,1,0,1,33950,33950,33950,33950,16942,16942,1,1,0,335806464,340000768,0,268444480,133,0
churn,2110,Trimming,4096,0,1,0,1,33966,33966,33966,33966,16950,16950,1,1,0,340000768,344195072,0,268444480,133,0
churn,2111,Trimming,4096,0,1,0,1,33982,33982,33982,33982,16958,16958,1,1,0,344195072,348389376,0,268444480,133,0
churn,2112,Trimming,4096,0,1,0,1,33998,33998,33998,33998,16966,16966,1,1,0,348389376,352583680,0,268444480,133,0
churn,2113,Trimming,4096,0,1,0,1,34014,34014,34014,34014,16974,16974,1,1,0,352583680,356777984,0,268444480,133,0
churn,2114,Trimming,4096,0,1,0,1,34030,34030,34030,34030,16982,16982,1,1,0,356777984,360972288,0,268444480,133,0
churn,2115,Trimming,4096,0,1,0,1,34046,34046,34046,34046,16990,16990,1,1,0,360972288,365166592,0,268444480,133,0
churn,2116,Trimming,4096,0,1,0,1,34062,34062,34062,34062,16998,16998,1,1,0,365166592,369360896,0,268444480,133,0
churn,2117,Trimming,4096,0,1,0,1,34078,34078,34078,34078,17006,17006,1,1,0,369360896,373555200,0,268444480,133,0
churn,2118,Trimming,4096,0,1,0,1,34094,34094,34094,34094,17014,17014,1,1,0,373555200,377749504,0,268444480,133,0
churn,2119,Trimming,4096,0,1,0,1,34110,34110,34110,34110,17022,17022,1,1,0,377749504,381943808,0,268444480,133,0
churn,2120,Trimming,4096,0,1,0,1,34126,34126,34126,34126,17030,17030,1,1,0,381943808,386138112,0,268444480,133,0
churn,2121,Trimming,4096,0,1,0,1,34142,34142,34142,34142,17038,17038,1,1,0,386138112,390332416,0,268444480,133,0
churn,2122,Trimming,4096,0,1,0,1,34158,34158,34158,34158,17046,17046,1,1,0,390332416,394526720,0,268444480,133,0
churn,2123,Trimming,4096,0,1,0,1,34174,34174,34174,34174,17054,17054,1,1,0,394526720,398721024,0,268444480,133,0
churn,2124,Trimming,4096,0,1,0,1,34190,34190,34190,34190,17062,17062,1,1,0,398721024,402915328,0,268444480,133,0
churn,2125,Trimming,4096,0,1,0,1,34206,34206,34206,34206,17070,17070,1,1,0,402915328,407109632,0,268444480,133,0
churn,2126,Trimming,4096,0,1,0,1,34222,34222,34222,34222,17078,17078,1,1,0,407109632,411303936,0,268444480,133,0
churn,2127,Trimming,4096,0,1,0,1,34238,34238,34238,34238,17086,17086,1,1,0,411303936,415498240,0,268444480,133,0
churn,2128,Trimming,4096,0,1,0,1,34254,34254,34254,34254,17094,17094,1,1,0,415498240,419692544,0,268444480,133,0
churn,2129,Trimming,4096,0,1,0,1,34270,34270,34270,34270,17102,17102,1,1,0,419692544,423886848,0,268444480,133,0
churn,2130,Trimming,4096,0,1,0,1,34286,34286,34286,34286,17110,17110,1,1,0,423886848,428081152,0,268444480,133,0
churn,2131,Trimming,4096,0,1,0,1,34302,34302,34302,34302,17118,17118,1,1,0,428081152,432275456,0,268444480,133,0
churn,2132,Trimming,4096,0,1,0,1,34318,34318,34318,34318,17126,17126,1,1,0,432275456,436469760,0,268444480,133,0
churn,2133,Trimming,4096,0,1,0,1,34334,34334,34334,34334,17134,17134,1,1,0,436469760,440664064,0,268444480,133,0
churn,2134,Trimming,4096,0,1,0,1,34350,34350,34350,34350,17142,17142,1,1,0,440664064,444858368,0,268444480,133,0
churn,2135,Trimming,4096,0,1,0,1,34366,34366,34366,34366,17150,17150,1,1,0,444858368,449052672,0,268444480,133,0
churn,2136,Trimming,4096,0,1,0,1,34382,34382,34382,34382,17158,17158,1,1,0,449052672,453246976,0,268444480,133,0
churn,2137,Trimming,4096,0,1,0,1,34398,34398,34398,34398,17166,17166,1,1,0,453246976,457441280,0,268444480,133,0
churn,2138,Trimming,4096,0,1,0,1,34414,34414,34414,34414,17174,17174,1,1,0,457441280,461635584,0,268444480,133,0
churn,2139,Trimming,4096,0,1,0,1,34430,34430,34430,34430,17182,17182,1,1,0,461635584,465829888,0,268444480,133,0
churn,2140,Trimming,4096,0,1,0,1,34446,34446,34446,34446,17190,17190,1,1,0,465829888,470024192,0,268444480,133,0
churn,2141,Trimming,4096,0,1,0,1,34462,34462,34462,34462,17198,17198,1,1,0,470024192,474218496,0,268444480,133,0
churn,2142,Trimming,4096,0,1,0,1,34478,34478,34478,34478,17206,17206,1,1,0,474218496,478412800,0,268444480,133,0
churn,2143,Trimming,4096,0,1,0,1,34494,34494,34494,34494,17214,17214,1,1,0,478412800,482607104,0,268444480,133,0
churn,2144,Trimming,4096,0,1,0,1,34510,34510,34510,34510,17222,17222,1,1,0,482607104,486801408,0,268444480,133,0
churn,2145,Trimming,4096,0,1,0,1,34526,34526,34526,34526,17230,17230,1,1,0,486801408,490995712,0,268444480,133,0
churn,2146,Trimming,4096,0,1,0,1,34542,34542,34542,34542,17238,17238,1,1,0,490995712,495190016,0,268444480,133,0
churn,2147,Trimming,4096,0,1,0,1,34558,34558,34558,34558,17246,17246,1,1,0,495190016,499384320,0,268444480,133,0
churn,2148,Trimming,4096,0,1,0,1,34574,34574,34574,34574,17254,17254,1,1,0,499384320,503578624,0,268444480,133,0
churn,2149,Trimming,4096,0,1,0,1,34590,34590,34590,34590,17262,17262,1,1,0,503578624,507772928,0,268444480,133,0
churn,2150,Trimming,4096,0,1,0,1,34606,34606,34606,34606,17270,17270,1,1,0,507772928,511967232,0,268444480,133,0
churn,2151,Trimming,4096,0,1,0,1,34622,34622,34622,34622,17278,17278,1,1,0,511967232,516161536,0,268444480,133,0
churn,2152,Trimming,4096,0,1,0,1,34638,34638,34638,34638,17286,17286,1,1,0,516161536,520355840,0,268444480,133,0
churn,2153,Trimming,4096,0,1,0,1,34654,34654,34654,34654,17294,17294,1,1,0,520355840,524550144,0,268444480,133,0
churn,2154,Trimming,4096,0,1,0,1,34670,34670,34670,34670,17302,17302,1,1,0,524550144,528744448,0,268444480,133,0
churn,2155,Trimming,4096,0,1,0,1,34686,34686,34686,34686,17310,17310,1,1,0,528744448,532938752,0,268444480,133,0
churn,2156,Trimming,4096,0,1,0,1,34702,34702,34702,34702,17318,17318,1,1,0,532938752,537133056,0,268444480,133,0
churn,2157,Trimming,4096,0,1,0,1,34718,34718,34718,34718,17326,17326,1,1,0,537133056,541327360,0,268444480,133,0
churn,2158,Trimming,4096,0,1,0,1,34734,34734,34734,34734,17334,17334,1,1,0,541327360,545521664,0,268444480,133,0
churn,2159,Trimming,4096,0,1,0,1,34750,34750,34750,34750,17342,17342,1,1,0,545521664,549715968,0,268444480,133,0
churn,2160,Trimming,4096,0,1,0,1,34766,34766,34766,34766,17350,17350,1,1,0,549715968,553910272,0,268444480,133,0
churn,2161,Trimming,4096,0,1,0,1,34782,34782,34782,34782,17358,17358,1,1,0,553910272,558104576,0,268444480,133,0
churn,2162,Trimming,4096,0,1,0,1,34798,34798,34798,34798,17366,17366,1,1,0,558104576,562298880,0,268444480,133,0
churn,2163,Trimming,4096,0,1,0,1,34814,34814,34814,34814,17374,17374,1,1,0,562298880,566493184,0,268444480,133,0
churn,2164,Trimming,4096,0,1,0,1,34830,34830,34830,34830,17382,17382,1,1,0,566493184,570687488,0,268444480,133,0
churn,2165,Trimming,4096,0,1,0,1,34846,34846,34846,34846,17390,17390,1,1,0,570687488,574881792,0,268444480,133,0
churn,2166,Trimming,4096,0,1,0,1,34862,34862,34862,34862,17398,17398,1,1,0,574881792,579076096,0,268444480,133,0
churn,2167,Trimming,4096,0,1,0,1,34878,34878,34878,34878,17406,17406,1,1,0,579076096,583270400,0,268444480,133,0
churn,2168,Trimming,4096,0,1,0,1,34894,34894,34894,34894,17414,17414,1,1,0,583270400,587464704,0,268444480,133,0
churn,2169,Trimming,4096,0,1,0,1,34910,34910,34910,34910,17422,17422,1,1,0,587464704,591659008,0,268444480,133,0
churn,2170,Trimming,4096,0,1,0,1,34926,34926,34926,34926,17430,17430,1,1,0,591659008,595853312,0,268444480,133,0
churn,2171,Trimming,4096,0,1,0,1,34942,34942,34942,34942,17438,17438,1,1,0,595853312,600047616,0,268444480,133,0
churn,2172,Trimming,4096,0,1,0,1,34958,34958,34958,34958,17446,17446,1,1,0,600047616,604241920,0,268444480,133,0
churn,2173,Trimming,4096,0,1,0,1,34974,34974,34974,34974,17454,17454,1,1,0,604241920,608436224,0,268444480,133,0
churn,2174,Trimming,3836,0,1,0,1,34990,34990,34990,34990,17462,17462,1,1,0,608436224,612368304,0,612368304,133,1
churn,2175,Trimming,4096,16,1,0,1,35006,35006,35006,35006,17470,17470,1,1,1,0,4333568,0,4326464,5,0
churn,2176,Trimming,4096,16,1,0,1,35022,35022,35022,35022,17478,17478,1,1,0,4333568,8597504,0,8586432,7,0
churn,2177,Trimming,4096,16,1,0,1,35038,35038,35038,35038,17486,17486,1,1,0,8597504,12861440,0,12846400,9,0
churn,2178,Trimming,4096,12,1,0,1,35054,35054,35054,35054,17494,17494,1,1,0,12861440,17125376,0,17106368,11,0
churn,2179,Trimming,4096,12,1,0,1,35070,35070,35070,35070,17502,17502,1,1,0,17125376,21389312,0,21366336,13,0
churn,2180,Trimming,4096,12,1,0,1,35086,35086,35086,35086,17510,17510,1,1,0,21389312,25653248,0,25626304,15,0
churn,2181,Trimming,4096,12,1,0,1,35102,35102,35102,35102,17518,17518,1,1,0,25653248,29917184,0,29886272,17,0
churn,2182,Trimming,4096,12,1,0,1,35118,35118,35118,35118,17526,17526,1,1,0,29917184,34181120,0,34146240,19,0
churn,2183,Trimming,4096,12,1,0,1,35134,35134,35134,35134,17534,17534,1,1,0,34181120,38445056,0,38406208,21,0
churn,2184,Trimming,4096,12,1,0,1,35150,35150,35150,35150,17542,17542,1,1,0,38445056,42708992,0,42666176,23,0
churn,2185,Trimming,4096,12,1,0,1,35166,35166,35166,35166,17550,17550,1,1,0,42708992,46972928,0,46926144,25,0
churn,2186,Trimming,4096,12,1,0,1,35182,35182,35182,35182,17558,17558,1,1,0,46972928,51236864,0,51186112,27,0
churn,2187,Trimming,4096,12,1,0,1,35198,35198,35198,35198,17566,17566,1,1,0,51236864,55500800,0,55446080,29,0
churn,2188,Trimming,4096,12,1,0,1,35214,35214,35214,35214,17574,17574,1,1,0,55500800,59764736,0,59706048,31,0
churn,2189,Trimming,4096,12,1,0,1,35230,35230,35230,35230,17582,17582,1,1,0,59764736,64028672,0,63966016,33,0
churn,2190,Trimming,4096,12,1,0,1,35246,35246,35246,35246,17590,17590,1,1,0,64028672,68292608,0,68225984,35,0
churn,2191,Trimming,4096,12,1,0,1,35262,35262,35262,35262,17598,17598,1,1,0,68292608,72556544,0,72485952,37,0
churn,2192,Trimming,4096,12,1,0,1,35278,35278,35278,35278,17606,17606,1,1,0,72556544,76820480,0,76745920,39,0
churn,2193,Trimming,4096,12,1,0,1,35294,35294,35294,35294,17614,17614,1,1,0,76820480,81084416,0,81005888,41,0
churn,2194,Trimming,4096,12,1,0,1,35310,35310,35310,35310,17622,17622,1,1,0,81084416,85348352,0,85265856,43,0
churn,2195,Trimming,4096,12,1,0,1,35326,35326,35326,35326,17630,17630,1,1,0,85348352,89612288,0,89525824,45,0
churn,2196,Trimming,4096,12,1,0,1,35342,35342,35342,35342,17638,17638,1,1,0,89612288,93876224,0,93785792,47,0
churn,2197,Trimming,4096,16,1,0,1,35358,35358,35358,35358,17646,17646,1,1,0,93876224,98140160,0,98045760,49,0
churn,2198,Trimming,4096,16,1,0,1,35374,35374,35374,35374,17654,17654,1,1,0,98140160,102404096,0,102305728,51,0
churn,2199,Trimming,4096,12,1,0,1,35390,35390,35390,35390,17662,17662,1,1,0,102404096,106668032,0,106565696,53,0
churn,2200,Trimming,4096,12,1,0,1,35406,35406,35406,35406,17670,17670,1,1,0,106668032,110931968,0,110825664,55,0
churn,2201,Trimming,4096,12,1,0,1,35422,35422,35422,35422,17678,17678,1,1,0,110931968,115195904,0,115085632,57,0
churn,2202,Trimming,4096,12,1,0,1,35438,35438,35438,35438,17686,17686,1,1,0,115195904,119459840,0,119345600,59,0
churn,2203,Trimming,4096,12,1,0,1,35454,35454,35454,35454,17694,17694,1,1,0,119459840,123723776,0,123605568,61,0
churn,2204,Trimming,4096,12,1,0,1,35470,35470,35470,35470,17702,17702,1,1,0,123723776,127987712,0,127865536,63,0
churn,2205,Trimming,4096,12,1,0,1,35486,35486,35486,35486,17710,17710,1,1,0,127987712,132251648,0,132125504,69,0
churn,2206,Trimming,4096,12,1,0,1,35502,35502,35502,35502,17718,17718,1,1,0,132251648,136515584,0,136385472,71,0
churn,2207,Trimming,4096,12,1,0,1,35518,35518,35518,35518,17726,17726,1,1,0,136515584,140779520,0,140645440,73,0
churn,2208,Trimming,4096,12,1,0,1,35534,35534,35534,35534,17734,17734,1,1,0,140779520,145043456,0,144905408,75,0
churn,2209,Trimming,4096,12,1,0,1,35550,35550,35550,35550,17742,17742,1,1,0,145043456,149307392,0,149165376,77,0
churn,2210,Trimming,4096,12,1,0,1,35566,35566,35566,35566,17750,17750,1,1,0,149307392,153571328,0,153425344,79,0
churn,2211,Trimming,4096,12,1,0,1,35582,35582,35582,35582,17758,17758,1,1,0,153571328,157835264,0,157685312,81,0
churn,2212,Trimming,4096,12,1,0,1,35598,35598,35598,35598,17766,17766,1,1,0,157835264,162099200,0,161945280,83,0
churn,2213,Trimming,4096,12,1,0,1,35614,35614,35614,35614,17774,17774,1,1,0,162099200,166363136,0,166205248,85,0
churn,2214,Trimming,4096,12,1,0,1,35630,35630,35630,35630,17782,17782,1,1,0,166363136,170627072,0,170465216,87,0
churn,2215,Trimming,4096,12,1,0,1,35646,35646,35646,35646,17790,17790,1,1,0,170627072,174891008,0,174725184,89,0
churn,2216,Trimming,4096,12,1,0,1,35662,35662,35662,35662,17798,17798,1,1,0,174891008,179154944,0,178985152,91,0
churn,2217,Trimming,4096,12,1,0,1,35678,35678,35678,35678,17806,17806,1,1,0,179154944,183418880,0,183245120,93,0
churn,2218,Trimming,4096,12,1,0,1,35694,35694,35694,35694,17814,17814,1,1,0,183418880,187682816,0,187505088,95,0
churn,2219,Trimming,4096,12,1,0,1,35710,35710,35710,35710,17822,17822,1,1,0,187682816,191946752,0,191765056,97,0
churn,2220,Trimming,4096,12,1,0,1,35726,35726,35726,35726,17830,17830,1,1,0,191946752,196210688,0,196025024,99,0
churn,2221,Trimming,4096,12,1,0,1,35742,35742,35742,35742,17838,17838,1,1,0,196210688,200474624,0,200284992,101,0
churn,2222,Trimming,4096,12,1,0,1,35758,35758,35758,35758,17846,17846,1,1,0,200474624,204738560,0,204544960,103,0
churn,2223,Trimming,4096,12,1,0,1,35774,35774,35774,35774,17854,17854,1,1,0,204738560,209002496,0,208804928,105,0
churn,2224,Trimming,4096,12,1,0,1,35790,35790,35790,35790,17862,17862,1,1,0,209002496,213266432,0,213064896,107,0
churn,2225,Trimming,4096,12,1,0,1,35806,35806,35806,35806,17870,17870,1,1,0,213266432,217530368,0,217324864,109,0
churn,2226,Trimming,4096,12,1,0,1,35822,35822,35822,35822,17878,17878,1,1,0,217530368,221794304,0,221584832,111,0
churn,2227,Trimming,4096,12,1,0,1,35838,35838,35838,35838,17886,17886,1,1,0,221794304,226058240,0,225844800,113,0
churn,2228,Trimming,4096,12,1,0,1,35854,35854,35854,35854,17894,17894,1,1,0,226058240,230322176,0,230104768,115,0
churn,2229,Trimming,4096,16,1,0,1,35870,35870,35870,35870,17902,17902,1,1,0,230322176,234586112,0,234364736,117,0
churn,2230,Trimming,4096,16,1,0,1,35886,35886,35886,35886,17910,17910,1,1,0,234586112,238850048,0,238624704,119,0
churn,2231,Trimming,4096,12,1,0,1,35902,35902,35902,35902,17918,17918,1,1,0,238850048,243113984,0,242884672,121,0
churn,2232,Trimming,4096,12,1,0,1,35918,35918,35918,35918,17926,17926,1,1,0,243113984,247377920,0,247144640,123,0
churn,2233,Trimming,4096,12,1,0,1,35934,35934,35934,35934,17934,17934,1,1,0,247377920,251641856,0,251404608,125,0
churn,2234,Trimming,4096,12,1,0,1,35950,35950,35950,35950,17942,17942,1,1,0,251641856,255905792,0,255664576,127,0
churn,2235,Trimming,4096,12,1,0,1,35966,35966,35966,35966,17950,17950,1,1,0,255905792,260169728,0,259924544,129,0
churn,2236,Trimming,4096,12,1,0,1,35982,35982,35982,35982,17958,17958,1,1,0,260169728,264433664,0,264184512,131,0
churn,2237,Trimming,4096,0,1,0,1,35998,35998,35998,35998,17966,17966,1,1,0,264433664,268697600,0,268444480,133,0
churn,2238,Trimming,4096,0,1,0,1,36014,36014,36014,36014,17974,17974,1,1,0,268697600,272891904,0,268444480,133,0
churn,2239,Trimming,4096,0,1,0,1,36030,36030,36030,36030,17982,17982,1,1,0,272891904,277086208,0,268444480,133,0
churn,2240,Trimming,4096,0,1,0,1,36046,36046,36046,36046,17990,17990,1,1,0,277086208,281280512,0,268444480,133,0
churn,2241,Trimming,4096,0,1,0,1,36062,36062,36062,36062,17998,17998,1,1,0,281280512,285474816,0,268444480,133,0
churn,2242,Trimming,4096,0,1,0,1,36078,36078,36078,36078,18006,18006,1,1,0,285474816,289669120,0,268444480,133,0
churn,2243,Trimming,4096,0,1,0,1,36094,36094,36094,36094,18014,18014,1,1,0,289669120,293863424,0,268444480,133,0
churn,2244,Trimming,4096,0,1,0,1,36110,36110,36110,36110,18022,18022,1,1,0,293863424,298057728,0,268444480,133,0
churn,2245,Trimming,4096,0,1,0,1,36126,36126,36126,36126,18030,18030,1,1,0,298057728,302252032,0,268444480,133,0
churn,2246,Trimming,4096,0,1,0,1,36142,36142,36142,36142,18038,18038,1,1,0,302252032,306446336,0,268444480,133,0
churn,2247,Trimming,4096,0,1,0,1,36158,36158,36158,36158,18046,18046,1,1,0,306446336,310640640,0,268444480,133,0
churn,2248,Trimming,4096,0,1,0,1,36174,36174,36174,36174,18054,18054,1,1,0,310640640,314834944,0,268444480,133,0
churn,2249,Trimming,4096,0,1,0,1,36190,36190,36190,36190,18062,18062,1,1,0,314834944,319029248,0,268444480,133,0
churn,2250,Trimming,4096,0,1,0,1,36206,36206,36206,36206,18070,18070,1,1,0,319029248,323223552,0,268444480,133,0
churn,2251,Trimming,4096,0,1,0,1,36222,36222,36222,36222,18078,18078,1,1,0,323223552,327417856,0,268444480,133,0
churn,2252,Trimming,4096,0,1,0,1,36238,36238,36238,36238,18086,18086,1,1,0,327417856,331612160,0,268444480,133,0
churn,2253,Trimming,4096,0,1,0,1,36254,36254,36254,36254,18094,18094,1,1,0,331612160,335806464,0,268444480,133,0
churn,2254,Trimming,4096,0,1,0,1,36270,36270,36270,36270,18102,18102,1,1,0,335806464,340000768,0,268444480,133,0
churn,2255,Trimming,4096,0,1,0,1,36286,36286,36286,36286,18110,18110,1,1,0,340000768,344195072,0,268444480,133,0
churn,2256,Trimming,4096,0,1,0,1,36302,36302,36302,36302,18118,18118,1,1,0,344195072,348389376,0,268444480,133,0
churn,2257,Trimming,4096,0,1,0,1,36318,36318,36318,36318,18126,18126,1,1,0,348389376,352583680,0,268444480,133,0
churn,2258,Trimming,4096,0,1,0,1,36334,36334,36334,36334,18134,18134,1,1,0,352583680,356777984,0,268444480,133,0
churn,2259,Trimming,4096,0,1,0,1,36350,36350,36350,36350,18142,18142,1,1,0,356777984,360972288,0,268444480,133,0
churn,2260,Trimming,4096,0,1,0,1,36366,36366,36366,36366,18150,18150,1,1,0,360972288,365166592,0,268444480,133,0
churn,2261,Trimming,4096,0,1,0,1,36382,36382,36382,36382,18158,18158,1,1,0,365166592,369360896,0,268444480,133,0
churn,2262,Trimming,4096,0,1,0,1,36398,36398,36398,36398,18166,18166,1,1,0,369360896,373555200,0,268444480,133,0
churn,2263,Trimming,4096,0,1,0,1,36414,36414,36414,36414,18174,18174,1,1,0,373555200,377749504,0,268444480,133,0
churn,2264,Trimming,4096,0,1,0,1,36430,36430,36430,36430,18182,18182,1,1,0,377749504,381943808,0,268444480,133,0
churn,2265,Trimming,4096,0,1,0,1,36446,36446,36446,36446,18190,18190,1,1,0,381943808,386138112,0,268444480,133,0
churn,2266,Trimming,4096,0,1,0,1,36462,36462,36462,36462,18198,18198,1,1,0,386138112,390332416,0,268444480,133,0
churn,2267,Trimming,4096,0,1,0,1,36478,36478,36478,36478,18206,18206,1,1,0,390332416,394526720,0,268444480,133,0
churn,2268,Trimming,4096,0,1,0,1,36494,36494,36494,36494,18214,18214,1,1,0,394526720,398721024,0,268444480,133,0
churn,2269,Trimming,4096,0,1,0,1,36510,36510,36510,36510,18222,18222,1,1,0,398721024,402915328,0,268444480,133,0
churn,2270,Trimming,4096,0,1,0,1,36526,36526,36526,36526,18230,18230,1,1,0,402915328,407109632,0,268444480,133,0
churn,2271,Trimming,4096,0,1,0,1,36542,36542,36542,36542,18238,18238,1,1,0,407109632,411303936,0,268444480,133,0
churn,2272,Trimming,4096,0,1,0,1,36558,36558,36558,36558,18246,18246,1,1,0,411303936,415498240,0,268444480,133,0
churn,2273,Trimming,4096,0,1,0,1,36574,36574,36574,36574,18254,18254,1,1,0,415498240,419692544,0,268444480,133,0
churn,2274,Trimming,4096,0,1,0,1,36590,36590,36590,36590,18262,18262,1,1,0,419692544,423886848,0,268444480,133,0
churn,2275,Trimming,4096,0,1,0,1,36606,36606,36606,36606,18270,18270,1,1,0,423886848,428081152,0,268444480,133,0
churn,2276,Trimming,4096,0,1,0,1,36622,36622,36622,36622,18278,18278,1,1,0,428081152,432275456,0,268444480,133,0
churn,2277,Trimming,4096,0,1,0,1,36638,36638,36638,36638,18286,18286,1,1,0,432275456,436469760,0,268444480,133,0
churn,2278,Trimming,4096,0,1,0,1,36654,36654,36654,36654,18294,18294,1,1,0,436469760,440664064,0,268444480,133,0
churn,2279,Trimming,4096,0,1,0,1,36670,36670,36670,36670,18302,18302,1,1,0,440664064,444858368,0,268444480,133,0
churn,2280,Trimming,4096,0,1,0,1,36686,36686,36686,36686,18310,18310,1,1,0,444858368,449052672,0,268444480,133,0
churn,2281,Trimming,4096,0,1,0,1,36702,36702,36702,36702,18318,18318,1,1,0,449052672,453246976,0,268444480,133,0
churn,2282,Trimming,4096,0,1,0,1,36718,36718,36718,36718,18326,18326,1,1,0,453246976,457441280,0,268444480,133,0
churn,2283,Trimming,4096,0,1,0,1,36734,36734,36734,36734,18334,18334,1,1,0,457441280,461635584,0,268444480,133,0
churn,2284,Trimming,4096,0,1,0,1,36750,36750,36750,36750,18342,18342,1,1,0,461635584,465829888,0,268444480,133,0
churn,2285,Trimming,4096,0,1,0,1,36766,36766,36766,36766,18350,18350,1,1,0,465829888,470024192,0,268444480,133,0
churn,2286,Trimming,4096,0,1,0,1,36782,36782,36782,36782,18358,18358,1,1,0,470024192,474218496,0,268444480,133,0
churn,2287,Trimming,4096,0,1,0,1,36798,36798,36798,36798,18366,18366,1,1,0,474218496,478412800,0,268444480,133,0
churn,2288,Trimming,4096,0,1,0,1,36814,36814,36814,36814,18374,18374,1,1,0,478412800,482607104,0,268444480,133,0
churn,2289,Trimming,4096,0,1,0,1,36830,36830,36830,36830,18382,18382,1,1,0,482607104,486801408,0,268444480,133,0
churn,2290,Trimming,4096,0,1,0,1,36846,36846,36846,36846,18390,18390,1,1,0,486801408,490995712,0,268444480,133,0
churn,2291,Trimming,4096,0,1,0,1,36862,36862,36862,36862,18398,18398,1,1,0,490995712,495190016,0,268444480,133,0
churn,2292,Trimming,4096,0,1,0,1,36878,36878,36878,36878,18406,18406,1,1,0,495190016,499384320,0,268444480,133,0
churn,2293,Trimming,4096,0,1,0,1,36894,36894,36894,36894,18414,18414,1,1,0,499384320,503578624,0,268444480,133,0
churn,2294,Trimming,4096,0,1,0,1,36910,36910,36910,36910,18422,18422,1,1,0,503578624,507772928,0,268444480,133,0
churn,2295,Trimming,4096,0,1,0,1,36926,36926,36926,36926,18430,18430,1,1,0,507772928,511967232,0,268444480,133,0
churn,2296,Trimming,4096,0,1,0,1,36942,36942,36942,36942,18438,18438,1,1,0,511967232,516161536,0,268444480,133,0
churn,2297,Trimming,4096,0,1,0,1,36958,36958,36958,36958,18446,18446,1,1,0,516161536,520355840,0,268444480,133,0
churn,2298,Trimming,4096,0,1,0,1,36974,36974,36974,36974,18454,18454,1,1,0,520355840,524550144,0,268444480,133,0
churn,2299,Trimming,4096,0,1,0,1,36990,36990,36990,36990,18462,18462,1,1,0,524550144,528744448,0,268444480,133,0
churn,2300,Trimming,4096,0,1,0,1,37006,37006,37006,37006,18470,18470,1,1,0,528744448,532938752,0,268444480,133,0
churn,2301,Trimming,4096,0,1,0,1,37022,37022,37022,37022,18478,18478,1,1,0,532938752,537133056,0,268444480,133,0
churn,2302,Trimming,4096,0,1,0,1,37038,37038,37038,37038,18486,18486,1,1,0,537133056,541327360,0,268444480,133,0
churn,2303,Trimming,4096,0,1,0,1,37054,37054,37054,37054,18494,18494,1,1,0,541327360,545521664,0,268444480,133,0
churn,2304,Trimming,4096,0,1,0,1,37070,37070,37070,37070,18502,18502,1,1,0,545521664,549715968,0,268444480,133,0
churn,2305,Trimming,4096,0,1,0,1,37086,37086,37086,37086,18510,18510,1,1,0,549715968,553910272,0,268444480,133,0
churn,2306,Trimming,4096,0,1,0,1,37102,37102,37102,37102,18518,18518,1,1,0,553910272,558104576,0,268444480,133,0
churn,2307,Trimming,4096,0,1,0,1,37118,37118,37118,37118,18526,18526,1,1,0,558104576,562298880,0,268444480,133,0
churn,2308,Trimming,4096,0,1,0,1,37134,37134,37134,37134,18534,18534,1,1,0,562298880,566493184,0,268444480,133,0
churn,2309,Trimming,4096,0,1,0,1,37150,37150,37150,37150,18542,18542,1,1,0,566493184,570687488,0,268444480,133,0
churn,2310,Trimming,4096,0,1,0,1,37166,37166,37166,37166,18550,18550,1,1,0,570687488,574881792,0,268444480,133,0
churn,2311,Trimming,4096,0,1,0,1,37182,37182,37182,37182,18558,18558,1,1,0,574881792,579076096,0,268444480,133,0
churn,2312,Trimming,4096,0,1,0,1,37198,37198,37198,37198,18566,18566,1,1,0,579076096,583270400,0,268444480,133,0
churn,2313,Trimming,4096,0,1,0,1,37214,37214,37214,37214,18574,18574,1,1,0,583270400,587464704,0,268444480,133,0
churn,2314,Trimming,4096,0,1,0,1,37230,37230,37230,37230,18582,18582,1,1,0,587464704,591659008,0,268444480,133,0
churn,2315,Trimming,4096,0,1,0,1,37246,37246,37246,37246,18590,18590,1,1,0,591659008,595853312,0,268444480,133,0
churn,2316,Trimming,4096,0,1,0,1,37262,37262,37262,37262,18598,18598,1,1,0,595853312,600047616,0,268444480,133,0
churn,2317,Trimming,4096,0,1,0,1,37278,37278,37278,37278,18606,18606,1,1,0,600047616,604241920,0,268444480,133,0
churn,2318,Trimming,4096,0,1,0,1,37294,37294,37294,37294,18614,18614,1,1,0,604241920,608436224,0,268444480,133,0
churn,2319,Trimming,3836,0,1,0,1,37310,37310,37310,37310,18622,18622,1,1,0,608436224,612368304,0,612368304,133,1
churn,2320,Trimming,4096,16,1,0,1,37326,37326,37326,37326,18630,18630,1,1,1,0,4333568,0,4326464,5,0
churn,2321,Trimming,4096,16,1,0,1,37342,37342,37342,37342,18638,18638,1,1,0,4333568,8597504,0,8586432,7,0
churn,2322,Trimming,4096,16,1,0,1,37358,37358,37358,37358,18646,18646,1,1,0,8597504,12861440,0,12846400,9,0
churn,2323,Trimming,4096,12,1,0,1,37374,37374,37374,37374,18654,18654,1,1,0,12861440,17125376,0,17106368,11,0
churn,2324,Trimming,4096,12,1,0,1,37390,37390,37390,37390,18662,18662,1,1,0,17125376,21389312,0,21366336,13,0
churn,2325,Trimming,4096,12,1,0,1,37406,37406,37406,37406,18670,18670,1,1,0,21389312,25653248,0,25626304,15,0
churn,2326,Trimming,4096,12,1,0,1,37422,37422,37422,37422,18678,18678,1,1,0,25653248,29917184,0,29886272,17,0
churn,2327,Trimming,4096,12,1,0,1,37438,37438,37438,37438,18686,18686,1,1,0,29917184,34181120,0,34146240,19,0
churn,2328,Trimming,4096,12,1,0,1,37454,37454,37454,37454,18694,18694,1,1,0,34181120,38445056,0,38406208,21,0
churn,2329,Trimming,4096,12,1,0,1,37470,37470,37470,37470,18702,18702,1,1,0,38445056,42708992,0,42666176,23,0
churn,2330,Trimming,4096,12,1,0,1,37486,37486,37486,37486,18710,18710,1,1,0,42708992,46972928,0,46926144,25,0
churn,2331,Trimming,4096,12,1,0,1,37502,37502,37502,37502,18718,18718,1,1,0,46972928,51236864,0,51186112,31,0
churn,2332,Trimming,4096,12,1,0,1,37518,37518,37518,37518,18726,18726,1,1,0,51236864,55500800,0,55446080,33,0
churn,2333,Trimming,4096,12,1,0,1,37534,37534,37534,37534,18734,18734,1,1,0,55500800,59764736,0,59706048,35,0
churn,2334,Trimming,4096,12,1,0,1,37550,37550,37550,37550,18742,18742,1,1,0,59764736,64028672,0,63966016,37,0
churn,2335,Trimming,4096,12,1,0,1,37566,37566,37566,37566,18750,18750,1,1,0,64028672,68292608,0,68225984,39,0
churn,2336,Trimming,4096,12,1,0,1,37582,37582,37582,37582,18758,18758,1,1,0,68292608,72556544,0,72485952,41,0
churn,2337,Trimming,4096,12,1,0,1,37598,37598,37598,37598,18766,18766,1,1,0,72556544,76820480,0,76745920,43,0
churn,2338,Trimming,4096,12,1,0,1,37614,37614,37614,37614,18774,18774,1,1,0,76820480,81084416,0,81005888,45,0
churn,2339,Trimming,4096,12,1,0,1,37630,37630,37630,37630,18782,18782,1,1,0,81084416,85348352,0,85265856,47,0
churn,2340,Trimming,4096,12,1,0,1,37646,37646,37646,37646,18790,18790,1,1,0,85348352,89612288,0,89525824,49,0
churn,2341,Trimming,4096,12,1,0,1,37662,37662,37662,37662,18798,18798,1,1,0,89612288,93876224,0,93785792,51,0
churn,2342,Trimming,4096,16,1,0,1,37678,37678,37678,37678,18806,18806,1,1,0,93876224,98140160,0,98045760,53,0
churn,2343,Trimming,4096,16,1,0,1,37694,37694,37694,37694,18814,18814,1,1,0,98140160,102404096,0,102305728,55,0
churn,2344,Trimming,4096,12,1,0,1,37710,37710,37710,37710,18822,18822,1,1,0,102404096,106668032,0,106565696,57,0
churn,2345,Trimming,4096,12,1,0,1,37726,37726,37726,37726,18830,18830,1,1,0,106668032,110931968,0,110825664,59,0
churn,2346,Trimming,4096,12,1,0,1,37742,37742,37742,37742,18838,18838,1,1,0,110931968,115195904,0,115085632,61,0
churn,2347,Trimming,4096,12,1,0,1,37758,37758,37758,37758,18846,18846,1,1,0,115195904,119459840,0,119345600,63,0
churn,2348,Trimming,4096,12,1,0,1,37774,37774,37774,37774,18854,18854,1,1,0,119459840,123723776,0,123605568,65,0
churn,2349,Trimming,4096,12,1,0,1,37790,37790,37790,37790,18862,18862,1,1,0,123723776,127987712,0,127865536,67,0
churn,2350,Trimming,4096,12,1,0,1,37806,37806,37806,37806,18870,18870,1,1,0,127987712,132251648,0,132125504,69,0
churn,2351,Trimming,4096,12,1,0,1,37822,37822,37822,37822,18878,18878,1,1,0,132251648,136515584,0,136385472,71,0
churn,2352,Trimming,4096,12,1,0,1,37838,37838,37838,37838,18886,18886,1,1,0,136515584,140779520,0,140645440,73,0
churn,2353,Trimming,4096,12,1,0,1,37854,37854,37854,37854,18894,18894,1,1,0,140779520,145043456,0,144905408,75,0
churn,2354,Trimming,4096,12,1,0,1,37870,37870,37870,37870,18902,18902,1,1,0,145043456,149307392,0,149165376,77,0
churn,2355,Trimming,4096,12,1,0,1,37886,37886,37886,37886,18910,18910,1,1,0,149307392,153571328,0,153425344,79,0
churn,2356,Trimming,4096,12,1,0,1,37902,37902,37902,37902,18918,18918,1,1,0,153571328,157835264,0,157685312,81,0
churn,2357,Trimming,4096,12,1,0,1,37918,37918,37918,37918,18926,18926,1,1,0,157835264,162099200,0,161945280,83,0
churn,2358,Trimming,4096,12,1,0,1,37934,37934,37934,37934,18934,18934,1,1,0,162099200,166363136,0,166205248,85,0
churn,2359,Trimming,4096,12,1,0,1,37950,37950,37950,37950,18942,18942,1,1,0,166363136,170627072,0,170465216,87,0
churn,2360,Trimming,4096,12,1,0,1,37966,37966,37966,37966,18950,18950,1,1,0,170627072,174891008,0,174725184,89,0
churn,2361,Trimming,4096,12,1,0,1,37982,37982,37982,37982,18958,18958,1,1,0,174891008,179154944,0,178985152,91,0
churn,2362,Trimming,4096,12,1,0,1,37998,37998,37998,37998,18966,18966,1,1,0,179154944,183418880,0,183245120,93,0
churn,2363,Trimming,4096,12,1,0,1,38014,38014,38014,38014,18974,18974,1,1,0,183418880,187682816,0,187505088,95,0
churn,2364,Trimming,4096,12,1,0,1,38030,38030,38030,38030,18982,18982,1,1,0,187682816,191946752,0,191765056,97,0
churn,2365,Trimming,4096,12,1,0,1,38046,38046,38046,38046,18990,18990,1,1,0,191946752,196210688,0,196025024,99,0
churn,2366,Trimming,4096,12,1,0,1,38062,38062,38062,38062,18998,18998,1,1,0,196210688,200474624,0,200284992,101,0
churn,2367,Trimming,4096,12,1,0,1,38078,38078,38078,38078,19006,19006,1,1,0,200474624,204738560,0,204544960,103,0
churn,2368,Trimming,4096,12,1,0,1,38094,38094,38094,38094,19014,19014,1,1,0,204738560,209002496,0,208804928,105,0
churn,2369,Trimming,4096,12,1,0,1,38110,38110,38110,38110,19022,19022,1,1,0,209002496,213266432,0,213064896,107,0
churn,2370,Trimming,4096,12,1,0,1,38126,38126,38126,38126,19030,19030,1,1,0,213266432,217530368,0,217324864,109,0
churn,2371,Trimming,4096,12,1,0,1,38142,38142,38142,38142,19038,19038,1,1,0,217530368,221794304,0,221584832,111,0
churn,2372,Trimming,4096,12,1,0,1,38158,38158,38158,38158,19046,19046,1,1,0,221794304,226058240,0,225844800,113,0
churn,2373,Trimming,4096,12,1,0,1,38174,38174,38174,38174,19054,19054,1,1,0,226058240,230322176,0,230104768,115,0
churn,2374,Trimming,4096,16,1,0,1,38190,38190,38190,38190,19062,19062,1,1,0,230322176,234586112,0,234364736,117,0
churn,2375,Trimming,4096,16,1,0,1,38206,38206,38206,38206,19070,19070,1,1,0,234586112,238850048,0,238624704,119,0
churn,2376,Trimming,4096,12,1,0,1,38222,38222,38222,38222,19078,19078,1,1,0,238850048,243113984,0,242884672,121,0
churn,2377,Trimming,4096,12,1,0,1,38238,38238,38238,38238,19086,19086,1,1,0,243113984,247377920,0,247144640,123,0
churn,2378,Trimming,4096,12,1,0,1,38254,38254,38254,38254,19094,19094,1,1,0,247377920,251641856,0,251404608,125,0
churn,2379,Trimming,4096,12,1,0,1,38270,38270,38270,38270,19102,19102,1,1,0,251641856,255905792,0,255664576,127,0
churn,2380,Trimming,4096,12,1,0,1,38286,38286,38286,38286,19110,19110,1,1,0,255905792,260169728,0,259924544,129,0
churn,2381,Trimming,4096,12,1,0,1,38302,38302,38302,38302,19118,19118,1,1,0,260169728,264433664,0,264184512,131,0
churn,2382,Trimming,4096,0,1,0,1,38318,38318,38318,38318,19126,19126,1,1,0,264433664,268697600,0,268444480,133,0
churn,2383,Trimming,4096,0,1,0,1,38334,38334,38334,38334,19134,19134,1,1,0,268697600,272891904,0,268444480,133,0
churn,2384,Trimming,4096,0,1,0,1,38350,38350,38350,38350,19142,19142,1,1,0,272891904,277086208,0,268444480,133,0
churn,2385,Trimming,4096,0,1,0,1,38366,38366,38366,38366,19150,19150,1,1,0,277086208,281280512,0,268444480,133,0
churn,2386,Trimming,4096,0,1,0,1,38382,38382,38382,38382,19158,19158,1,1,0,281280512,285474816,0,268444480,133,0
churn,2387,Trimming,4096,0,1,0,1,38398,38398,38398,38398,19166,19166,1,1,0,285474816,289669120,0,268444480,133,0
churn,2388,Trimming,4096,0,1,0,1,38414,38414,38414,38414,19174,19174,1,1,0,289669120,293863424,0,268444480,133,0
churn,2389,Trimming,4096,0,1,0,1,38430,38430,38430,38430,19182,19182,1,1,0,293863424,298057728,0,268444480,133,0
churn,2390,Trimming,4096,0,1,0,1,38446,38446,38446,38446,19190,19190,1,1,0,298057728,302252032,0,268444480,133,0
churn,2391,Trimming,4096,0,1,0,1,38462,38462,38462,38462,19198,19198,1,1,0,302252032,306446336,0,268444480,133,0
churn,2392,Trimming,4096,0,1,0,1,38478,38478,38478,38478,19206,19206,1,1,0,306446336,310640640,0,268444480,133,0
churn,2393,Trimming,4096,0,1,0,1,38494,38494,38494,38494,19214,19214,1,1,0,310640640,314834944,0,268444480,133,0
churn,2394,Trimming,4096,0,1,0,1,38510,38510,38510,38510,19222,19222,1,1,0,314834944,319029248,0,268444480,133,0
churn,2395,Trimming,4096,0,1,0,1,38526,38526,38526,38526,19230,19230,1,1,0,319029248,323223552,0,268444480,133,0
churn,2396,Trimming,4096,0,1,0,1,38542,38542,38542,38542,19238,19238,1,1,0,323223552,327417856,0,268444480,133,0
churn,2397,Trimming,4096,0,1,0,1,38558,38558,38558,38558,19246,19246,1,1,0,327417856,331612160,0,268444480,133,0
churn,2398,Trimming,4096,0,1,0,1,38574,38574,38574,38574,19254,19254,1,1,0,331612160,335806464,0,268444480,133,0
churn,2399,Trimming,4096,0,1,0,1,38590,38590,38590,38590,19262,19262,1,1,0,335806464,340000768,0,268444480,133,0
churn,2400,Trimming,4096,0,1,0,1,38606,38606,38606,38606,19270,19270,1,1,0,340000768,344195072,0,268444480,133,0
churn,2401,Trimming,4096,0,1,0,1,38622,38622,38622,38622,19278,19278,1,1,0,344195072,348389376,0,268444480,133,0
churn,2402,Trimming,4096,0,1,0,1,38638,38638,38638,38638,19286,19286,1,1,0,348389376,352583680,0,268444480,133,0
churn,2403,Trimming,4096,0,1,0,1,38654,38654,38654,38654,19294,19294,1,1,0,352583680,356777984,0,268444480,133,0
churn,2404,Trimming,4096,0,1,0,1,38670,38670,38670,38670,19302,19302,1,1,0,356777984,360972288,0,268444480,133,0
churn,2405,Trimming,4096,0,1,0,1,38686,38686,38686,38686,19310,19310,1,1,0,360972288,365166592,0,268444480,133,0
churn,2406,Trimming,4096,0,1,0,1,38702,38702,38702,38702,19318,19318,1,1,0,365166592,369360896,0,268444480,133,0
churn,2407,Trimming,4096,0,1,0,1,38718,38718,38718,38718,19326,19326,1,1,0,369360896,373555200,0,268444480,133,0
churn,2408,Trimming,4096,0,1,0,1,38734,38734,38734,38734,19334,19334,1,1,0,373555200,377749504,0,268444480,133,0
churn,2409,Trimming,4096,0,1,0,1,38750,38750,38750,38750,19342,19342,1,1,0,377749504,381943808,0,268444480,133,0
churn,2410,Trimming,4096,0,1,0,1,38766,38766,38766,38766,19350,19350,1,1,0,381943808,386138112,0,268444480,133,0
churn,2411,Trimming,4096,0,1,0,1,38782,38782,38782,38782,19358,19358,1,1,0,386138112,390332416,0,268444480,133,0
churn,2412,Trimming,4096,0,1,0,1,38798,38798,38798,38798,19366,19366,1,1,0,390332416,394526720,0,268444480,133,0
churn,2413,Trimming,4096,0,1,0,1,38814,38814,38814,38814,19374,19374,1,1,0,394526720,398721024,0,268444480,133,0
churn,2414,Trimming,4096,0,1,0,1,38830,38830,38830,38830,19382,19382,1,1,0,398721024,402915328,0,268444480,133,0
churn,2415,Trimming,4096,0,1,0,1,38846,38846,38846,38846,19390,19390,1,1,0,402915328,407109632,0,268444480,133,0
churn,2416,Trimming,4096,0,1,0,1,38862,38862,38862,38862,19398,19398,1,1,0,407109632,411303936,0,268444480,133,0
churn,2417,Trimming,4096,0,1,0,1,38878,38878,38878,38878,19406,19406,1,1,0,411303936,415498240,0,268444480,133,0
churn,2418,Trimming,4096,0,1,0,1,38894,38894,38894,38894,19414,19414,1,1,0,415498240,419692544,0,268444480,133,0
churn,2419,Trimming,4096,0,1,0,1,38910,38910,38910,38910,19422,19422,1,1,0,419692544,423886848,0,268444480,133,0
churn,2420,Trimming,4096,0,1,0,1,38926,38926,38926,38926,19430,19430,1,1,0,423886848,428081152,0,268444480,133,0
churn,2421,Trimming,4096,0,1,0,1,38942,38942,38942,38942,19438,19438,1,1,0,428081152,432275456,0,268444480,133,0
churn,2422,Trimming,4096,0,1,0,1,38958,38958,38958,38958,19446,19446,1,1,0,432275456,436469760,0,268444480,133,0
churn,2423,Trimming,4096,0,1,0,1,38974,38974,38974,38974,19454,19454,1,1,0,436469760,440664064,0,268444480,133,0
churn,2424,Trimming,4096,0,1,0,1,38990,38990,38990,38990,19462,19462,1,1,0,440664064,444858368,0,268444480,133,0
churn,2425,Trimming,4096,0,1,0,1,39006,39006,39006,39006,19470,19470,1,1,0,444858368,449052672,0,268444480,133,0
churn,2426,Trimming,4096,0,1,0,1,39022,39022,39022,39022,19478,19478,1,1,0,449052672,453246976,0,268444480,133,0
churn,2427,Trimming,4096,0,1,0,1,39038,39038,39038,39038,19486,19486,1,1,0,453246976,457441280,0,268444480,133,0
churn,2428,Trimming,4096,0,1,0,1,39054,39054,39054,39054,19494,19494,1,1,0,457441280,461635584,0,268444480,133,0
churn,2429,Trimming,4096,0,1,0,1,39070,39070,39070,39070,19502,19502,1,1,0,461635584,465829888,0,268444480,133,0
churn,2430,Trimming,4096,0,1,0,1,39086,39086,39086,39086,19510,19510,1,1,0,465829888,470024192,0,268444480,133,0
churn,2431,Trimming,4096,0,1,0,1,39102,39102,39102,39102,19518,19518,1,1,0,470024192,474218496,0,268444480,133,0
churn,2432,Trimming,4096,0,1,0,1,39118,39118,39118,39118,19526,19526,1,1,0,474218496,478412800,0,268444480,133,0
churn,2433,Trimming,4096,0,1,0,1,39134,39134,39134,39134,19534,19534,1,1,0,478412800,482607104,0,268444480,133,0
churn,2434,Trimming,4096,0,1,0,1,39150,39150,39150,39150,19542,19542,1,1,0,482607104,486801408,0,268444480,133,0
churn,2435,Trimming,4096,0,1,0,1,39166,39166,39166,39166,19550,19550,1,1,0,486801408,490995712,0,268444480,133,0
churn,2436,Trimming,4096,0,1,0,1,39182,39182,39182,39182,19558,19558,1,1,0,490995712,495190016,0,268444480,133,0
churn,2437,Trimming,4096,0,1,0,1,39198,39198,39198,39198,19566,19566,1,1,0,495190016,499384320,0,268444480,133,0
churn,2438,Trimming,4096,0,1,0,1,39214,39214,39214,39214,19574,19574,1,1,0,499384320,503578624,0,268444480,133,0
churn,2439,Trimming,4096,0,1,0,1,39230,39230,39230,39230,19582,19582,1,1,0,503578624,507772928,0,268444480,133,0
churn,2440,Trimming,4096,0,1,0,1,39246,39246,39246,39246,19590,19590,1,1,0,507772928,511967232,0,268444480,133,0
churn,2441,Trimming,4096,0,1,0,1,39262,39262,39262,39262,19598,19598,1,1,0,511967232,516161536,0,268444480,133,0
churn,2442,Trimming,4096,0,1,0,1,39278,39278,39278,39278,19606,19606,1,1,0,516161536,520355840,0,268444480,133,0
churn,2443,Trimming,4096,0,1,0,1,39294,39294,39294,39294,19614,19614,1,1,0,520355840,524550144,0,268444480,133,0
churn,2444,Trimming,4096,0,1,0,1,39310,39310,39310,39310,19622,19622,1,1,0,524550144,528744448,0,268444480,133,0
churn,2445,Trimming,4096,0,1,0,1,39326,39326,39326,39326,19630,19630,1,1,0,528744448,532938752,0,268444480,133,0
churn,2446,Trimming,4096,0,1,0,1,39342,39342,39342,39342,19638,19638,1,1,0,532938752,537133056,0,268444480,133,0
churn,2447,Trimming,4096,0,1,0,1,39358,39358,39358,39358,19646,19646,1,1,0,537133056,541327360,0,268444480,133,0
churn,2448,Trimming,4096,0,1,0,1,39374,39374,39374,39374,19654,19654,1,1,0,541327360,545521664,0,268444480,133,0
churn,2449,Trimming,4096,0,1,0,1,39390,39390,39390,39390,19662,19662,1,1,0,545521664,549715968,0,268444480,133,0
churn,2450,Trimming,4096,0,1,0,1,39406,39406,39406,39406,19670,19670,1,1,0,549715968,553910272,0,268444480,133,0
churn,2451,Trimming,4096,0,1,0,1,39422,39422,39422,39422,19678,19678,1,1,0,553910272,558104576,0,268444480,133,0
churn,2452,Trimming,4096,0,1,0,1,39438,39438,39438,39438,19686,19686,1,1,0,558104576,562298880,0,268444480,133,0
churn,2453,Trimming,4096,0,1,0,1,39454,39454,39454,39454,19694,19694,1,1,0,562298880,566493184,0,268444480,133,0
churn,2454,Trimming,4096,0,1,0,1,39470,39470,39470,39470,19702,19702,1,1,0,566493184,570687488,0,268444480,133,0
churn,2455,Trimming,4096,0,1,0,1,39486,39486,39486,39486,19710,19710,1,1,0,570687488,574881792,0,268444480,133,0
churn,2456,Trimming,4096,0,1,0,1,39502,39502,39502,39502,19718,19718,1,1,0,574881792,579076096,0,268444480,133,0
churn,2457,Trimming,4096,0,1,0,1,39518,39518,39518,39518,19726,19726,1,1,0,579076096,583270400,0,268444480,133,0
churn,2458,Trimming,4096,0,1,0,1,39534,39534,39534,39534,19734,19734,1,1,0,583270400,587464704,0,268444480,133,0
churn,2459,Trimming,4096,0,1,0,1,39550,39550,39550,39550,19742,19742,1,1,0,587464704,591659008,0,268444480,133,0
churn,2460,Trimming,4096,0,1,0,1,39566,39566,39566,39566,19750,19750,1,1,0,591659008,595853312,0,268444480,133,0
churn,2461,Trimming,4096,0,1,0,1,39582,39582,39582,39582,19758,19758,1,1,0,595853312,600047616,0,268444480,133,0
churn,2462,Trimming,4096,0,1,0,1,39598,39598,39598,39598,19766,19766,1,1,0,600047616,604241920,0,268444480,133,0
churn,2463,Trimming,4096,0,1,0,1,39614,39614,39614,39614,19774,19774,1,1,0,604241920,608436224,0,268444480,133,0
churn,2464,Trimming,3836,0,1,0,1,39630,39630,39630,39630,19782,19782,1,1,0,608436224,612368304,0,612368304,133,1
churn,2465,Trimming,4096,16,1,0,1,39646,39646,39646,39646,19790,19790,1,1,1,0,4333568,0,4326464,5,0
churn,2466,Trimming,4096,16,1,0,1,39662,39662,39662,39662,19798,19798,1,1,0,4333568,8597504,0,8586432,7,0
churn,2467,Trimming,4096,16,1,0,1,39678,39678,39678,39678,19806,19806,1,1,0,8597504,12861440,0,12846400,9,0
churn,2468,Trimming,4096,12,1,0,1,39694,39694,39694,39694,19814,19814,1,1,0,12861440,17125376,0,17106368,11,0
churn,2469,Trimming,4096,12,1,0,1,39710,39710,39710,39710,19822,19822,1,1,0,17125376,21389312,0,21366336,13,0
churn,2470,Trimming,4096,12,1,0,1,39726,39726,39726,39726,19830,19830,1,1,0,21389312,25653248,0,25626304,15,0
churn,2471,Trimming,4096,12,1,0,1,39742,39742,39742,39742,19838,19838,1,1,0,25653248,29917184,0,29886272,17,0
churn,2472,Trimming,4096,12,1,0,1,39758,39758,39758,39758,19846,19846,1,1,0,29917184,34181120,0,34146240,19,0
churn,2473,Trimming,4096,12,1,0,1,39774,39774,39774,39774,19854,19854,1,1,0,34181120,38445056,0,38406208,21,0
churn,2474,Trimming,4096,12,1,0,1,39790,39790,39790,39790,19862,19862,1,1,0,38445056,42708992,0,42666176,23,0
churn,2475,Trimming,4096,12,1,0,1,39806,39806,39806,39806,19870,19870,1,1,0,42708992,46972928,0,46926144,25,0
churn,2476,Trimming,4096,12,1,0,1,39822,39822,39822,39822,19878,19878,1,1,0,46972928,51236864,0,51186112,27,0
churn,2477,Trimming,4096,12,1,0,1,39838,39838,39838,39838,19886,19886,1,1,0,51236864,55500800,0,55446080,29,0
churn,2478,Trimming,4096,12,1,0,1,39854,39854,39854,39854,19894,19894,1,1,0,55500800,59764736,0,59706048,31,0
churn,2479,Trimming,4096,12,1,0,1,39870,39870,39870,39870,19902,19902,1,1,0,59764736,64028672,0,63966016,33,0
churn,2480,Trimming,4096,12,1,0,1,39886,39886,39886,39886,19910,19910,1,1,0,64028672,68292608,0,68225984,35,0
churn,2481,Trimming,4096,12,1,0,1,39902,39902,39902,39902,19918,19918,1,1,0,68292608,72556544,0,72485952,37,0
churn,2482,Trimming,4096,12,1,0,1,39918,39918,39918,39918,19926,19926,1,1,0,72556544,76820480,0,76745920,39,0
churn,2483,Trimming,4096,12,1,0,1,39934,39934,39934,39934,19934,19934,1,1,0,76820480,81084416,0,81005888,41,0
churn,2484,Trimming,4096,12,1,0,1,39950,39950,39950,39950,19942,19942,1,1,0,81084416,85348352,0,85265856,43,0
churn,2485,Trimming,4096,12,1,0,1,39966,39966,39966,39966,19950,19950,1,1,0,85348352,89612288,0,89525824,45,0
churn,2486,Trimming,4096,12,1,0,1,39982,39982,39982,39982,19958,19958,1,1,0,89612288,93876224,0,93785792,47,0
churn,2487,Trimming,4096,16,1,0,1,39998,39998,39998,39998,19966,19966,1,1,0,93876224,98140160,0,98045760,49,0
churn,2488,Trimming,4096,16,1,0,1,40014,40014,40014,40014,19974,19974,1,1,0,98140160,102404096,0,102305728,51,0
churn,2489,Trimming,4096,12,1,0,1,40030,40030,40030,40030,19982,19982,1,1,0,102404096,106668032,0,106565696,53,0
churn,2490,Trimming,4096,12,1,0,1,40046,40046,40046,40046,19990,19990,1,1,0,106668032,110931968,0,110825664,55,0
churn,2491,Trimming,4096,12,1,0,1,40062,40062,40062,40062,19998,19998,1,1,0,110931968,115195904,0,115085632,57,0
churn,2492,Trimming,4096,12,1,0,1,40078,40078,40078,40078,20006,20006,1,1,0,115195904,119459840,0,119345600,59,0
churn,2493,Trimming,4096,12,1,0,1,40094,40094,40094,40094,20014,20014,1,1,0,119459840,123723776,0,123605568,61,0
churn,2494,Trimming,4096,12,1,0,1,40110,40110,40110,40110,20022,20022,1,1,0,123723776,127987712,0,127865536,63,0
churn,2495,Trimming,4096,12,1,0,1,40126,40126,40126,40126,20030,20030,1,1,0,127987712,132251648,0,132125504,65,0
churn,2496,Trimming,4096,12,1,0,1,40142,40142,40142,40142,20038,20038,1,1,0,132251648,136515584,0,136385472,67,0
churn,2497,Trimming,4096,12,1,0,1,40158,40158,40158,40158,20046,20046,1,1,0,136515584,140779520,0,140645440,69,0
churn,2498,Trimming,4096,12,1,0,1,40174,40174,40174,40174,20054,20054,1,1,0,140779520,145043456,0,144905408,71,0
churn,2499,Trimming,4096,12,1,0,1,40190,40190,40190,40190,20062,20062,1,1,0,145043456,149307392,0,149165376,73,0
drain,0,Trimming,4096,12,1,0,1,40192,40192,40192,40192,20064,20064,1,1,0,149307392,153571328,0,153425344,75,0
drain,1,Trimming,4096,12,1,0,1,40192,40192,40192,40192,20064,20064,0,0,0,153571328,157835264,153425344,157685312,3,0
drain,2,Trimming,4096,12,1,0,1,40192,40192,40192,40192,20064,20064,0,0,0,157835264,162099200,157685312,161945280,3,0
drain,3,Trimming,4096,12,1,0,1,40192,40192,40192,40192,20064,20064,0,0,0,162099200,166363136,161945280,166205248,3,0
drain,4,Trimming,4096,12,1,0,1,40192,40192,40192,40192,20064,20064,0,0,0,166363136,170627072,166205248,170465216,3,0
drain,5,Trimming,4096,12,1,0,1,40192,40192,40192,40192,20064,20064,0,0,0,170627072,174891008,170465216,174725184,3,0
drain,6,Trimming,4096,12,1,0,1,40192,40192,40192,40192,20064,20064,0,0,0,174891008,179154944,174725184,178985152,3,0
drain,7,Trimming,4096,12,1,0,1,40192,40192,40192,40192,20064,20064,0,0,0,179154944,183418880,178985152,183245120,3,0
drain,8,Trimming,4096,12,1,0,1,40192,40192,40192,40192,20064,20064,0,0,0,183418880,187682816,183245120,187505088,3,0
drain,9,Trimming,4096,12,1,0,1,40192,40192,40192,40192,20064,20064,0,0,0,187682816,191946752,187505088,191765056,3,0
drain,10,Trimming,4096,12,1,0,1,40192,40192,40192,40192,20064,20064,0,0,0,191946752,196210688,191765056,196025024,3,0
drain,11,Trimming,4096,12,1,0,1,40192,40192,40192,40192,20064,20064,0,0,0,196210688,200474624,196025024,200284992,3,0
drain,12,Trimming,4096,12,1,0,1,40192,40192,40192,40192,20064,20064,0,0,0,200474624,204738560,200284992,204544960,3,0
drain,13,Trimming,4096,12,1,0,1,40192,40192,40192,40192,20064,20064,0,0,0,204738560,209002496,204544960,208804928,3,0
drain,14,Trimming,4096,12,1,0,1,40192,40192,40192,40192,20064,20064,0,0,0,209002496,213266432,208804928,213064896,3,0
drain,15,Trimming,4096,12,1,0,1,40192,40192,40192,40192,20064,20064,0,0,0,213266432,217530368,213064896,217324864,3,0
drain,16,Trimming,4096,12,1,0,1,40192,40192,40192,40192,20064,20064,0,0,0,217530368,221794304,217324864,221584832,3,0
drain,17,Trimming,4096,12,1,0,1,40192,40192,40192,40192,20064,20064,0,0,0,221794304,226058240,221584832,225844800,3,0
drain,18,Trimming,4096,12,1,0,1,40192,40192,40192,40192,20064,20064,0,0,0,226058240,230322176,225844800,230104768,3,0
drain,19,Trimming,4096,16,1,0,1,40192,40192,40192,40192,20064,20064,0,0,0,230322176,234586112,230104768,234364736,3,0
drain,20,Trimming,4096,16,1,0,1,40192,40192,40192,40192,20064,20064,0,0,0,234586112,238850048,234364736,238624704,3,0
drain,21,Trimming,4096,12,1,0,1,40192,40192,40192,40192,20064,20064,0,0,0,238850048,243113984,238624704,242884672,3,0
drain,22,Trimming,4096,12,1,0,1,40192,40192,40192,40192,20064,20064,0,0,0,243113984,247377920,242884672,247144640,3,0
drain,23,Trimming,4096,12,1,0,1,40192,40192,40192,40192,20064,20064,0,0,0,247377920,251641856,247144640,251404608,3,0
drain,24,Trimming,4096,12,1,0,1,40192,40192,40192,40192,20064,20064,0,0,0,251641856,255905792,251404608,255664576,3,0
drain,25,Trimming,4096,12,1,0,1,40192,40192,40192,40192,20064,20064,0,0,0,255905792,260169728,255664576,259924544,3,0
drain,26,Trimming,4096,12,1,0,1,40192,40192,40192,40192,20064,20064,0,0,0,260169728,264433664,259924544,264184512,3,0
drain,27,Trimming,4096,0,1,0,1,40192,40192,40192,40192,20064,20064,0,0,0,264433664,268697600,264184512,268444480,3,0
drain,28,Trimming,4096,0,1,0,1,40192,40192,40192,40192,20064,20064,0,0,0,268697600,272891904,268444480,268444480,1,0
drain,29,Trimming,4096,0,1,0,1,40192,40192,40192,40192,20064,20064,0,0,0,272891904,277086208,268444480,268444480,1,0
drain,30,Trimming,4096,0,1,0,1,40192,40192,40192,40192,20064,20064,0,0,0,277086208,281280512,268444480,268444480,1,0
drain,31,Trimming,4096,0,1,0,1,40192,40192,40192,40192,20064,20064,0,0,0,281280512,285474816,268444480,268444480,1,0
drain,32,Trimming,4096,0,1,0,1,40192,40192,40192,40192,20064,20064,0,0,0,285474816,289669120,268444480,268444480,1,0
drain,33,Trimming,4096,0,1,0,1,40192,40192,40192,40192,20064,20064,0,0,0,289669120,293863424,268444480,268444480,1,0
drain,34,Trimming,4096,0,1,0,1,40192,40192,40192,40192,20064,20064,0,0,0,293863424,298057728,268444480,268444480,1,0
drain,35,Trimming,4096,0,1,0,1,40192,40192,40192,40192,20064,20064,0,0,0,298057728,302252032,268444480,268444480,1,0
drain,36,Trimming,4096,0,1,0,1,40192,40192,40192,40192,20064,20064,0,0,0,302252032,306446336,268444480,268444480,1,0
drain,37,Trimming,4096,0,1,0,1,40192,40192,40192,40192,20064,20064,0,0,0,306446336,310640640,268444480,268444480,1,0
drain,38,Trimming,4096,0,1,0,1,40192,40192,40192,40192,20064,20064,0,0,0,310640640,314834944,268444480,268444480,1,0
drain,39,Trimming,4096,0,1,0,1,40192,40192,40192,40192,20064,20064,0,0,0,314834944,319029248,268444480,268444480,1,0
drain,40,Trimming,4096,0,1,0,1,40192,40192,40192,40192,20064,20064,0,0,0,319029248,323223552,268444480,268444480,1,0
drain,41,Trimming,4096,0,1,0,1,40192,40192,40192,40192,20064,20064,0,0,0,323223552,327417856,268444480,268444480,1,0
drain,42,Trimming,4096,0,1,0,1,40192,40192,40192,40192,20064,20064,0,0,0,327417856,331612160,268444480,268444480,1,0
drain,43,Trimming,4096,0,1,0,1,40192,40192,40192,40192,20064,20064,0,0,0,331612160,335806464,268444480,268444480,1,0
drain,44,Trimming,4096,0,1,0,1,40192,40192,40192,40192,20064,20064,0,0,0,335806464,340000768,268444480,268444480,1,0
drain,45,Trimming,4096,0,1,0,1,40192,40192,40192,40192,20064,20064,0,0,0,340000768,344195072,268444480,268444480,1,0
drain,46,Trimming,4096,0,1,0,1,40192,40192,40192,40192,20064,20064,0,0,0,344195072,348389376,268444480,268444480,1,0
drain,47,Trimming,4096,0,1,0,1,40192,40192,40192,40192,20064,20064,0,0,0,348389376,352583680,268444480,268444480,1,0
drain,48,Trimming,4096,0,1,0,1,40192,40192,40192,40192,20064,20064,0,0,0,352583680,356777984,268444480,268444480,1,0
drain,49,Trimming,4096,0,1,0,1,40192,40192,40192,40192,20064,20064,0,0,0,356777984,360972288,268444480,268444480,1,0
drain,50,Trimming,4096,0,1,0,1,40192,40192,40192,40192,20064,20064,0,0,0,360972288,365166592,268444480,268444480,1,0
drain,51,Trimming,4096,0,1,0,1,40192,40192,40192,40192,20064,20064,0,0,0,365166592,369360896,268444480,268444480,1,0
drain,52,Trimming,4096,0,1,0,1,40192,40192,40192,40192,20064,20064,0,0,0,369360896,373555200,268444480,268444480,1,0
drain,53,Trimming,4096,0,1,0,1,40192,40192,40192,40192,20064,20064,0,0,0,373555200,377749504,268444480,268444480,1,0
drain,54,Trimming,4096,0,1,0,1,40192,40192,40192,40192,20064,20064,0,0,0,377749504,381943808,268444480,268444480,1,0
drain,55,Trimming,4096,0,1,0,1,40192,40192,40192,40192,20064,20064,0,0,0,381943808,386138112,268444480,268444480,1,0
drain,56,Trimming,4096,0,1,0,1,40192,40192,40192,40192,20064,20064,0,0,0,386138112,390332416,268444480,268444480,1,0
drain,57,Trimming,4096,0,1,0,1,40192,40192,40192,40192,20064,20064,0,0,0,390332416,394526720,268444480,268444480,1,0
drain,58,Trimming,4096,0,1,0,1,40192,40192,40192,40192,20064,20064,0,0,0,394526720,398721024,268444480,268444480,1,0
drain,59,Trimming,4096,0,1,0,1,40192,40192,40192,40192,20064,20064,0,0,0,398721024,402915328,268444480,268444480,1,0
drain,60,Trimming,4096,0,1,0,1,40192,40192,40192,40192,20064,20064,0,0,0,402915328,407109632,268444480,268444480,1,0
drain,61,Trimming,4096,0,1,0,1,40192,40192,40192,40192,20064,20064,0,0,0,407109632,411303936,268444480,268444480,1,0
drain,62,Trimming,4096,0,1,0,1,40192,40192,40192,40192,20064,20064,0,0,0,411303936,415498240,268444480,268444480,1,0
drain,63,Trimming,4096,0,1,0,1,40192,40192,40192,40192,20064,20064,0,0,0,415498240,419692544,268444480,268444480,1,0
drain,64,Trimming,4096,0,1,0,1,40192,40192,40192,40192,20064,20064,0,0,0,419692544,423886848,268444480,268444480,1,0
drain,65,Trimming,4096,0,1,0,1,40192,40192,40192,40192,20064,20064,0,0,0,423886848,428081152,268444480,268444480,1,0
drain,66,Trimming,4096,0,1,0,1,40192,40192,40192,40192,20064,20064,0,0,0,428081152,432275456,268444480,268444480,1,0
drain,67,Trimming,4096,0,1,0,1,40192,40192,40192,40192,20064,20064,0,0,0,432275456,436469760,268444480,268444480,1,0
drain,68,Trimming,4096,0,1,0,1,40192,40192,40192,40192,20064,20064,0,0,0,436469760,440664064,268444480,268444480,1,0
drain,69,Trimming,4096,0,1,0,1,40192,40192,40192,40192,20064,20064,0,0,0,440664064,444858368,268444480,268444480,1,0
drain,70,Trimming,4096,0,1,0,1,40192,40192,40192,40192,20064,20064,0,0,0,444858368,449052672,268444480,268444480,1,0
drain,71,Trimming,4096,0,1,0,1,40192,40192,40192,40192,20064,20064,0,0,0,449052672,453246976,268444480,268444480,1,0
drain,72,Trimming,4096,0,1,0,1,40192,40192,40192,40192,20064,20064,0,0,0,453246976,457441280,268444480,268444480,1,0
drain,73,Trimming,4096,0,1,0,1,40192,40192,40192,40192,20064,20064,0,0,0,457441280,461635584,268444480,268444480,1,0
drain,74,Trimming,4096,0,1,0,1,40192,40192,40192,40192,20064,20064,0,0,0,461635584,465829888,268444480,268444480,1,0
drain,75,Trimming,4096,0,1,0,1,40192,40192,40192,40192,20064,20064,0,0,0,465829888,470024192,268444480,268444480,1,0
drain,76,Trimming,4096,0,1,0,1,40192,40192,40192,40192,20064,20064,0,0,0,470024192,474218496,268444480,268444480,1,0
drain,77,Trimming,4096,0,1,0,1,40192,40192,40192,40192,20064,20064,0,0,0,474218496,478412800,268444480,268444480,1,0
drain,78,Trimming,4096,0,1,0,1,40192,40192,40192,40192,20064,20064,0,0,0,478412800,482607104,268444480,268444480,1,0
drain,79,Trimming,4096,0,1,0,1,40192,40192,40192,40192,20064,20064,0,0,0,482607104,486801408,268444480,268444480,1,0
drain,80,Trimming,4096,0,1,0,1,40192,40192,40192,40192,20064,20064,0,0,0,486801408,490995712,268444480,268444480,1,0
drain,81,Trimming,4096,0,1,0,1,40192,40192,40192,40192,20064,20064,0,0,0,490995712,495190016,268444480,268444480,1,0
drain,82,Trimming,4096,0,1,0,1,40192,40192,40192,40192,20064,20064,0,0,0,495190016,499384320,268444480,268444480,1,0
drain,83,Trimming,4096,0,1,0,1,40192,40192,40192,40192,20064,20064,0,0,0,499384320,503578624,268444480,268444480,1,0
drain,84,Trimming,4096,0,1,0,1,40192,40192,40192,40192,20064,20064,0,0,0,503578624,507772928,268444480,268444480,1,0
drain,85,Trimming,4096,0,1,0,1,40192,40192,40192,40192,20064,20064,0,0,0,507772928,511967232,268444480,268444480,1,0
drain,86,Trimming,4096,0,1,0,1,40192,40192,40192,40192,20064,20064,0,0,0,511967232,516161536,268444480,268444480,1,0
drain,87,Trimming,4096,0,1,0,1,40192,40192,40192,40192,20064,20064,0,0,0,516161536,520355840,268444480,268444480,1,0
drain,88,Trimming,4096,0,1,0,1,40192,40192,40192,40192,20064,20064,0,0,0,520355840,524550144,268444480,268444480,1,0
drain,89,Trimming,4096,0,1,0,1,40192,40192,40192,40192,20064,20064,0,0,0,524550144,528744448,268444480,268444480,1,0
drain,90,Trimming,4096,0,1,0,1,40192,40192,40192,40192,20064,20064,0,0,0,528744448,532938752,268444480,268444480,1,0
drain,91,Trimming,4096,0,1,0,1,40192,40192,40192,40192,20064,20064,0,0,0,532938752,537133056,268444480,268444480,1,0
drain,92,Trimming,4096,0,1,0,1,40192,40192,40192,40192,20064,20064,0,0,0,537133056,541327360,268444480,268444480,1,0
drain,93,Trimming,4096,0,1,0,1,40192,40192,40192,40192,20064,20064,0,0,0,541327360,545521664,268444480,268444480,1,0
drain,94,Trimming,4096,0,1,0,1,40192,40192,40192,40192,20064,20064,0,0,0,545521664,549715968,268444480,268444480,1,0
drain,95,Trimming,4096,0,1,0,1,40192,40192,40192,40192,20064,20064,0,0,0,549715968,553910272,268444480,268444480,1,0
drain,96,Trimming,4096,0,1,0,1,40192,40192,40192,40192,20064,20064,0,0,0,553910272,558104576,268444480,268444480,1,0
drain,97,Trimming,4096,0,1,0,1,40192,40192,40192,40192,20064,20064,0,0,0,558104576,562298880,268444480,268444480,1,0
drain,98,Trimming,4096,0,1,0,1,40192,40192,40192,40192,20064,20064,0,0,0,562298880,566493184,268444480,268444480,1,0
drain,99,Trimming,4096,0,1,0,1,40192,40192,40192,40192,20064,20064,0,0,0,566493184,570687488,268444480,268444480,1,0
drain,100,Trimming,4096,0,1,0,1,40192,40192,40192,40192,20064,20064,0,0,0,570687488,574881792,268444480,268444480,1,0
drain,101,Trimming,4096,0,1,0,1,40192,40192,40192,40192,20064,20064,0,0,0,574881792,579076096,268444480,268444480,1,0
drain,102,Trimming,4096,0,1,0,1,40192,40192,40192,40192,20064,20064,0,0,0,579076096,583270400,268444480,268444480,1,0
drain,103,Trimming,4096,0,1,0,1,40192,40192,40192,40192,20064,20064,0,0,0,583270400,587464704,268444480,268444480,1,0
drain,104,Trimming,4096,0,1,0,1,40192,40192,40192,40192,20064,20064,0,0,0,587464704,591659008,268444480,268444480,1,0
drain,105,Trimming,4096,0,1,0,1,40192,40192,40192,40192,20064,20064,0,0,0,591659008,595853312,268444480,268444480,1,0
drain,106,Trimming,4096,0,1,0,1,40192,40192,40192,40192,20064,20064,0,0,0,595853312,600047616,268444480,268444480,1,0
drain,107,Trimming,4096,0,1,0,1,40192,40192,40192,40192,20064,20064,0,0,0,600047616,604241920,268444480,268444480,1,0
drain,108,Trimming,4096,0,1,0,1,40192,40192,40192,40192,20064,20064,0,0,0,604241920,608436224,268444480,268444480,1,0
drain,109,Trimming,3836,0,1,0,1,40192,40192,40192,40192,20064,20064,0,0,0,608436224,612368304,268444480,612368304,1,1
drain,110,Trimming,4096,0,1,0,1,40192,40192,40192,40192,20064,20064,0,0,1,0,4333568,0,4326464,5,0
drain,111,Trimming,4096,0,1,0,1,40192,40192,40192,40192,20064,20064,0,0,0,4333568,8597504,4326464,8586432,3,0
drain,112,Trimming,4096,0,1,0,1,40192,40192,40192,40192,20064,20064,0,0,0,8597504,12861440,8586432,12846400,3,0
drain,113,Trimming,4096,0,1,0,1,40192,40192,40192,40192,20064,20064,0,0,0,12861440,17125376,12846400,17106368,3,0
drain,114,Trimming,4096,0,1,0,1,40192,40192,40192,40192,20064,20064,0,0,0,17125376,21389312,17106368,21366336,3,0
drain,115,Trimming,4096,0,1,0,1,40192,40192,40192,40192,20064,20064,0,0,0,21389312,25653248,21366336,25626304,3,0
drain,116,Trimming,4096,0,1,0,1,40192,40192,40192,40192,20064,20064,0,0,0,25653248,29917184,25626304,29886272,3,0
drain,117,Trimming,4096,0,1,0,1,40192,40192,40192,40192,20064,20064,0,0,0,29917184,34181120,29886272,34146240,3,0
drain,118,Trimming,4096,0,1,0,1,40192,40192,40192,40192,20064,20064,0,0,0,34181120,38445056,34146240,38406208,3,0
drain,119,Trimming,4096,0,1,0,1,40192,40192,40192,40192,20064,20064,0,0,0,38445056,42708992,38406208,42666176,3,0
drain,120,Trimming,4096,0,1,0,1,40192,40192,40192,40192,20064,20064,0,0,0,42708992,46972928,42666176,46926144,3,0
drain,121,Trimming,4096,0,1,0,1,40192,40192,40192,40192,20064,20064,0,0,0,46972928,51236864,46926144,51186112,3,0
drain,122,Trimming,4096,0,1,0,1,40192,40192,40192,40192,20064,20064,0,0,0,51236864,55500800,51186112,55446080,3,0
drain,123,Trimming,4096,0,1,0,1,40192,40192,40192,40192,20064,20064,0,0,0,55500800,59764736,55446080,59706048,3,0
drain,124,Trimming,4096,0,1,0,1,40192,40192,40192,40192,20064,20064,0,0,0,59764736,64028672,59706048,63966016,3,0
drain,125,Trimming,4096,0,1,0,1,40192,40192,40192,40192,20064,20064,0,0,0,64028672,68292608,63966016,68225984,3,0
drain,126,Trimming,4096,0,1,0,1,40192,40192,40192,40192,20064,20064,0,0,0,68292608,72556544,68225984,72485952,3,0
drain,127,Trimming,4096,0,1,0,1,40192,40192,40192,40192,20064,20064,0,0,0,72556544,76820480,72485952,76745920,3,0
drain,128,Trimming,4096,0,1,0,1,40192,40192,40192,40192,20064,20064,0,0,0,76820480,81084416,76745920,81005888,3,0
drain,129,Trimming,4096,0,1,0,1,40192,40192,40192,40192,20064,20064,0,0,0,81084416,85348352,81005888,85265856,3,0
drain,130,Trimming,4096,0,1,0,1,40192,40192,40192,40192,20064,20064,0,0,0,85348352,89612288,85265856,89525824,3,0
drain,131,Trimming,4096,0,1,0,1,40192,40192,40192,40192,20064,20064,0,0,0,89612288,93876224,89525824,93785792,3,0
drain,132,Trimming,4096,0,1,0,1,40192,40192,40192,40192,20064,20064,0,0,0,93876224,98140160,93785792,98045760,3,0
drain,133,Trimming,4096,0,1,0,1,40192,40192,40192,40192,20064,20064,0,0,0,98140160,102404096,98045760,102305728,3,0
drain,134,Trimming,4096,0,1,0,1,40192,40192,40192,40192,20064,20064,0,0,0,102404096,106668032,102305728,106565696,3,0
drain,135,Trimming,4096,0,1,0,1,40192,40192,40192,40192,20064,20064,0,0,0,106668032,110931968,106565696,110825664,3,0
drain,136,Trimming,4096,0,1,0,1,40192,40192,40192,40192,20064,20064,0,0,0,110931968,115195904,110825664,115085632,3,0
drain,137,Trimming,4096,0,1,0,1,40192,40192,40192,40192,20064,20064,0,0,0,115195904,119459840,115085632,119345600,3,0
drain,138,Trimming,4096,0,1,0,1,40192,40192,40192,40192,20064,20064,0,0,0,119459840,123723776,119345600,123605568,3,0
drain,139,Trimming,4096,0,1,0,1,40192,40192,40192,40192,20064,20064,0,0,0,123723776,127987712,123605568,127865536,3,0
drain,140,Trimming,4096,0,1,0,1,40192,40192,40192,40192,20064,20064,0,0,0,127987712,132251648,127865536,132125504,3,0
drain,141,Trimming,4096,0,1,0,1,40192,40192,40192,40192,20064,20064,0,0,0,132251648,136515584,132125504,136385472,3,0
drain,142,Trimming,4096,0,1,0,1,40192,40192,40192,40192,20064,20064,0,0,0,136515584,140779520,136385472,140645440,3,0
drain,143,Trimming,4096,0,1,0,1,40192,40192,40192,40192,20064,20064,0,0,0,140779520,145043456,140645440,144905408,3,0
drain,144,Trimming,4096,0,1,0,1,40192,40192,40192,40192,20064,20064,0,0,0,145043456,149307392,144905408,149165376,3,0
drain,145,Trimming,4096,0,1,0,1,40192,40192,40192,40192,20064,20064,0,0,0,149307392,153571328,149165376,153425344,3,0
drain,146,Trimming,4096,0,1,0,1,40192,40192,40192,40192,20064,20064,0,0,0,153571328,157835264,153425344,157685312,3,0
drain,147,Trimming,4096,0,1,0,1,40192,40192,40192,40192,20064,20064,0,0,0,157835264,162099200,157685312,161945280,3,0
drain,148,Trimming,4096,0,1,0,1,40192,40192,40192,40192,20064,20064,0,0,0,162099200,166363136,161945280,166205248,3,0
drain,149,Trimming,4096,0,1,0,1,40192,40192,40192,40192,20064,20064,0,0,0,166363136,170627072,166205248,170465216,3,0
drain,150,Trimming,4096,0,1,0,1,40192,40192,40192,40192,20064,20064,0,0,0,170627072,174891008,170465216,174725184,3,0
drain,151,Trimming,4096,0,1,0,1,40192,40192,40192,40192,20064,20064,0,0,0,174891008,179154944,174725184,178985152,3,0
drain,152,Trimming,4096,0,1,0,1,40192,40192,40192,40192,20064,20064,0,0,0,179154944,183418880,178985152,183245120,3,0
drain,153,Trimming,4096,0,1,0,1,40192,40192,40192,40192,20064,20064,0,0,0,183418880,187682816,183245120,187505088,3,0
drain,154,Trimming,4096,0,1,0,1,40192,40192,40192,40192,20064,20064,0,0,0,187682816,191946752,187505088,191765056,3,0
drain,155,Trimming,4096,0,1,0,1,40192,40192,40192,40192,20064,20064,0,0,0,191946752,196210688,191765056,196025024,3,0
drain,156,Trimming,4096,0,1,0,1,40192,40192,40192,40192,20064,20064,0,0,0,196210688,200474624,196025024,200284992,3,0
drain,157,Trimming,4096,0,1,0,1,40192,40192,40192,40192,20064,20064,0,0,0,200474624,204738560,200284992,204544960,3,0
drain,158,Trimming,4096,0,1,0,1,40192,40192,40192,40192,20064,20064,0,0,0,204738560,209002496,204544960,208804928,3,0
drain,159,Trimming,4096,0,1,0,1,40192,40192,40192,40192,20064,20064,0,0,0,209002496,213266432,208804928,213064896,3,0
drain,160,Trimming,4096,0,1,0,1,40192,40192,40192,40192,20064,20064,0,0,0,213266432,217530368,213064896,217324864,3,0
drain,161,Trimming,4096,0,1,0,1,40192,40192,40192,40192,20064,20064,0,0,0,217530368,221794304,217324864,221584832,3,0
drain,162,Trimming,4096,0,1,0,1,40192,40192,40192,40192,20064,20064,0,0,0,221794304,226058240,221584832,225844800,3,0
drain,163,Trimming,4096,0,1,0,1,40192,40192,40192,40192,20064,20064,0,0,0,226058240,230322176,225844800,230104768,3,0
drain,164,Trimming,4096,0,1,0,1,40192,40192,40192,40192,20064,20064,0,0,0,230322176,234586112,230104768,234364736,3,0
drain,165,Trimming,4096,0,1,0,1,40192,40192,40192,40192,20064,20064,0,0,0,234586112,238850048,234364736,238624704,3,0
drain,166,Trimming,4096,0,1,0,1,40192,40192,40192,40192,20064,20064,0,0,0,238850048,243113984,238624704,242884672,3,0
drain,167,Trimming,4096,0,1,0,1,40192,40192,40192,40192,20064,20064,0,0,0,243113984,247377920,242884672,247144640,3,0
drain,168,Trimming,4096,0,1,0,1,40192,40192,40192,40192,20064,20064,0,0,0,247377920,251641856,247144640,251404608,3,0
drain,169,Trimming,4096,0,1,0,1,40192,40192,40192,40192,20064,20064,0,0,0,251641856,255905792,251404608,255664576,3,0
drain,170,Trimming,4096,0,1,0,1,40192,40192,40192,40192,20064,20064,0,0,0,255905792,260169728,255664576,259924544,3,0
drain,171,Trimming,4096,0,1,0,1,40192,40192,40192,40192,20064,20064,0,0,0,260169728,264433664,259924544,264184512,3,0
drain,172,Trimming,4096,0,1,0,1,40192,40192,40192,40192,20064,20064,0,0,0,264433664,268697600,264184512,268444480,3,0
drain,173,Trimming,4096,0,1,0,1,40192,40192,40192,40192,20064,20064,0,0,0,268697600,272891904,268444480,268444480,1,0
drain,174,Trimming,4096,0,1,0,1,40192,40192,40192,40192,20064,20064,0,0,0,272891904,277086208,268444480,268444480,1,0
drain,175,Trimming,4096,0,1,0,1,40192,40192,40192,40192,20064,20064,0,0,0,277086208,281280512,268444480,268444480,1,0
drain,176,Trimming,4096,0,1,0,1,40192,40192,40192,40192,20064,20064,0,0,0,281280512,285474816,268444480,268444480,1,0
drain,177,Trimming,4096,0,1,0,1,40192,40192,40192,40192,20064,20064,0,0,0,285474816,289669120,268444480,268444480,1,0
drain,178,Trimming,4096,0,1,0,1,40192,40192,40192,40192,20064,20064,0,0,0,289669120,293863424,268444480,268444480,1,0
drain,179,Trimming,4096,0,1,0,1,40192,40192,40192,40192,20064,20064,0,0,0,293863424,298057728,268444480,268444480,1,0
drain,180,Trimming,4096,0,1,0,1,40192,40192,40192,40192,20064,20064,0,0,0,298057728,302252032,268444480,268444480,1,0
drain,181,Trimming,4096,0,1,0,1,40192,40192,40192,40192,20064,20064,0,0,0,302252032,306446336,268444480,268444480,1,0
drain,182,Trimming,4096,0,1,0,1,40192,40192,40192,40192,20064,20064,0,0,0,306446336,310640640,268444480,268444480,1,0
drain,183,Trimming,4096,0,1,0,1,40192,40192,40192,40192,20064,20064,0,0,0,310640640,314834944,268444480,268444480,1,0
drain,184,Trimming,4096,0,1,0,1,40192,40192,40192,40192,20064,20064,0,0,0,314834944,319029248,268444480,268444480,1,0
drain,185,Trimming,4096,0,1,0,1,40192,40192,40192,40192,20064,20064,0,0,0,319029248,323223552,268444480,268444480,1,0
drain,186,Trimming,4096,0,1,0,1,40192,40192,40192,40192,20064,20064,0,0,0,323223552,327417856,268444480,268444480,1,0
drain,187,Trimming,4096,0,1,0,1,40192,40192,40192,40192,20064,20064,0,0,0,327417856,331612160,268444480,268444480,1,0
drain,188,Trimming,4096,0,1,0,1,40192,40192,40192,40192,20064,20064,0,0,0,331612160,335806464,268444480,268444480,1,0
drain,189,Trimming,4096,0,1,0,1,40192,40192,40192,40192,20064,20064,0,0,0,335806464,340000768,268444480,268444480,1,0
drain,190,Trimming,4096,0,1,0,1,40192,40192,40192,40192,20064,20064,0,0,0,340000768,344195072,268444480,268444480,1,0
drain,191,Trimming,4096,0,1,0,1,40192,40192,40192,40192,20064,20064,0,0,0,344195072,348389376,268444480,268444480,1,0
drain,192,Trimming,4096,0,1,0,1,40192,40192,40192,40192,20064,20064,0,0,0,348389376,352583680,268444480,268444480,1,0
drain,193,Trimming,4096,0,1,0,1,40192,40192,40192,40192,20064,20064,0,0,0,352583680,356777984,268444480,268444480,1,0
drain,194,Trimming,4096,0,1,0,1,40192,40192,40192,40192,20064,20064,0,0,0,356777984,360972288,268444480,268444480,1,0
drain,195,Trimming,4096,0,1,0,1,40192,40192,40192,40192,20064,20064,0,0,0,360972288,365166592,268444480,268444480,1,0
drain,196,Trimming,4096,0,1,0,1,40192,40192,40192,40192,20064,20064,0,0,0,365166592,369360896,268444480,268444480,1,0
drain,197,Trimming,4096,0,1,0,1,40192,40192,40192,40192,20064,20064,0,0,0,369360896,373555200,268444480,268444480,1,0
drain,198,Trimming,4096,0,1,0,1,40192,40192,40192,40192,20064,20064,0,0,0,373555200,377749504,268444480,268444480,1,0
drain,199,Trimming,4096,0,1,0,1,40192,40192,40192,40192,20064,20064,0,0,0,377749504,381943808,268444480,268444480,1,0
drain,200,Trimming,4096,0,1,0,1,40192,40192,40192,40192,20064,20064,0,0,0,381943808,386138112,268444480,268444480,1,0
drain,201,Trimming,4096,0,1,0,1,40192,40192,40192,40192,20064,20064,0,0,0,386138112,390332416,268444480,268444480,1,0
drain,202,Trimming,4096,0,1,0,1,40192,40192,40192,40192,20064,20064,0,0,0,390332416,394526720,268444480,268444480,1,0
drain,203,Trimming,4096,0,1,0,1,40192,40192,40192,40192,20064,20064,0,0,0,394526720,398721024,268444480,268444480,1,0
drain,204,Trimming,4096,0,1,0,1,40192,40192,40192,40192,20064,20064,0,0,0,398721024,402915328,268444480,268444480,1,0
drain,205,Trimming,4096,0,1,0,1,40192,40192,40192,40192,20064,20064,0,0,0,402915328,407109632,268444480,268444480,1,0
drain,206,Trimming,4096,0,1,0,1,40192,40192,40192,40192,20064,20064,0,0,0,407109632,411303936,268444480,268444480,1,0
drain,207,Trimming,4096,0,1,0,1,40192,40192,40192,40192,20064,20064,0,0,0,411303936,415498240,268444480,268444480,1,0
drain,208,Trimming,4096,0,1,0,1,40192,40192,40192,40192,20064,20064,0,0,0,415498240,419692544,268444480,268444480,1,0
drain,209,Trimming,4096,0,1,0,1,40192,40192,40192,40192,20064,20064,0,0,0,419692544,423886848,268444480,268444480,1,0
drain,210,Trimming,4096,0,1,0,1,40192,40192,40192,40192,20064,20064,0,0,0,423886848,428081152,268444480,268444480,1,0
drain,211,Trimming,4096,0,1,0,1,40192,40192,40192,40192,20064,20064,0,0,0,428081152,432275456,268444480,268444480,1,0
drain,212,Trimming,4096,0,1,0,1,40192,40192,40192,40192,20064,20064,0,0,0,432275456,436469760,268444480,268444480,1,0
drain,213,Trimming,4096,0,1,0,1,40192,40192,40192,40192,20064,20064,0,0,0,436469760,440664064,268444480,268444480,1,0
drain,214,Trimming,4096,0,1,0,1,40192,40192,40192,40192,20064,20064,0,0,0,440664064,444858368,268444480,268444480,1,0
drain,215,Trimming,4096,0,1,0,1,40192,40192,40192,40192,20064,20064,0,0,0,444858368,449052672,268444480,268444480,1,0
drain,216,Trimming,4096,0,1,0,1,40192,40192,40192,40192,20064,20064,0,0,0,449052672,453246976,268444480,268444480,1,0
drain,217,Trimming,4096,0,1,0,1,40192,40192,40192,40192,20064,20064,0,0,0,453246976,457441280,268444480,268444480,1,0
drain,218,Trimming,4096,0,1,0,1,40192,40192,40192,40192,20064,20064,0,0,0,457441280,461635584,268444480,268444480,1,0
drain,219,Trimming,4096,0,1,0,1,40192,40192,40192,40192,20064,20064,0,0,0,461635584,465829888,268444480,268444480,1,0
drain,220,Trimming,4096,0,1,0,1,40192,40192,40192,40192,20064,20064,0,0,0,465829888,470024192,268444480,268444480,1,0
drain,221,Trimming,4096,0,1,0,1,40192,40192,40192,40192,20064,20064,0,0,0,470024192,474218496,268444480,268444480,1,0
drain,222,Trimming,4096,0,1,0,1,40192,40192,40192,40192,20064,20064,0,0,0,474218496,478412800,268444480,268444480,1,0
drain,223,Trimming,4096,0,1,0,1,40192,40192,40192,40192,20064,20064,0,0,0,478412800,482607104,268444480,268444480,1,0
drain,224,Trimming,4096,0,1,0,1,40192,40192,40192,40192,20064,20064,0,0,0,482607104,486801408,268444480,268444480,1,0
drain,225,Trimming,4096,0,1,0,1,40192,40192,40192,40192,20064,20064,0,0,0,486801408,490995712,268444480,268444480,1,0
drain,226,Trimming,4096,0,1,0,1,40192,40192,40192,40192,20064,20064,0,0,0,490995712,495190016,268444480,268444480,1,0
drain,227,Trimming,4096,0,1,0,1,40192,40192,40192,40192,20064,20064,0,0,0,495190016,499384320,268444480,268444480,1,0
drain,228,Trimming,4096,0,1,0,1,40192,40192,40192,40192,20064,20064,0,0,0,499384320,503578624,268444480,268444480,1,0
drain,229,Trimming,4096,0,1,0,1,40192,40192,40192,40192,20064,20064,0,0,0,503578624,507772928,268444480,268444480,1,0
drain,230,Trimming,4096,0,1,0,1,40192,40192,40192,40192,20064,20064,0,0,0,507772928,511967232,268444480,268444480,1,0
drain,231,Trimming,4096,0,1,0,1,40192,40192,40192,40192,20064,20064,0,0,0,511967232,516161536,268444480,268444480,1,0
drain,232,Trimming,4096,0,1,0,1,40192,40192,40192,40192,20064,20064,0,0,0,516161536,520355840,268444480,268444480,1,0
drain,233,Trimming,4096,0,1,0,1,40192,40192,40192,40192,20064,20064,0,0,0,520355840,524550144,268444480,268444480,1,0
drain,234,Trimming,4096,0,1,0,1,40192,40192,40192,40192,20064,20064,0,0,0,524550144,528744448,268444480,268444480,1,0
drain,235,Trimming,4096,0,1,0,1,40192,40192,40192,40192,20064,20064,0,0,0,528744448,532938752,268444480,268444480,1,0
drain,236,Trimming,4096,0,1,0,1,40192,40192,40192,40192,20064,20064,0,0,0,532938752,537133056,268444480,268444480,1,0
drain,237,Trimming,4096,0,1,0,1,40192,40192,40192,40192,20064,20064,0,0,0,537133056,541327360,268444480,268444480,1,0
drain,238,Trimming,4096,0,1,0,1,40192,40192,40192,40192,20064,20064,0,0,0,541327360,545521664,268444480,268444480,1,0
drain,239,Trimming,4096,0,1,0,1,40192,40192,40192,40192,20064,20064,0,0,0,545521664,549715968,268444480,268444480,1,0
drain,240,Trimming,4096,0,1,0,1,40192,40192,40192,40192,20064,20064,0,0,0,549715968,553910272,268444480,268444480,1,0
drain,241,Trimming,4096,0,1,0,1,40192,40192,40192,40192,20064,20064,0,0,0,553910272,558104576,268444480,268444480,1,0
drain,242,Trimming,4096,0,1,0,1,40192,40192,40192,40192,20064,20064,0,0,0,558104576,562298880,268444480,268444480,1,0
drain,243,Trimming,4096,0,1,0,1,40192,40192,40192,40192,20064,20064,0,0,0,562298880,566493184,268444480,268444480,1,0
drain,244,Trimming,4096,0,1,0,1,40192,40192,40192,40192,20064,20064,0,0,0,566493184,570687488,268444480,268444480,1,0
drain,245,Trimming,4096,0,1,0,1,40192,40192,40192,40192,20064,20064,0,0,0,570687488,574881792,268444480,268444480,1,0
drain,246,Trimming,4096,0,1,0,1,40192,40192,40192,40192,20064,20064,0,0,0,574881792,579076096,268444480,268444480,1,0
drain,247,Trimming,4096,0,1,0,1,40192,40192,40192,40192,20064,20064,0,0,0,579076096,583270400,268444480,268444480,1,0
drain,248,Trimming,4096,0,1,0,1,40192,40192,40192,40192,20064,20064,0,0,0,583270400,587464704,268444480,268444480,1,0
drain,249,Trimming,4096,0,1,0,1,40192,40192,40192,40192,20064,20064,0,0,0,587464704,591659008,268444480,268444480,1,0
drain,250,Trimming,4096,0,1,0,1,40192,40192,40192,40192,20064,20064,0,0,0,591659008,595853312,268444480,268444480,1,0
drain,251,Trimming,4096,0,1,0,1,40192,40192,40192,40192,20064,20064,0,0,0,595853312,600047616,268444480,268444480,1,0
drain,252,Trimming,4096,0,1,0,1,40192,40192,40192,40192,20064,20064,0,0,0,600047616,604241920,268444480,268444480,1,0
drain,253,Trimming,4096,0,1,0,1,40192,40192,40192,40192,20064,20064,0,0,0,604241920,608436224,268444480,268444480,1,0
drain,254,NoProgress,3836,0,1,1000,1,40192,40192,40192,40192,20064,20064,0,0,0,608436224,612368304,268444480,612368304,1,1
